X1,X2,X3,X4,X5,X6,X7,X8,X9,X10,BAD,B1,Y,business_score,S,Y_obs,p_accept,ipw,ipw_norm
-0.808253278056905,0.7148458150529693,0.03837002381133596,1.0886277258418602,-1.4201810549223448,0.19773612678223465,-0.10630799215816454,0.01777062822279798,0.35644111212353585,-0.14474255579499676,GOOD,0,0,-0.19730505829045666,1,0.0,0.24459406248713814,4.088406684248865,0.8476335926883325
-2.1364710128675486,-2.0741253704067573,-0.34752899289413064,-1.0620080413629769,-0.09626509905956808,-0.5402239128062823,0.8047997915349784,-0.582081898942726,1.355681829582407,0.33479222224752186,BAD,1,1,-1.8072490084233055,0,,0.0003819519691289834,1000.0,1000.0
0.00237317485420413,-0.3207214425056353,-0.12856543154526276,-0.28967654343563054,0.7034996730649041,-1.7885188722404304,0.968152682372355,-1.3731437409910254,-0.8940400331875573,1.3805400268982153,BAD,1,1,-0.07837908689653814,0,,0.058304629278324534,17.151296773132255,17.151296773132255
-0.25065505333995647,-1.7773567748390031,-0.8546117717920864,1.2984193443944538,1.508473699859843,0.13920799755829105,1.3627940878365463,0.8447186821681648,-0.7977028622292254,1.345658533472492,BAD,0,1,-0.6051901109553964,0,,0.012978881513647072,77.0482417108529,77.0482417108529
1.1545836536835894,0.17655580084185238,0.3986864471683304,-0.7645236789905788,-0.6514870139236872,-1.3380428603616008,1.7778355670502801,-0.06802109100978877,-1.208961319665956,0.7462305605136367,BAD,1,1,0.6266577804434211,0,,0.3268570896831953,3.0594410571581765,3.0594410571581765
-0.7372621615773305,-0.006598203487616498,0.27650295204355396,-0.5852677365383244,2.2812721074024944,1.1535198870555938,1.2972505366193468,-0.22290652406605962,0.34421346303858386,-1.998282087632246,BAD,1,1,-0.2594303969299487,0,,0.035746745911896936,27.974574314110875,27.974574314110875
-0.38515756062353546,-0.5004671163504015,-1.1377959030271023,0.1285025122313227,0.8432341164232815,-1.4029158094796281,0.01759992778379183,1.8539641911806326,0.6234016294038589,-0.5492257226675166,BAD,1,1,-0.40515512052276054,0,,0.0231090735832345,43.27304581891566,43.27304581891566
1.0341691600197098,-0.2716945358506792,1.468279295492582,-0.6923900126873692,0.43031257692041514,0.919301608669477,-1.0009459165866128,2.006049833157912,0.7696582428716685,-1.1651767386076535,BAD,1,1,0.5921269501436839,1,1.0,0.3073550758196944,3.2535659199154927,0.6745492762183384
-0.22259580457393835,-0.1760555922366837,-0.796984636713239,1.5421441861453176,0.8810225835995372,1.7937904899382684,-0.41282905613501164,-1.1148407609932915,-1.096281553132742,-0.09476271985340069,GOOD,1,0,-0.11678781367574811,0,,0.29144450743250766,3.4311849237082592,3.4311849237082592
0.648762314938272,0.6093119214816022,-1.5566002243327224,-0.7786721659189303,0.6005756585582821,-1.2173676877801605,0.7384151452362226,0.02299070536745319,-0.6822685758169282,0.8191313300288188,BAD,0,1,0.36324394031391544,0,,0.18353405189144373,5.448580193671513,5.448580193671513
-1.219548911880462,-0.481779081559203,-1.7672789072530597,-0.6103355087534506,1.7334197335104005,1.060249977711208,0.5058221283455854,1.0561138921923015,-1.2496036104467865,0.77212446947439,BAD,1,1,-0.8837944074548177,0,,0.005794353145838242,172.58181799261644,172.58181799261644
-2.1503993611555425,0.06895659361416402,0.00945583339502008,-0.795215557644392,0.6715053855442408,-1.4830668140755154,-0.1610444817026834,-0.34789771373063666,-0.41404176748924165,0.33374859054090517,BAD,0,1,-1.0766209459077196,0,,0.0033358958944350162,299.7695466660733,299.7695466660733
0.5708166717972424,0.9114872277854996,-0.3022998396168013,-2.091922245950683,-0.37834187454000506,-0.977831171644029,-0.5024439301629023,1.1137324694427062,-0.6702242261982462,-0.3544401787737543,BAD,1,1,0.4276462314824826,0,,0.2133111847270296,4.687986714244176,4.687986714244176
0.28840266167731926,-1.5645051152669296,-0.8753148828523241,-1.4564212786978643,-0.2710466372657011,0.127102965800425,0.8095506060632216,1.891959044842051,0.008731038184295622,0.2652899759207638,BAD,1,1,-0.4901514577353336,0,,0.017678318116544318,56.56646709305148,56.56646709305148
-0.7336108837577855,-0.5816510748833882,-1.315583243557815,1.7085887406456097,0.2794328861078714,-0.10325107918881482,1.6746108935783048,0.27618727073049965,0.9201400118619611,1.5400450539247932,BAD,0,1,-0.5750173702416103,0,,0.014191923273316165,70.4626131878977,70.4626131878977
-0.20846892700574535,-0.35871014116976846,-0.6277248828430068,-0.5857047946451434,-0.7691722834512746,-0.741723165448786,0.6940508344300708,-0.09522896898741048,0.37052873102232564,-1.070719442325414,BAD,1,1,-0.3345132705898459,0,,0.027990342772475325,35.72660785645552,35.72660785645552
1.1100008687629395,-0.8706358725550741,-0.0440429878313537,-0.08674639175942468,0.7138518649577155,0.18900662205753851,1.4694775818174413,-0.682173504830947,-0.08280882147580614,-1.583991755550728,BAD,0,1,0.34146883822833934,0,,0.1739147552115513,5.749943406375106,5.749943406375106
-0.7099463554015418,0.9071340170807703,-0.32330964199464995,1.0811543121638694,1.6882295263029605,0.254459742129625,0.18473638243374824,-0.1739155226491519,-0.7415818620624056,0.6741661609129207,BAD,0,1,0.026338495011943863,0,,0.07940207466685249,12.594129362434204,12.594129362434204
-1.341192092810752,0.1379875725041552,0.7800431541551157,0.48669587923112334,-0.6647352056770366,-1.204047524426513,0.17254732987558635,0.8059834326652149,1.279221063744146,-0.46393585695803224,BAD,1,1,-0.5647634456896036,0,,0.014763745425374699,67.73348978784767,67.73348978784767
0.23343311870793118,0.8290567458178512,0.67870368697588,-1.1154354646306954,-0.10393644103590635,-0.29300156828175755,0.45922459425884693,1.4392436230917254,-0.04438488567068299,1.3928813457261653,BAD,1,1,0.38991539029148803,0,,0.19727577890959255,5.0690460102468,5.0690460102468
-0.6541183321032251,-0.768662658233553,-0.9701508358758765,0.31434860887191146,-0.7253403837498188,-1.1871155943889546,-1.6281457280931149,0.8211403459318223,-0.2884556158799418,-0.1107662122164189,GOOD,1,0,-0.6749102122502272,0,,0.07269010412157043,13.757030782725966,13.757030782725966
-1.1927082123484898,0.9059064556897761,-0.11033751258126516,-0.9668870356169144,1.5697333822572919,1.094534222872464,0.962437095583402,0.906700812097106,1.7602727182818783,1.0176284959132584,BAD,0,1,-0.30804546114471126,0,,0.03116388865729477,32.088421666399526,32.088421666399526
-0.011579465480792603,-0.04897766962718722,-0.3998524686787015,-2.2241784350669502,0.39881132657238244,0.6496983285383273,0.7650988525274028,0.028059981126228217,1.80241704391918,-0.6381786880449584,BAD,0,1,-0.14136318420001967,0,,0.04853930230056393,20.60186184399239,20.60186184399239
-0.6294458606293386,-0.3022844248616988,1.0396388948858852,-0.9309696527726209,-1.277629080640249,-0.9443200259389776,-0.3188074229604005,-2.0842708835548924,1.2703115446925113,0.030877752980638058,BAD,1,1,-0.40814182679737293,0,,0.022842219878236546,43.77858217505266,43.77858217505266
-0.7077880082031884,-0.28824269480756903,0.3752751708285271,0.04209531864771717,-0.08995684027341459,1.3144282945889443,-0.2055219060653654,-0.9611185195569437,-0.8770797047105753,-0.3493805390110045,BAD,0,1,-0.4042564151857928,0,,0.023291226954697493,42.934620917354245,42.934620917354245
0.20174018206511424,0.08553096050357836,-1.2300540162954319,1.9510103259092755,-0.8511960209677402,-0.750661177375109,1.5174369300381494,-0.030910445265010834,-0.6763535255810728,-0.867185808945698,GOOD,0,0,0.07289027879653996,0,,0.4146268452457461,2.411807174249192,2.411807174249192
-0.5503252281564642,-0.47723940826954536,1.5311682523220083,0.01365192467740471,1.709242296658978,-0.7713580225221913,1.5801420664939267,0.6120716439051349,-0.9708433202037383,-0.5133377582280326,BAD,0,1,-0.1789487965332906,0,,0.04488906180036999,22.27714191147915,22.27714191147915
-0.45167227065102006,-1.1375423986557498,-0.1358767522771864,0.6343790937890926,-0.01355791803045103,0.3758968273279552,-0.23658235285975457,0.9791413360462421,1.0937481979752155,-1.3836221562341127,GOOD,1,0,-0.5490289523043024,0,,0.10253673541041,9.752602284414795,9.752602284414795
-0.9922396583265071,1.2603438721792484,-1.3490766043444686,-0.41883139041301115,-0.060691845885141545,1.2331176704274283,-1.5264646882570332,1.15440811805863,-0.5425346315669004,1.0760817328140946,BAD,0,1,-0.2737436539400839,0,,0.03385863454100593,29.534563739979166,29.534563739979166
-0.45963658537180774,0.6490343319935246,1.0483560081985364,-2.003033490203794,1.4047731168255684,1.572480738078738,-0.9415918767466612,-1.3860028834332372,0.9058579492965245,0.6640283233778684,BAD,1,1,0.04614766401866476,0,,0.08309869208550473,12.033883745980575,12.033883745980575
2.118797867010844,0.31783329156664414,-0.05685767909322585,0.49336797667625715,0.12471789843269093,1.2373952589989932,0.25638795488249755,1.012144486447094,1.2547790185240788,0.44410009739368,BAD,1,1,1.2188114501454177,0,,0.7348727965456152,1.3607797222875262,1.3607797222875262
0.4979084120709739,-2.3382733867223573,-0.7735959733304064,0.6807164316349167,-0.7210278452213854,0.6232216740312264,-1.3283248730961463,1.8356854615940046,0.596469164632437,1.11694972800202,GOOD,0,0,-0.5231264584798865,0,,0.10753954348153956,9.29890501322113,9.29890501322113
-0.4214979159215406,-0.8111909845152906,0.513351620680466,0.5596049961465587,1.2372073277017173,-0.029767490708398948,0.6416766584030617,0.9613836526151365,0.021426850029034734,-0.26229033898779075,BAD,0,1,-0.3121399005385175,0,,0.030495497437527674,32.791726124441006,32.791726124441006
0.20734902788956122,-0.40800572079704767,-0.9847091574385742,-0.05325385960763708,-0.542557289278743,0.09498250661407558,1.8399714829058864,0.29505979145211914,-2.042499754030473,0.17774789041522038,BAD,1,1,-0.1344919531742697,0,,0.04920137718103464,20.324634335346694,20.324634335346694
-0.010027245263731388,-0.7650440765531352,0.11139191480130796,-1.0831436373754542,-0.7752892613239524,0.13709833236789584,0.3982485625926226,0.4715904875160344,0.2672589441714726,-0.08696044863427461,BAD,1,1,-0.30730441913566076,0,,0.030197229398096596,33.11562086762279,33.11562086762279
-1.0105829827223798,0.32372229098315236,-0.29765994093546305,-0.22443489989313756,1.076409372699209,-0.898058952729991,-0.5360886213031173,-1.8376725610117535,-1.34352909699076,0.15698317225553554,BAD,0,1,-0.3973997531321103,0,,0.023975835647257013,41.708660949817876,41.708660949817876
0.37329387064614367,0.6665130322088056,-0.8381316841805241,-2.5326049839908977,-0.8982604669406716,0.013784311971016849,-0.2688045112135019,1.3727141910749432,-1.301497992003889,-0.25812009439425154,BAD,1,1,0.1509599482119752,0,,0.10653044627268378,9.386987804785129,9.386987804785129
0.35791137249758725,-0.7807087381324167,1.3278862845253863,-0.16191813343796396,1.4949969122750428,0.9465516110999885,-0.29811446939434305,1.0586392558400066,-0.9279305898128927,-1.914395863923052,BAD,1,1,0.1549350255243969,0,,0.11028259731074724,9.067613788440836,9.067613788440836
-0.6631329812615016,-2.2740700537314673,1.1667980284973485,-0.7249330776348837,0.7411405179848544,-1.0020134142607244,-0.7316650418582739,0.5963143554325262,0.5363444440333102,-1.379225616134922,BAD,0,1,-0.9033325406055541,0,,0.005435752996955434,183.96715240006307,183.96715240006307
-0.07025913864657889,-0.1984645793887397,0.8793549644413603,1.8423575600869702,0.4389061264157177,-0.5015072552366079,-1.1867017747214637,-0.8649518942401881,-1.200706500901,-0.6635511337281935,BAD,1,1,0.11586384697881211,0,,0.0998919748819542,10.010814193850253,10.010814193850253
-1.1604505895963486,0.29442208903978195,-1.0099153635800724,-0.08405908275243704,0.6364125215344348,-0.12031642840440407,-0.29672975912512006,0.2543420370586476,1.6347076109296752,-0.7216707082208504,BAD,1,1,-0.5689318204634131,0,,0.014539610577227928,68.7776329832526,68.7776329832526
0.8493202690407095,-0.7171971284211488,0.6271956315522539,-0.844608668797061,0.12548690045124972,0.01971106661270503,0.3312851879047735,1.392872207641418,-0.365800592740796,2.2751079842809023,BAD,1,1,0.2552670689712184,0,,0.14044229910055006,7.120361930874168,7.120361930874168
-0.7688810631336986,-0.9792940772146265,1.1373522391416644,0.7008739180657806,0.5920515593160753,1.2598793765169944,0.1322846980257473,-1.2663524708219718,0.21908701821238732,-0.011800144206460887,BAD,0,1,-0.5032095163238576,0,,0.017637095446827542,56.69867824976102,56.69867824976102
0.4140103003585671,0.9538202262303097,3.8191921901752024,1.3517840163670587,-0.2210508317846135,-0.440128120093882,0.8165132932025637,-0.20531006812362246,2.2810937142497263,-0.6610263937269415,BAD,1,1,0.952265778774292,0,,0.5681744078667537,1.76002295449132,1.76002295449132
-1.077897443541954,1.7298949545025528,0.6043169202200934,-0.5403223084968036,1.2297802345679927,-1.7250009173301528,1.3058102997965317,-0.37483135229591485,-2.12988392980997,0.056965361065359384,BAD,1,1,0.07753239397482571,0,,0.0914845666973056,10.930805447313245,10.930805447313245
0.6560105088937781,0.005411040577460287,-0.737470633061621,1.1188902572116768,-1.0883669920250287,1.1835867409108134,0.3747819439333432,-1.0219953285263044,-0.20161303094544727,0.5008709554970783,BAD,0,1,0.2777771486249592,0,,0.14827542948172492,6.744205722386734,6.744205722386734
-0.2752621953166038,0.20323338404762184,1.0072323969218688,-2.3907313030014197,0.012591206146383323,1.170395377675313,-1.992973774672225,-1.0660015426620482,1.1039071878792086,0.33533733148199024,GOOD,0,0,-0.08605800846634735,1,0.0,0.30896783601424527,3.236582852442589,0.6710282423269728
-0.33064387147695085,0.4522332723500524,-0.5305183143587244,-0.28145821900384405,-0.644127873869327,-1.1300262257452833,-1.1617665339422667,0.16933309281863,-0.059698139612798386,1.105836446597426,GOOD,1,0,-0.11970555355244614,0,,0.28753956423690924,3.477782275471772,3.477782275471772
-0.7778611228734503,-0.8615176317748384,-0.6942545494589779,0.2623054144947722,1.3356423913172828,0.09958308931347665,0.2622062233457194,-1.7811730924498796,0.36215558198826775,1.0677961559821125,BAD,0,1,-0.6411416794578622,1,1.0,0.011760758315648679,85.02853074273415,17.628637403452334
-0.5293459119955041,0.8972135181135952,1.4873997087131292,0.7197888997690884,0.8676249657473085,-0.011529321983127718,-1.6848761983423606,-1.150148568120466,0.6757485324692473,0.7385683457758524,BAD,1,1,0.23933436541413786,0,,0.13912106550948863,7.187984050710105,7.187984050710105
-0.8154578692172377,3.2529008023011587,-0.3223087497203861,-1.59588136903204,-0.9471392661729446,-0.4661557022161254,-1.1963099714035128,-0.6788102101595077,-0.2281547965833843,-1.4737655176136435,BAD,0,1,0.4234902578256691,0,,0.21515349703352346,4.647844510025269,4.647844510025269
-0.6705440360392078,-1.0580017309286143,1.570041916027879,-0.4234909169704541,2.5425816315767467,0.9198530073693121,0.27977942135967304,-1.0723078000211712,0.5324384386082986,0.1812976400985333,BAD,0,1,-0.3943873477386653,0,,0.02437414862380495,41.02707402971001,41.02707402971001
1.2261930927091997,-1.4096525318112558,-0.9574978383458912,-0.1541851062716691,-0.6174128843489624,-0.11158158538996504,-1.2529628046745824,0.18017323736952684,0.13850840695623637,-0.580345600903891,GOOD,1,0,0.0775137202290026,0,,0.41270326971788823,2.4230484063854654,2.4230484063854654
1.6790709139375262,1.8429948292589102,-0.2410490433934643,-0.4719770498589021,-0.04472071656060326,1.2485175519153424,0.21077639827867464,-0.7236007880901926,0.11570072469252614,1.568495238469606,BAD,0,1,1.3820693368062424,1,1.0,0.8186262325013519,1.2215587044461693,0.2532610557845335
-0.9253439813451969,-1.2524149439011607,1.4930226357142633,0.7854764528549868,-0.9027164538332099,-0.9333172012444224,0.5045797654704761,-0.036368833910613865,0.856155556836564,-0.051342912704208085,BAD,0,1,-0.6993968965321553,0,,0.009899881534108083,101.01130973685875,101.01130973685875
1.0329180459160618,-1.9898222399382914,-0.2780337171101295,0.7656954261085819,0.7441495680026682,-1.7231933239653434,1.0303924263130786,0.05971477069293665,-0.9342158375564429,-1.0624411368884286,GOOD,0,0,-0.017676487150620823,0,,0.3500519284973244,2.8567190139266536,2.8567190139266536
-0.5891073431903397,1.3903853547569527,0.1633494105845106,0.8630847218050487,-2.400654254435443,-0.2157557403547649,-0.17966311319183875,-0.28265362184995074,-0.12952804666948112,-0.291084893126003,GOOD,1,0,0.07388362811252289,1,0.0,0.41718028186277434,2.3970452187597306,0.4969701420461776
-0.915286676221527,-0.20047330203809427,1.397794115099088,-0.9378246476505793,0.5295679831290334,-0.08737078948197063,1.5994972891740282,-0.7969233966924795,-1.6732696348245393,-0.19957759748309556,BAD,0,1,-0.4001896902605512,0,,0.023760790189738895,42.08614242264764,42.08614242264764
-0.33419114415772105,1.0207625049642601,0.19373483339054423,3.1521717541486343,0.6952577982819231,-0.48497500562852636,-0.06274340626219012,-1.621118752243027,1.0312625460620999,-0.7055165360963919,BAD,1,1,0.36015804349943126,0,,0.18728024333371907,5.339591524441136,5.339591524441136
-0.32094617970991796,-0.03218742948789234,0.9242571884155808,-0.10530188835403416,-0.14713637940923255,0.7639739519567251,-1.7750661246399277,0.5439800733216288,0.16920718894614695,-0.9260164082022244,GOOD,1,0,-0.08323401711899905,0,,0.31187003294501237,3.206463893170255,3.206463893170255
-0.7323378102483927,-0.6479921130452116,-0.7855214383236936,1.7347311831934773,-0.44615385943239716,-1.2399203282859266,-0.29178644639701495,-0.6601392708428152,-1.0917976649357448,0.5648569127221107,BAD,0,1,-0.5754657293460747,0,,0.014140315051283795,70.71978215288847,70.71978215288847
-0.013355366888883688,0.5132271699682622,1.0661612691503188,0.4363642618629394,0.15975930390336873,-1.5089482883326277,-1.1991469003003603,-1.1234422977732779,0.5696615963663801,0.024835266227426957,BAD,0,1,0.2963869382344192,0,,0.15852068699210545,6.308324919446012,6.308324919446012
0.6743856996913788,0.5076045771539544,-1.3435344804535878,-0.6271086563292855,-0.06417465757776492,-1.5347653622790542,-0.2838814691027685,2.0122972992517996,-0.6978430052129182,0.32760478280433014,BAD,1,1,0.3419890461847027,0,,0.17382683121334652,5.752851806707844,5.752851806707844
-0.1640254026760564,1.2165805903649098,-0.6268539047283007,-0.2749398078895973,1.1474574385139902,1.1599689740750687,0.702184505359777,-1.28390481061431,1.5223077678776793,-0.17996331764913345,BAD,0,1,0.2759578233245032,0,,0.1507528198776676,6.633375089178941,6.633375089178941
1.1286890507706884,1.1138152328888404,-1.6065319935089997,-1.1924734228509684,-1.2108686407569278,1.2800658496598045,-1.0933014604651943,-0.6190809565476028,0.6215666451505107,0.984356348440219,BAD,1,1,0.6487780907589557,0,,0.33907741567368627,2.9491790186414466,2.9491790186414466
-0.42575171287638475,0.14058402603523037,-0.15851392021065866,-0.872302654977026,0.14648587809511712,-0.03357519221112542,-0.4080154539519419,0.08819553550108837,0.18335151677198827,0.6844372767706286,BAD,1,1,-0.21684983356278237,0,,0.03958393321324419,25.262775040895004,25.262775040895004
0.32128693891873533,-2.4370266994140035,0.9733737109300644,-0.642481126749871,0.2928325635717791,-0.46398126201591683,0.38673364020325446,0.6724964425333426,-1.0909759530149077,-0.5270034201986623,BAD,1,1,-0.48524045104064284,0,,0.018123725281396406,55.1762943033835,55.1762943033835
0.11248681150043593,0.5333662646860794,0.2657401234141504,0.5106942988951843,-0.6255334005329436,1.1907316086258812,0.6701565503321437,-0.5369047713298828,-0.8750993854125558,-1.3820347260227162,BAD,0,1,0.2522970325969481,0,,0.14073984501617665,7.105308378626251,7.105308378626251
-1.1263386193779652,0.7743079009252327,0.5876401455527239,-0.8078825163796293,0.07824444348494682,0.3684196239538122,-2.1173626393489178,-0.3925981653031241,1.6235681199979322,-1.1680857440026324,BAD,1,1,-0.3088146981221477,0,,0.030882411759223623,32.380890708813595,32.380890708813595
-1.1849135987965957,-1.4288891924092415,-0.9226478826311046,-0.3380435296612289,-0.38424745429698326,0.9395100024907839,2.941900104502089,-0.49341368458829266,-0.9297823749135317,0.9259247105235847,BAD,1,1,-1.1588440755450382,0,,0.0025504714381937737,392.0843750785906,392.0843750785906
-0.6654423678480663,-1.481457143764554,-0.3913201768881446,-0.5607590621346954,0.493994887292568,-0.26713582161611676,1.422161444160768,-1.3465196615817676,1.173333010154979,-0.42417481887472464,BAD,1,1,-0.823575448633705,0,,0.006831878347588801,146.37262976922497,146.37262976922497
0.3350393042548078,1.7093797620922129,-0.6158464089070147,-0.5337698988511439,1.5648179056074947,-1.2008712526114405,-1.6140594516647768,-0.12634115842088806,-0.41067155295715857,0.3631710205554516,BAD,0,1,0.6901361432435024,1,1.0,0.37530825336718493,2.664476443105674,0.5524156265579608
-0.3606480890510257,1.6858184306485506,1.093487245295316,1.2027798074235647,0.9957228558241682,-0.799862231420234,-1.2995024562611666,-2.9387002059763834,-0.9159613682267038,-0.686596406267761,BAD,0,1,0.5563429384450918,0,,0.29186805225030577,3.426205753901427,3.426205753901427
-1.5822767860023326,0.5095145953119626,-0.3568770116156504,-2.2175685002493553,-0.5916821178781952,-1.2565064162970065,0.670571381059279,0.09924302883049717,1.5947769886550391,-0.9412733772954048,BAD,1,1,-0.8205514549145854,0,,0.006938428322783294,144.12485846634186,144.12485846634186
2.49123322317737,-0.8231854237780079,0.22371569410373218,-2.63995870211062,-0.1422865130762458,0.858729162145834,-0.4970751819019197,-0.46736430239296334,0.3245662218952315,-0.3694267773440322,BAD,1,1,0.9219522071533811,1,1.0,0.531295593529787,1.8821914056472129,0.39022748628270654
-0.1977972902611956,-0.8546727892795731,0.02359749586524577,-0.1704564684096478,-1.0696662666401626,0.22583874577075078,-0.8676594983663888,0.41841523883774684,-2.305258151983712,0.1621555997620361,GOOD,0,0,-0.40846840041790067,0,,0.14613337742579394,6.843063628689461,6.843063628689461
-0.35241187715519434,-0.12169176759295995,-0.15487598945340703,2.4725130171322265,0.3679205193485643,-0.40139670771987895,-1.2854017963577087,1.624561836467517,-0.06673601881932618,0.32899969445642957,BAD,1,1,-0.08112914938870261,0,,0.05847217954586261,17.10215024934466,17.10215024934466
2.1564860542508852,0.10507521383048164,-0.9805576652808017,-0.049396920050884925,-0.7524218374153625,2.6476411966745768,-1.3795883409555718,0.2690837295860828,0.31266769812927653,0.7065242510745999,GOOD,0,0,1.011168617476946,1,0.0,0.9164024962698754,1.0912235661408605,0.22623917414030156
0.8274128286361956,0.16397417435465422,0.3158578992291316,0.27490700974104015,-0.22900212736725978,-1.061829531326256,0.40996865462657894,-0.6493336048160306,0.7359422260973242,0.34947412980616427,BAD,1,1,0.519168057065864,0,,0.263069458647492,3.8012774464252073,3.8012774464252073
-2.0427365568856946,1.290444218588528,-0.8376595902408928,0.1438341268653443,0.2716418465899371,-0.14759557276086396,-0.21462208438045224,0.5757188543500769,-1.1749041794913795,0.06681752838010814,BAD,1,1,-0.707736852041031,0,,0.009833324948112572,101.6950019730551,101.6950019730551
-0.2519995270668142,0.35658838500266477,-1.5640072716564297,1.1019160881575136,-0.5592725022794671,0.8892250715575287,-0.5831601684906147,-0.18181804005855084,0.6034248599776106,0.09858219421416514,BAD,1,1,-0.13891542629715245,0,,0.04901881687377709,20.400329175120422,20.400329175120422
-0.813627596398329,-1.305957552170469,-0.28141426932430086,0.5461815512241335,0.9842448781567038,-0.8722449947246622,1.1725928573763513,-0.19407168088967788,1.2750782672055103,-0.3846997728895258,BAD,0,1,-0.7561641239617787,0,,0.00840008279812421,119.04644561638203,119.04644561638203
0.2570767251603206,-0.39056285404053814,0.4776799420315086,-0.4558351318211669,0.01689444133412531,-0.36262884758188196,0.5652334493611834,-1.5035812219390507,2.691183923336295,0.08232654879433846,BAD,0,1,0.049992948804640606,0,,0.08250083556641148,12.121089357877114,12.121089357877114
-0.9762315218209106,-0.0751525704189141,0.35280658284312694,0.049037461548016935,1.2860174671016282,-0.26722530141904327,1.3242380220962733,-0.26759192177397656,-0.4694062226879812,-1.4257562814463447,BAD,1,1,-0.4120119103616455,0,,0.02306060139599029,43.3640035152716,43.3640035152716
2.1683598497217034,1.5309306495716881,-0.07665521532270586,0.4893195125776025,1.0402303097379875,0.41738270335268707,-1.7980015253269355,0.2812756770117941,-0.6376182480855755,1.2075044198521985,BAD,1,1,1.6553095209747748,1,1.0,0.9102260901072392,1.0986281440056107,0.22777433671647562
0.17238422867530945,0.10587185773538538,0.48087086224395265,-0.08869658792811017,-0.039457009161627275,-0.1525679565060907,0.20589152720837792,0.7867450333743096,-0.8199048542848791,0.41978802366657564,BAD,0,1,0.17331445264043768,0,,0.11491251312728533,8.702272474820287,8.702272474820287
0.6054626183708427,1.1578817643346628,0.06553709774386787,-1.6260856974451574,0.6956574030042232,-1.8626193673754259,0.5909794781730826,1.5006047337572557,0.7149898086090496,-0.9314866324975759,BAD,0,1,0.6326681483413981,0,,0.33402634504439593,2.9937758348584405,2.9937758348584405
-0.47630382946817945,-0.39181545952786906,0.5549887754565634,-0.7769734738793792,1.4312786618565463,-0.08633708909346176,-1.251981499503004,0.0666570584430671,1.110519843528772,0.7735003270929407,BAD,0,1,-0.26576477915940216,0,,0.034795165328159246,28.73962490388611,28.73962490388611
1.7759935855067666,0.5130743788396454,1.1705269829481435,2.0777122322502035,-0.45592201921402026,0.6491729272546821,-0.17478155445149818,1.0172643432511694,-0.5999830448488669,1.5761667243192063,BAD,1,1,1.2760145978623132,1,1.0,0.7684837407180098,1.3012637054177358,0.26978598628840006
-1.771648115399562,0.7561710387071465,-0.0004190064091080711,-1.6194086438989532,0.6005973140802101,-0.3701676887733479,-0.35325293596845725,-0.33816958213576453,2.1223844451348315,0.12404443549410725,BAD,0,1,-0.7190905377446583,0,,0.009468414487553676,105.61430335717874,105.61430335717874
-0.35010324127495057,-2.3374175030907507,-0.39193394121557984,-1.4363442097827432,-0.7701440029913204,-0.7512618328420142,-0.4729099359137562,-1.04884099046814,1.0984440899245669,-0.245925155686946,GOOD,0,0,-1.0273052910873586,1,0.0,0.026654044417399714,37.51775844371302,7.778412187265105
0.3899429971033619,-0.22795940583767463,1.2652993760910152,1.6850310129308617,-0.4307541449118705,2.4944056179800698,0.6062782036825521,1.897495684900051,-0.3652339819814644,-0.3501200079640903,BAD,1,1,0.33131342950885073,0,,0.1717987747878589,5.820763280965322,5.820763280965322
0.8874790066565631,-1.4181696233434609,1.7326524695395533,1.400537549212823,-0.776528112719804,-0.7750661967244071,-0.039442465091911745,-0.18435061102908676,2.34264998959277,0.24730882154569564,BAD,1,1,0.24048132369676203,0,,0.1356204676178652,7.373518301217468,7.373518301217468
0.13986220576101485,0.7125389403746353,0.3596237434172795,0.7127480011897636,1.0687856807518747,-0.4951739548431621,0.13296228043630337,-0.08289852500467139,0.21421904746683115,0.692696057131838,BAD,0,1,0.42278751159813965,0,,0.2151395378812626,4.648146081599881,4.648146081599881
0.31616934347778797,-0.17888572021406005,-1.0767850088217787,-1.1385197167177394,-0.13057675888246012,-0.3447938471613036,-0.6607359578802224,-0.049491009068181366,-0.37102435419105273,-0.13901760781044623,GOOD,1,0,-0.05230336419359757,0,,0.32727017375310385,3.0555793964726243,3.0555793964726243
-0.5734475462981597,-0.6538367910875328,0.5727994627929842,-0.008263757122173563,-0.14411459170704866,-0.3589184370108233,0.5058759517984223,0.15646945616991476,0.26604793663821075,-0.5081766242450468,BAD,1,1,-0.43184826658102665,0,,0.0214561141149195,46.60676181362451,46.60676181362451
1.397031114430776,-0.8619219742938617,-0.11515634319648775,0.010536697447195188,-0.5196163599941902,-0.24957125769621874,2.2436594507282206,-0.4829965988829622,-2.3689801750315524,-0.9215808226333405,BAD,0,1,0.4289237225524719,0,,0.21223484403583615,4.711761655080297,4.711761655080297
0.026714277801613007,-0.6938752020747251,1.9753281712575461,-1.2203869916654786,-1.1314983848532563,2.527070920782692,-0.736814841652521,0.24991368104672756,-0.4072015719616529,-0.5283333516589073,GOOD,0,0,-0.10430153680484223,0,,0.2962925789233872,3.375042343732043,3.375042343732043
0.24107892253465105,-1.4415215016608294,0.25021786836211923,0.52229574809203,-0.60348124002864,-1.590448585076191,-0.33384317523740825,-0.12214358859249375,-1.1820949222971802,0.5486006434913373,BAD,1,1,-0.28187403404868383,0,,0.032506203121875535,30.76335911181934,30.76335911181934
-1.1809766307020855,0.6233966684726192,-1.0613220038807043,0.8386992187684233,-2.674814438512866,-0.9145892322203668,0.615393492901773,0.11702435033107478,1.0166544966244935,-0.3866112904938636,GOOD,0,0,-0.5999273449944483,0,,0.08910302839116431,11.222963103004506,11.222963103004506
-0.9151106749598286,-1.825942952139401,-0.09737254758720504,0.20540906746208423,-1.225017532656511,-1.6355943658911973,-0.24428399614294058,-1.105079976744775,-1.149463806006193,0.8060292948599197,BAD,0,1,-1.0723812899888,0,,0.0032736119514294687,305.4729805600007,305.4729805600007
0.375179674468392,1.9328307736289065,0.4387293977766493,-0.8574749544508523,1.4978697993519374,-0.003860054042357225,-0.9183389424851244,0.6708870870372063,-0.2870791935038229,-1.9333866169807823,BAD,1,1,0.8648802093464883,1,1.0,0.5023951336875873,1.9904651397794921,0.4126754620699261
0.9028676909648012,-0.40831520780284386,-0.33375727444634623,-1.0860944718884409,1.079404273274736,-0.8339293547395862,-0.9066933774116075,0.47914430143706177,0.42444351582043344,0.9966835305932787,BAD,0,1,0.3147592442585571,0,,0.16318376872705645,6.128060454790786,6.128060454790786
1.1158189890375427,0.42214550402037104,-2.1823257723449716,-0.9066512150662098,-1.412316839028218,-0.3306263767151245,-0.7142440680403475,0.923133250910881,0.40749776579756786,-0.5078891532344042,GOOD,0,0,0.37871936300114234,1,0.0,0.6296467927711199,1.5881920014218283,0.32927372348511524
-0.5802759055533917,0.19100846967687662,-1.4237624268470783,-1.4144792109757476,-0.31306670625260175,0.05620965608259249,0.3177386381077463,1.0803558538320612,-2.1226935791101758,0.9775716617902253,BAD,0,1,-0.45690287445415495,0,,0.019739793171820782,50.659092083473986,50.659092083473986
1.7975728050475188,-0.2874425533098609,-0.01667833844315343,-1.6125403234856799,0.5182024680825488,0.8290558829961525,0.7413309178765323,-1.5378931704299477,-0.362006277249694,-1.103255160475914,BAD,0,1,0.7884135941676098,1,1.0,0.4373539517403517,2.2864775681589817,0.47404657740303846
0.5922088885647733,0.29682919133623076,-0.16467980281744263,0.2809370647501584,1.555888799783944,0.7458685849761907,-0.13393665804209826,-0.22214270831377508,0.43052180752145397,0.4102475225820112,BAD,0,1,0.4780539711230546,0,,0.2425343018438665,4.123128120012312,4.123128120012312
-1.3699336718805524,1.1014952102742372,-0.3635801608824118,-0.9692113409449963,0.4890848020614415,1.3230241030702703,0.19733365034860642,-1.7512711417671416,-1.3725708055045365,0.3885851523804729,BAD,1,1,-0.4175901821564689,0,,0.022641644393894707,44.16640340264547,44.16640340264547
-2.020613925559832,0.43114580639317474,2.0751806602386136,0.2110369402613072,-0.19934792265669268,1.3436927067600135,-0.2138894455706278,0.2796735395285932,0.19058337157147828,-1.0732635177821508,BAD,0,1,-0.6853383500829009,0,,0.010571176223114518,94.59685269586551,94.59685269586551
-0.5841827850151473,0.17603121588817747,1.7411976130876488,0.43469733219864604,-0.18032841398594782,-0.6186647582175671,-0.5532883784963428,-2.0150573279783663,0.5384305334458109,0.023740263110672254,BAD,0,1,-0.04778532859495133,0,,0.06429934861942452,15.552257083019732,15.552257083019732
1.2116386663488123,-1.5451347924726995,0.6830976831702715,0.35618373486097415,-0.11846930012185257,-0.12660063112597814,-0.35432027228237667,1.6226344780340827,0.4878147649765918,-1.1219892377344292,BAD,0,1,0.2429632714180141,1,1.0,0.13552204431488993,7.378873341642243,1.529833356516363
1.0406815179638391,-0.2670710335696844,-0.6772836861850628,-0.6716078230151616,2.6256144457846546,-1.1168006401508905,0.9362535725466031,-0.5661823837482267,-0.5053469214826972,-0.8664172853019196,BAD,0,1,0.4898984288898466,0,,0.24790064194769626,4.033874185009116,4.033874185009116
-0.2809232061201644,-0.48057596253157536,-0.24394028298366904,0.15383110884472104,1.9209391740285784,-2.471385542282654,0.1798731371545325,-0.5795073006729192,-0.8735195279560218,0.16597253072044424,BAD,0,1,-0.20236772278202858,0,,0.04163512704199006,24.018180585626055,24.018180585626055
0.1239621222195463,-0.11581961448364292,-2.070699532029912,0.0009568202579961983,0.530371657515318,-0.05021905452525109,-0.9804683789292968,1.2734626215670555,0.8691888750234134,-0.5739432606882326,GOOD,0,0,-0.14227549484344842,0,,0.2728481918274855,3.6650416970044386,3.6650416970044386
-0.6877051319729444,0.14613061725987778,-0.35366227552682095,0.8036226593591739,1.0422376091367305,-0.023203688289590876,1.4565476429908302,-0.7003515144273369,0.9418889279059758,-1.5039360037769396,BAD,0,1,-0.24187470710058567,1,1.0,0.037338587976543436,26.781944743818713,5.552597330848511
1.995204914958134,-2.0473869177809916,1.0422508937478188,-0.04894159950049813,-0.9883241555598781,0.06264861100813558,1.1726310798401005,-2.1459064909920076,-0.8175495463745879,0.3380181076719186,BAD,1,1,0.4654849470288681,0,,0.22914061990858975,4.364132384729196,4.364132384729196
-0.5788411209471955,-0.3992846345441019,1.4878944321336367,-0.35781685235193555,0.35643089395408944,1.0312821968019672,1.5225430928104695,-1.0164811121806232,1.1284147518659724,-0.9272485993677742,BAD,0,1,-0.2586169730533706,0,,0.035507022325116294,28.163443018217798,28.163443018217798
-0.1727145619853349,0.3318117528760619,0.7176342868325969,0.9238046790574793,0.7087684072732814,0.6326611553098112,-1.661077645229176,0.031528885502400274,1.6090347711218371,0.47177761480283514,BAD,1,1,0.17566370958497235,0,,0.11704873062123325,8.543450191151367,8.543450191151367
-0.05602552122568888,-0.22908559155564331,1.6489152250173131,-1.1188935499947037,1.0187142044310917,-0.26300212959216357,1.5461131054312027,2.009686564224837,-1.7308248186342736,0.0129472531501786,BAD,1,1,0.07162553538357662,0,,0.0885893195027664,11.288042459438609,11.288042459438609
0.4442428644990985,1.047981138249204,0.7449751383676622,0.8482651663582591,-1.362272996752919,0.2928639194353181,-1.0581105967697861,-0.9814152659954689,0.37215376680088175,0.08190939862179951,BAD,1,1,0.607736007974755,1,1.0,0.3176752771145063,3.147868506114655,0.6526354389909811
-0.5235183763865244,-0.44283058848624496,2.1935873310502862,-1.622302683606322,-0.4033477045646312,1.5817619633560467,0.5276460494896736,-1.0221697177322757,1.2415881344210602,-0.7985571588384283,BAD,1,1,-0.27281112810256886,0,,0.03389480070583123,29.503050001056973,29.503050001056973
1.0174041191809822,-0.5667300552958596,-1.4221812560138323,1.5009966877245535,0.09784229152528544,-0.5862928862857453,2.5163900748109724,-0.12217845255771219,1.1503576150924737,-0.4860527435647929,BAD,1,1,0.29741130280248695,0,,0.15561887587312287,6.425955684291839,6.425955684291839
-0.06907959275270223,0.7255376902636066,-1.695273379717824,-1.0466208364833418,0.49381141397504025,-1.2288597226299407,-1.2613771781923562,-0.7693115141357956,-0.4020514738516932,-0.057367971048429334,GOOD,0,0,-0.0019224594775744867,1,0.0,0.3629568256803285,2.755148627183395,0.5712143408450687
0.2772925172108457,1.2030187500810614,-0.05097909198986571,-0.6241849045203527,0.49735882101322426,-0.6984978222948512,-0.1490424446873575,-0.6449049680274452,-1.4176191308588217,-0.6137041991174018,BAD,0,1,0.5067252830553431,0,,0.25805992841175074,3.875068888666967,3.875068888666967
-0.0539723993179173,-0.448133768679389,1.0293742728295219,1.069425676902889,-2.2170464995898196,0.3468839508168896,-1.3818394133932173,0.33640524528082993,1.8607955699188887,-0.5150967702211288,GOOD,0,0,-0.10451951571619782,1,0.0,0.295665533166728,3.3822001140596005,0.7012185076685777
1.1017576064074774,-1.0678527622740026,-0.9445982960407311,-2.1011971049841307,-0.11413232110538522,-1.222003337203902,-2.4550466142310423,-1.1201845678212112,-0.7156252974248424,-0.025760816859393108,GOOD,1,0,0.04637587900454558,0,,0.39066337132962003,2.5597485543538596,2.5597485543538596
-0.5918632272605117,0.6551705283348923,0.09451199914284816,1.183412573203491,-0.2216084475817371,-0.7767689612363475,0.056338944241203906,0.3624726748002601,0.43035789354356024,0.061607686265927775,BAD,1,1,-0.03576784520766112,0,,0.0662401944026554,15.096574051719761,15.096574051719761
-0.3876766335113583,1.5482059998936735,0.9319163634092831,-0.3668328388540765,-1.5327674513107599,-0.6325507885752846,-0.8605729723885422,0.6926734140423703,-1.3995135467888482,-0.03900084187523604,BAD,1,1,0.28310119705830705,1,1.0,0.15265734483224086,6.550618321699005,1.3581144370357252
0.2812797172439337,1.6935524379562927,-1.120545925678785,0.37719073305719614,-1.4279009625147712,0.5145425064242856,0.6731387188703988,1.2379292318494672,0.3395117487785455,-0.40698488871523264,BAD,1,1,0.5068270586532377,0,,0.25577063493803004,3.909752971611801,3.909752971611801
0.6300134201615363,1.317906197692586,0.42267985020187077,0.22947735705149874,-1.423746904438031,-0.29496641914311317,1.0455628167321545,0.281402624016837,1.3638493868191726,-0.3673786513090564,BAD,0,1,0.718900272941668,0,,0.3913561156111777,2.555217511902958,2.555217511902958
0.6595634650916563,0.6790203045104227,-0.40937398914927603,-0.3533177280917433,0.4293192866086668,1.3487878682901,-0.2728913561712935,0.18393634027606545,0.5588657879489666,-1.3713232471471188,BAD,0,1,0.517748547514559,0,,0.26281991693310763,3.8048866755197928,3.8048866755197928
1.8615079791293867,0.07567969491410388,0.31671759658978915,-0.14088196706510941,-0.7959490828613497,-0.1957764631453973,0.3164135992879402,-0.8404959717607442,0.6950459152988785,2.5743774170572635,BAD,1,1,0.9742761185374639,0,,0.5730851350535044,1.7449414385990625,1.7449414385990625
1.9044567667082357,-1.690183693654008,-0.8207162936323243,-0.19034785706266705,-0.3465955310176723,-0.20132502772710895,-0.6978533228188875,-1.38454211237675,-0.849591917908868,-0.5881463095931106,GOOD,0,0,0.36509991372865097,0,,0.6197173708543191,1.6136388086418127,1.6136388086418127
0.3074302518646544,-0.6575191404509574,-0.12518483708270137,-0.9041652092433548,0.07971000908831376,0.4892337648335795,-2.267876921091358,-1.4363920287788075,0.5923394212109696,-0.12518243894874598,GOOD,0,0,-0.08499761969036282,1,0.0,0.30740906453721756,3.25299451239484,0.6744308085004653
-0.2851994371819171,1.0150680787154867,-0.600344327643504,-0.22476104884445314,-1.5619454906072574,0.5183963822937636,0.17884920877518767,-0.45540169600100905,0.2954407593858667,0.5438110446247721,BAD,1,1,0.025773165874367947,0,,0.07707551149488057,12.974289506549963,12.974289506549963
0.8265296723943621,-0.04413634824139941,-0.5689668302493093,0.47280270911403954,-0.46492410983922366,-1.5017116893005522,0.7503006889321506,0.15255593748468754,1.2035328639607124,-0.502194115569242,BAD,0,1,0.36519741917004506,0,,0.18394407604321064,5.436434929087296,5.436434929087296
1.0350975754541878,-0.018085022047890136,0.5185704070897307,-2.140651737225205,-0.11303630982186608,-0.29496022190769794,-0.7133810039783526,0.40959579855118844,-0.4597587794026908,0.19989429431027306,BAD,0,1,0.47590372993692304,0,,0.23748333930854734,4.210821706110348,4.210821706110348
-0.4322117530530746,1.059455516811933,-2.1595920504682318,0.2736075032324234,0.2178924553288528,1.0759409181533681,0.06937008395653746,0.46665199638203264,-1.5287869947378168,-0.9256383920977915,BAD,1,1,-0.08078586416228174,0,,0.05790104239516058,17.27084623408405,17.27084623408405
2.0631448749847663,-0.4111700191985071,-1.891606682178762,0.17977180277517338,-1.298540715115769,0.35551752752193405,0.09274956037327829,-1.3285237951341968,-1.2757732144524097,2.4438249851845635,BAD,1,1,0.699969044146147,0,,0.37027256360163047,2.7007131996846567,2.7007131996846567
0.39652665243358926,0.37606413832639346,-0.41568599706364884,0.6394703540451789,-1.3349808738054065,-1.1435446529486986,1.4539955706634349,0.49278078953368687,0.745025321364784,-0.2316642334315828,BAD,1,1,0.2537176187286243,0,,0.13989054970019094,7.148445710901622,7.148445710901622
-0.591991918247146,0.43706998235851363,-1.221633808976792,0.45926723447903217,-0.6640300542807765,-1.008467464838797,-1.7177348756150825,0.7538895335212024,2.2848903444460555,2.2502509276362734,BAD,0,1,-0.2916018749615939,0,,0.031914989795464074,31.33323890776005,31.33323890776005
0.6577079271066337,0.22260596043089323,0.3318763604869934,1.3096961973406096,0.04613231639449186,-0.873506752741301,-0.0557449266511973,-1.4931085495929537,0.00857057873711778,-0.5994988634208177,GOOD,0,0,0.5165492703247083,1,0.0,0.725005829100906,1.3792992550696035,0.2859647958876642
0.5063944006142317,-2.145886797926322,-1.2164765422632617,0.3817537835356737,-1.0530339481204714,0.5633825171229135,0.22127375522211182,1.1111065417758506,-1.4404514336967367,1.55389897710243,GOOD,1,0,-0.5357425988202548,0,,0.1036086612416416,9.651702743921641,9.651702743921641
0.15571555789835304,0.1447498147110094,-0.5560116328869548,2.035112955294972,0.6657168027518681,-1.1608780143872193,-0.2272470773680726,-1.1455605077655542,-0.09382341620634091,-0.38713935944426325,BAD,1,1,0.21289225934800207,0,,0.12805734339776478,7.809001604022459,7.809001604022459
0.5821550303123487,-0.07915806552111405,0.876792488549103,2.3382325747197967,0.9088631287180774,-0.5098923596697212,0.47057473525496424,1.1840017516404748,-0.4464137471311454,0.283184861263656,BAD,0,1,0.533966544989524,0,,0.27521503816663045,3.633522378215919,3.633522378215919
0.5748209312636592,-0.22085148462505744,1.483178916134393,0.5384714676400842,-1.93736462781153,-0.7742446220627313,0.9863681649066733,1.1375377820834531,-1.328483968518206,0.9314007484353164,BAD,1,1,0.3195692335203133,1,1.0,0.1649526613437362,6.062345353229266,1.2568826852946087
0.26686482080895313,-1.0280706824933712,1.6204683987456092,0.07902571896854252,-0.5695736471796179,-0.14829295739477777,-0.1504880604676619,-0.887961134764646,0.28675094725200034,0.2859729425182367,BAD,1,1,-0.026167737773841803,0,,0.06705564890359944,14.912986696133837,14.912986696133837
-0.661937714925914,3.465227148479317,0.39143861927191975,0.3272453529764515,-0.31134706056867467,-1.4246555886796946,-0.6248721853412322,-0.1099953959208559,0.9529594279919252,-0.9833626436429376,BAD,0,1,0.765033828435601,1,1.0,0.43172897200943255,2.316267994120514,0.4802229115438601
-0.43432765000649476,-1.0682041983192245,-1.8433302877699238,-0.27274824801804165,0.3488053490863389,-0.8600943494291856,-0.34606254157301014,0.1419471025452551,0.09826733603966863,0.1353755172056241,BAD,0,1,-0.717666047254465,0,,0.009240457916861951,108.21974505995033,108.21974505995033
0.9301204187114893,-0.6155438260540862,-0.9860168730861323,-0.8007620138292311,-1.1539059461634653,0.892794098732221,0.44264517581567886,-1.3428495666797662,0.12034531941478628,-1.1560563106474135,GOOD,1,0,0.10584739902279716,0,,0.4333419939227635,2.3076461871318994,2.3076461871318994
1.8851430407733711,0.3404532894397577,-1.0967503791267736,-0.8513453453162663,1.0322371335885347,1.0261789045654293,1.2865005944307286,0.3898433876752992,-2.2252985073520524,-0.5719236387247582,BAD,1,1,0.9789090499512937,0,,0.5773285934972384,1.7321158370874685,1.7321158370874685
-1.253188726938101,-1.1749850605197794,-0.898927443748088,1.8754298526740767,0.3190440976519093,1.7279150664371243,-0.7451130661343918,0.017046290986676118,0.21927974168966785,-0.3562656519065551,GOOD,0,0,-0.9697501798257521,0,,0.03235203476439104,30.909956893984038,30.909956893984038
-1.2551363680401528,0.37185201934035095,-0.3222186916867068,0.47212052875794286,-1.0047595220548933,-0.05398563142234402,0.06338028324230935,1.8256815454177233,0.9603719837230026,-0.08714823571982741,BAD,0,1,-0.577277571325499,0,,0.014132932166441218,70.75672537185946,70.75672537185946
0.9071352192181046,-0.3884672436015047,-0.3489715397463343,-0.4501033498442898,1.08397992665649,-0.9253965879317002,-1.6988655239987096,-0.5072252028356296,0.18219474781000874,0.24010268323407666,GOOD,0,0,0.35337065273954443,1,0.0,0.6179976013065974,1.6181292579222903,0.3354804994353852
2.3177222310290704,0.19565831211525025,-0.1341922510449394,0.21355749405601418,-0.009700574068451566,-0.43091521353741463,-0.6399881026613522,-0.44057264446433136,0.9022264070129531,0.18245687919811493,BAD,0,1,1.2554330549011028,1,1.0,0.7544673449663383,1.325438412506265,0.2747980350898521
-1.0168389600839627,0.22876689591944427,0.3882418037302158,1.4610953997424767,-1.0525221891725847,-0.9857821393509923,-1.2945483377184845,0.49174595538951915,0.20304460093894325,-0.13298594534832467,GOOD,0,0,-0.3804575408324058,0,,0.15949043822329984,6.269968351330988,6.269968351330988
0.345779591509554,-0.9492042296309671,0.5198990450160162,1.3842374385595355,-0.1813969912444183,-0.8907095424692049,0.348648989695867,1.4168179024020993,1.1391210594469665,-0.23632356588944545,BAD,0,1,0.011957088622953043,0,,0.07449322402770182,13.424039743911871,13.424039743911871
-0.03941108338753415,-0.8857394377640381,0.2824451489597071,0.37169778801088643,-0.4510767017889891,-1.6875714125986179,-0.999849195650607,-0.6379958505166328,-1.2692559991828745,1.410184716196677,GOOD,1,0,-0.2536259743083722,1,0.0,0.21351441313459368,4.6835245701639225,0.9710170891625692
0.5968661269567586,-0.17355823957422548,-0.1856836148994236,-0.44901391719759837,-0.6627131420115138,-0.033281068779338646,0.8279247047605721,0.47913059628598237,-0.08273851353004792,-0.07576332416912614,BAD,0,1,0.19094015058240013,0,,0.11880640628265922,8.417054528363074,8.417054528363074
0.5515401814060694,-0.8347002345785401,-0.8106258122291109,0.10382736210532115,-0.2885403301648238,-0.9294976841312648,0.4487887875734142,-0.5560681594651091,1.3099523237532418,-0.6863958655184795,BAD,1,1,-0.050061090562141385,0,,0.06208067005482889,16.108073561654734,16.108073561654734
1.1167623980241432,-1.1710167277951478,0.4840451626849294,0.6129896196691065,0.7861749091943397,-0.4567328276144244,1.196021773740542,0.6185824014903878,-0.8052420193164355,-0.1737153772197683,BAD,0,1,0.34493980528008256,0,,0.17594035363639968,5.6837444016204,5.6837444016204
2.029589519216152,-0.38180161144719205,-0.032145750992225545,0.3423442358778773,-0.5932016268005494,-1.0969513938983004,-0.778744209001751,-0.39480747725036996,0.9565084295901273,-0.6240741562699607,GOOD,0,0,0.9204246819312356,1,0.0,0.8940766555079055,1.1184723299054506,0.2318885552586427
0.4434335991832058,-0.8411355742162048,0.6071172007963179,-1.118340365126854,0.911583508699734,0.4957066058729871,0.21620530529444812,0.6694230802233578,-0.9262024412366738,0.13713873110152852,BAD,0,1,0.03213587232657081,0,,0.07862592526586018,12.718451282050676,12.718451282050676
-0.23076981760867543,0.09532380010913132,-0.3264436186166827,1.5230948548283576,-2.0400054253288675,-0.36663718340930185,-0.9601797244749867,-0.722875853215207,-1.1826934605270367,-0.39546458167579474,GOOD,0,0,-0.13459268065968563,0,,0.277630111820859,3.6019147686878092,3.6019147686878092
-1.61792052902001,0.831417318401251,1.4713620423719365,0.4016104160313803,-1.879920036236128,-0.9875715261193589,-1.8781160946814375,-1.496431377418074,-1.073073243300188,-0.2931788206772905,BAD,0,1,-0.4900757292774997,0,,0.018354460106937483,54.48267037950233,54.48267037950233
0.31785297189550127,0.04039473148272651,-1.6640717602594555,1.332101250904695,-0.8628948040503263,-0.03536832084080098,-1.740728899998854,0.9258714554717683,-0.9972740478126174,0.20114044005615042,GOOD,1,0,0.043814663288496,1,0.0,0.39266576586628343,2.5466951461730822,0.5279964844371211
0.02812798963252746,-0.712926123562007,0.20308458426915263,-1.463219545869143,1.6724458700131506,-0.05153201481060377,-0.7882035885221301,0.7837239677070365,-0.5975181755235653,-2.000611717264961,BAD,1,1,-0.1624311578289727,0,,0.04619679913563951,21.646521376164536,21.646521376164536
-0.6430451838747289,-1.5882613451116483,0.2925567529725315,-0.05617111868065574,0.5317790146621224,-1.045246693166808,0.8774664641676921,-0.43158147314664974,-0.6642192227574251,2.2653967676368247,BAD,0,1,-0.7490573200597085,0,,0.008532452159549926,117.19960233011707,117.19960233011707
0.692459050173372,0.48868156524267714,0.6671553490177339,-2.2155766975167315,0.6459636436788324,-0.07121407145719208,1.1255654023966972,-1.4326649934111122,-0.6526325741076386,0.48842926768120515,BAD,0,1,0.5023648332648497,0,,0.2540347373544387,3.9364695175713815,3.9364695175713815
0.17633003566404848,1.7649775857856256,0.11566538410186458,0.49473279104055723,1.1566884050179798,-1.0752295416730866,-0.5279210247852492,0.005123131421545655,-0.25817599341172814,0.17602871851570112,BAD,0,1,0.730315482037728,0,,0.4049150272975307,2.4696539584469464,2.4696539584469464
-2.089781949794013,0.32082524058621376,0.06765280961513413,0.15324554328312198,-0.06983224710479279,0.6316582016588651,0.2663218453545183,0.40769453844322967,-0.31239115103111015,-1.0891996226396068,BAD,0,1,-0.9520109548956401,0,,0.0048037790385814915,208.16944159348554,208.16944159348554
-0.8915907659902134,-1.0470853844510801,0.7256572920466966,0.8819141124077602,-0.24574077501449448,-0.6757986185783482,1.2732961690694489,-1.6422409059255298,0.11342576959257727,-0.7695159796932176,BAD,0,1,-0.6597556131846112,0,,0.01112850611721972,89.85932069108968,89.85932069108968
-0.30327060515073173,0.406124222286605,-1.6268015912873093,0.27158504715500054,-0.27209262493018577,-1.7299613315353013,0.7657902614929223,-0.3942441038284118,-0.2264091389058318,0.022859639259813533,GOOD,1,0,-0.183827274109867,0,,0.25012881979449203,3.997939944791682,3.997939944791682
0.2380742569517034,0.17185882517030615,1.1167682468088798,-0.013688855208146944,1.2829097566144694,-1.1299710458171193,0.7587214440890531,-1.0986042355701349,-0.3029040483924579,1.49961056170431,BAD,0,1,0.35890000340755535,0,,0.1849420460166365,5.407099259137886,5.407099259137886
2.378769763017889,-0.7362099022873222,-0.17144516781100716,1.9019272400089542,0.3875667625458926,-0.8313196349927529,0.8743761951458813,0.22343101005545446,-0.8274289166893661,-1.072797848094651,BAD,1,1,1.1032764761478333,1,1.0,0.6631004420025554,1.5080671594487436,0.3126617489653376
-1.5316018230959503,-0.5779462669917929,-1.9059055368464786,-2.008942616762241,0.23889598302964352,-0.5084528851522548,-0.04826170379593097,-0.03502705018890768,-0.7273069057149364,1.5183620699261768,GOOD,1,0,-1.2293920779503948,0,,0.015138681556340905,66.05595053164623,66.05595053164623
1.0479255394356406,-0.7097112074705345,1.1101865526683756,1.7212311976518058,1.6427267909939458,0.42604107028869614,1.8922403900043392,2.2255099612336893,-0.8836138953907985,1.0286079931145993,BAD,1,1,0.6095168894332325,1,1.0,0.3209048127496257,3.116188851864349,0.6460674184340328
0.36768055467094046,0.35479677330268566,-0.489120952769879,-0.5350592154263266,-0.417012123464392,0.6023449102063808,0.1963908663421253,-0.49819766059379605,0.8829385173456908,1.1358542293335703,BAD,1,1,0.2112918996548085,0,,0.12574415831740693,7.952655720799148,7.952655720799148
-0.4640352738948485,0.5585017095146727,-0.0539282548846811,-0.20348049475628818,0.014090594074408856,0.6163176147649874,-0.17700696998059778,1.686730749209632,0.9417423919951039,0.3721851854903125,BAD,1,1,-0.07210958365118528,1,1.0,0.059613832022001496,16.774630418506447,3.4778194406239504
-0.10290258544372373,-4.692364842388591e-05,0.8916828487556815,-1.349498699607926,-1.8078391597260002,-1.340373204074276,0.2470461534224029,2.1421192091779373,-0.2726673848408943,0.38784688001747364,BAD,0,1,-0.10782707151380289,0,,0.05310553026079898,18.83043056135666,18.83043056135666
-0.7468046924990429,-0.32249116279683776,0.46251303301680885,-1.4777142108604757,-0.11234304016546671,-1.8821668844272508,-0.4443466601377578,0.9679635386555062,-0.026044617767167634,-0.5150376257585929,BAD,1,1,-0.5027551738074757,0,,0.01745331239658126,57.29571426200331,57.29571426200331
0.25454471691282393,0.7690753279644087,-0.015139848368182413,0.028485569250005345,0.638628508418497,0.7395286524851635,-0.19851695038155878,-0.8160456236768572,1.386297391012854,-0.6078727896530138,BAD,1,1,0.4061752520211284,1,1.0,0.2057225171259592,4.860916607333376,1.0077950961939004
-0.207722261528398,-0.40363697742892696,-0.6376266407920901,0.9815725775432228,-1.2094225514937764,2.453333085059053,1.5853204184544887,-0.20640389337347098,0.8014995302321771,-0.8992991285777349,BAD,1,1,-0.29212006702418275,0,,0.03165363623010835,31.59194705879695,31.59194705879695
1.8404854317493091,0.8162966609498616,0.24015099483488148,1.4126279741383028,0.26828061437881073,-1.985572395100393,-0.07775726556080484,-0.5838894193164164,-0.2982376505961686,-0.6741276924573802,BAD,1,1,1.3101634439778722,0,,0.7856939292423661,1.2727602477013997,1.2727602477013997
0.5462201725115994,-0.38243791333295396,0.7258634970801728,-0.0783688445679277,-0.2050075017541461,-2.0560743143878444,-0.08767313304112496,0.45231171037813694,0.10245113568229763,-0.19096216376048333,BAD,0,1,0.23357272065118503,0,,0.13353872432051536,7.488464526588048,7.488464526588048
0.14614254213307512,1.9034164161920542,-0.3062063943698761,-0.45706533906364627,-2.38861407368411,-0.8617991799058063,-0.5343938353030584,-1.2626042854762183,-1.0231988412194268,0.5384660112416041,BAD,1,1,0.4945333150727434,0,,0.24846050032134173,4.024784618507444,4.024784618507444
1.9355886489317684,0.12349185339738267,-0.1969991164078336,-0.6581133412107176,1.3030715383083202,-0.7595603294786296,0.9259122791687571,-0.9894692799652777,-0.23623684340347365,-0.33462033041774003,BAD,0,1,1.051791363765213,0,,0.6298923424444376,1.587572879707153,1.587572879707153
0.36102541634537905,2.576977679031155,1.5873212424728582,0.687677616154882,-0.018212347104613166,-0.5895820679190702,-0.7301662802248373,0.13438281144361666,0.971553563249305,-1.0583794427218745,BAD,1,1,1.1716045062600096,1,1.0,0.7144344300054567,1.3997085778639786,0.2901961820829714
-0.9573067670235533,-1.017770320158939,-1.296034917766649,-0.85371799439649,1.2030979299837534,0.4138143760547242,-1.3451154438408859,0.27566056886642765,-0.730490758180352,-0.7898495137721478,GOOD,0,0,-0.9029873935062116,0,,0.03883696414284372,25.74866553219672,25.74866553219672
-0.41089883250021403,-0.863695134710848,0.6091057104482803,1.2619572530223984,1.2455241795966359,-0.6045175428606584,0.2092762944699149,0.06886762106070753,0.920622863636502,0.8686502617410066,BAD,0,1,-0.2776654578107844,0,,0.033724168462682856,29.652324892948513,29.652324892948513
-0.6585689700909167,-0.6745474379952886,-0.7178789244927403,-0.22008582993340917,1.2276575979644475,-1.1397098099706968,1.9160928812472533,-1.2948639641041049,-0.3478505766267469,-2.0410424157800118,BAD,0,1,-0.5548211479040869,0,,0.015074094998109116,66.33897425520001,66.33897425520001
-0.057433473373490536,-0.5245170611148295,0.38976152676692705,-1.8915231712948801,-1.422653305437163,-1.2208600182797968,1.0533466475472533,0.42840060230529514,-0.49295571686581857,-0.8806309088471742,BAD,0,1,-0.3024388176441071,0,,0.030506670652155572,32.77971599727291,32.77971599727291
-1.9474285710715904,-1.074737006265755,2.589877868548123,0.6996624281545346,1.3798450728483582,0.35862698661410064,1.460808296875069,1.2975252145624443,-0.08320813580903193,0.8551818807626304,BAD,1,1,-0.9526459211149365,0,,0.0048692640128451935,205.36984590730438,205.36984590730438
0.11067652064372907,0.0801603914440327,0.06735076268881417,0.14509497472688596,1.3105465081512713,-0.2889018186210855,-0.08386604949329902,1.5798217697783814,0.3489764593695999,0.9142473796752123,BAD,0,1,0.16984350765823666,0,,0.11469009831586316,8.719148511373163,8.719148511373163
-0.5771483928947435,0.31999718802028765,0.7525292739435586,-1.2767591982103934,-1.0084239467857377,-0.3015068038944349,1.6564356907910653,0.33476324942301977,0.6677938737079268,-1.6961716982256008,BAD,0,1,-0.22508823913302226,0,,0.03859925124871951,25.907238292172156,25.907238292172156
-1.88682802708395,-1.0975845584772186,0.5788252941669723,1.284146453389389,-0.4030705296804697,0.17903748217801974,0.9643970452249662,0.3845534404626959,-1.5013402700468783,-0.9483805690327848,BAD,0,1,-1.1876995781722492,0,,0.0023933289645179483,417.8280607577967,417.8280607577967
0.7175875850191903,-0.9681464788212412,0.8899574674320507,-0.8553760112339492,-0.15368025726187656,0.6490646089966611,0.5340081813071309,-0.1796824076217816,-0.21279986644756566,-0.21685878634416914,BAD,1,1,0.12364764899444003,0,,0.09977417201463575,10.022633912244457,10.022633912244457
1.479116981117545,0.4759463602670577,-0.18580560212243422,1.0540424748134014,-0.7858761582110539,1.3190200056340993,-0.17228886477186073,-1.8460295965152045,-0.7247573669263252,-0.013805770284701622,BAD,0,1,0.9095618238609817,1,1.0,0.5277454232433747,1.894853002901061,0.39285256641742017
0.46800068820276425,2.7090019473659184,2.019086116729861,0.7474034182399546,-0.5897085867477189,-0.8134248245767957,-0.17689686434453186,0.5070475019762871,-0.2667781642372559,-0.8560620219978579,BAD,1,1,1.2849688085355597,1,1.0,0.7771385202269991,1.2867718868290094,0.2667814534217764
1.234244958272104,1.3934706565695216,0.7253357189723534,-0.026291320454909683,0.33915816107424773,0.5633846215424619,1.0599217032107484,1.9015668624744215,1.2224536344122394,-0.7994337290928315,BAD,0,1,1.1551033692304205,1,1.0,0.7004847212943209,1.4275828859653779,0.29597525489652426
0.2602408153740827,1.4133322198728497,-0.9801253186465402,0.11174787960266515,-0.929767872746894,0.6371777194686526,0.4255286598183147,-0.001074767133598399,-0.4674239417799792,1.10018175276202,BAD,1,1,0.43597985853165017,0,,0.21843752885573506,4.5779679217138565,4.5779679217138565
-0.9286541093425598,0.3544517990843895,0.2658154213566088,-0.5614622188822107,-0.32725492547191115,-0.8031505725783407,-0.006198233338073983,0.20317556111914978,-0.8306577383914421,1.0918468227292755,BAD,0,1,-0.37477210557493434,0,,0.025383316128283078,39.39595579025867,39.39595579025867
0.7085263301324782,-0.17704463664703687,-1.7077448427289017,0.49356800079005453,-2.2668849557948265,0.9592831641658773,0.9973927328851383,0.12372879270054708,-0.6987088119151889,0.29032122469609184,GOOD,1,0,0.0634865794020578,1,0.0,0.4024453771649633,2.4848092604380883,0.5151659223836081
-0.4312794300041516,-0.6859844453690119,-0.12639873091840337,-0.055572625260679714,-0.3375158027976901,0.6078631605696294,-1.0334257291781663,1.4027376948489956,1.3597290745366617,-0.27326271043764233,GOOD,1,0,-0.4505494741777531,0,,0.13220489538553462,7.564016423777726,7.564016423777726
0.07124340140597628,-1.25412388575158,0.8178124707519571,-0.2973818659163956,1.6488367925433822,0.3141713908505298,0.8426412271114144,-0.3475092795383149,0.8792379282313293,0.27399242241061667,BAD,0,1,-0.18627580881489406,0,,0.04334717320153972,23.069555086108345,23.069555086108345
-1.605687525535615,-2.48304129477194,0.4111752825799099,-1.27459459029864,1.2803426266947509,-0.5010294470869582,-0.6314270613999012,-0.6785114038144917,-0.7068651186967935,-0.28005061744658527,BAD,0,1,-1.5269226051718023,0,,0.0008758247729687848,1000.0,1000.0
-0.37614736761593653,0.46034921066168394,1.455421460737774,0.2415068878754467,-0.03766667059723912,0.8315330299051433,2.299369468755593,-0.9396024430587621,0.11182257854217889,2.5394320331114613,BAD,1,1,0.1139784078850852,0,,0.09947075698042947,10.053205890418091,10.053205890418091
-1.080939823647883,-0.6179873072445213,-0.3516117183571954,-0.7443842297097287,-0.47508681280967346,0.8423678769062792,0.04219011905687477,-1.619917225619744,-1.7230392999293536,0.33117003378724386,GOOD,1,0,-0.8265582525092219,1,0.0,0.0480432877922941,20.814562157429926,4.315402909820452
-0.2353896181208124,-0.89377575486935,1.2600798075545396,1.4873610454650525,-0.821041615118045,-0.41431530732624416,-1.5371975354586085,0.7954839998268701,0.09121968868825808,-1.2314321251773734,GOOD,0,0,-0.22103595252512134,0,,0.23148848844871434,4.319869237132918,4.319869237132918
-0.926076867686669,-1.6332174019739183,-0.493921048408383,-0.9140387558729539,0.44569229245033337,-1.1414109281127702,-2.2617823832811905,-0.9882611089154693,0.037025441586299106,-0.041235395529501555,GOOD,0,0,-1.0335632105031236,0,,0.026652611891252415,37.51977495039454,37.51977495039454
1.4864063190360184,-1.6282177718096185,0.8515169424047723,1.5754546206896403,-1.751877375915603,-0.6674561400646665,0.6228160705098441,-1.37673177011338,2.257105652325047,0.36492588017405486,BAD,0,1,0.35665857749830626,0,,0.17840233724683627,5.605307729889249,5.605307729889249
0.031047952046710476,-1.7390992728519505,0.08649405653783686,-0.49104596911569837,-2.674354948547689,0.6443593624326104,-0.14505356097389743,0.8116910518786606,-0.24481231922778438,-0.696350741910387,GOOD,1,0,-0.6477647115223685,1,0.0,0.07671122641385988,13.035901611127468,2.702683213766851
-0.2108673539727271,-0.6769151658288148,0.1351177762474505,-0.16425303413718284,1.099720527820615,-0.5857366554551754,1.0326537546555192,-0.786824522255031,1.617741961423047,1.7668617516726024,BAD,0,1,-0.24399767857156673,0,,0.03678863636287679,27.182306789960133,27.182306789960133
-0.5627558800719191,-0.4694866980716366,-0.9429787966287079,-0.3586531509541748,0.5813591730005884,0.11220827271785544,1.5988127102205738,0.30430567959512733,0.928768732893373,-1.8900642410139923,BAD,0,1,-0.504311067000818,0,,0.017351470832170916,57.63200190187484,57.63200190187484
0.5759844406328872,-0.42120753173040376,-2.1752608562496487,0.8790187243834333,-0.6224258458551829,0.2749149959814443,0.1929097396955016,0.8322105519422052,0.6142851481201329,0.8851025149493374,BAD,1,1,-0.02620174906567729,0,,0.06601279890966584,15.148577495834315,15.148577495834315
-1.0669804988360205,1.152235149361064,0.11356526903860065,-0.9588748715507541,-0.06338128352465013,0.976838885832656,-0.6815408469719823,1.8081054602769797,1.292620759177219,0.12144040286125649,BAD,0,1,-0.22543775939872596,0,,0.03904763222824373,25.609747452924566,25.609747452924566
-1.7046512057609624,-1.1362610068273629,-2.9733154740508856,0.03331727813886288,-0.24888866705810792,-0.45017643501165083,0.13242780114877378,0.022213928039390988,0.31736797594106786,-0.752414177725037,GOOD,0,0,-1.516717389794851,0,,0.006532856424923862,153.0723981909115,153.0723981909115
-1.256789663849473,-1.3486357546775636,2.775382116426443,0.4999163578200975,0.01242424859437252,0.3895779064876255,-0.07623095716045457,0.5993131620889883,-0.5803185136365204,1.5003575788635892,BAD,0,1,-0.7397659761668176,0,,0.008925250236823569,112.04167653184956,112.04167653184956
1.3583611934492914,-0.2980589001770356,-0.08008290659022492,0.49468129909971936,1.3733264119781319,-0.9287657608462492,-1.0562806080043665,0.2022550669003972,-0.6782509079000207,-0.022012467048051917,GOOD,1,0,0.7003057216994233,1,0.0,0.8183265204331429,1.2220061002919675,0.2533538126400559
-0.34619658560471955,-0.33078878726875643,-0.5519431090639317,-1.217589128085268,0.6594904940704593,2.2212710261470625,-0.4380645465510402,-0.14423950421968876,1.040883939338803,-0.07956159245813942,GOOD,0,0,-0.35095007095367464,0,,0.16984627083525006,5.887677104020697,5.887677104020697
-1.502206373224432,0.027142551541903013,1.488772778723801,0.13659228198971632,-0.9041213180050307,-2.0063492438285104,-0.42711255321007346,0.3390673280549548,-0.45589031488384074,1.2624804467425172,BAD,0,1,-0.6391118746878033,0,,0.01191708618110883,83.91312983749478,83.91312983749478
-0.1720016407720518,-0.03485269020051633,-1.1259395963309522,0.11353638062792963,-1.8022338122384196,0.07794539839355762,-1.6455630924194975,-1.0832724606105695,0.27391970907521396,-0.22261666691449442,GOOD,0,0,-0.28277547166831574,1,0.0,0.1976779297870174,5.0587336738978514,1.048807745809485
-2.593274487232623,-0.6535529089270339,-0.3136641659056701,0.3366376896859113,0.8437489546033571,-1.3557248555596295,0.5158992539615812,-0.7562091419901767,0.6857603911699767,-0.7254325614103937,BAD,1,1,-1.4908465917774874,0,,0.0009912369239934247,1000.0,1000.0
-0.5015362462983521,-0.2639336826956459,-0.9776866930650036,-0.14663930025565122,-0.899207952723695,-1.7407809254652782,0.6776013579371921,-0.6849859888728255,-0.5774586009733412,1.6468618655355396,BAD,1,1,-0.475480600670776,0,,0.018698390261533217,53.48053955517359,53.48053955517359
-0.8116419957449114,-0.093173526942104,0.11250426233136833,0.09207904862564406,-1.3867146526153864,0.8282908984570213,0.009430420454783334,0.38416436496131556,0.7831220308214599,-0.028677866459869465,BAD,1,1,-0.48521505788917796,0,,0.018303716041558303,54.63371469102315,54.63371469102315
0.7840505600285012,-0.9964262679198012,0.6921277140031163,0.6608984605481664,0.14138147777016194,0.41213287132793686,-0.3406626212892232,0.31411293746637003,-0.1836832892394328,1.2552750354598283,BAD,1,1,0.21924167952799756,0,,0.12862826018138998,7.774341335176363,7.774341335176363
0.6914348836708955,0.4049321078802233,-0.6241068764943583,-0.427783729987251,-0.5969293929158517,1.2246640552123897,-0.19278078851350752,-0.4483840004847141,-1.005297599943295,0.20618061071078814,GOOD,0,0,0.37558040014334526,0,,0.6318676750760005,1.5826098397575423,1.5826098397575423
-1.8155995691953226,0.7389509974901849,0.33409134205811086,-1.1366259127066474,0.3368708061868949,-1.9302232710942195,0.9404548194318197,-0.07844206283832174,-0.6885408976578092,-0.7230597875372071,BAD,1,1,-0.7021355528134141,0,,0.009966651426132045,100.33460158725444,100.33460158725444
0.21295656721036293,0.80484095522081,0.23344148850685795,-1.146634233338214,0.6499600916997692,-2.605700861585102,1.4937649093966339,-0.46423324324248544,1.1318893930082357,0.5271894154308724,BAD,0,1,0.36261834043141467,0,,0.18526259464027572,5.397743683454825,5.397743683454825
1.7909193509433217,-0.9800563007437002,-0.5646924855845379,-0.3129434453154856,0.10182098963901454,-0.1998042379153171,-1.3307178338355734,-1.1808324122236908,0.5273482465333433,0.9451374084219464,GOOD,0,0,0.5640872953898785,1,0.0,0.7470305962888114,1.3386332567473413,0.2775336712661933
-0.7941234753550339,0.8802363021932996,0.6419632576038624,-1.4213378394308855,0.597857713334496,-1.308906920021401,0.34472059018565293,-0.7604693781582595,-0.14067727228562266,-0.6004554068632539,BAD,1,1,-0.10610949692459924,0,,0.05466476654814311,18.29331877086318,18.29331877086318
1.1402718102511018,0.4115278075079532,0.9235064511766895,0.4021252432462402,0.8042557301929146,1.834618315741762,-0.0898715429097904,-0.06955587751987845,1.4610308883140193,0.43743914656768335,BAD,0,1,0.8723502003292993,0,,0.5045941650797854,1.9817906531715088,1.9817906531715088
1.6418534367248823,0.9787815967593494,0.45187539696617784,0.7517268573418665,0.4596208416025718,1.2175215926968426,0.41889930681094917,-1.0340715190019967,1.6461506538132258,-1.194368281479641,BAD,1,1,1.255300701462727,0,,0.7577776171786199,1.3196483735204922,1.3196483735204922
0.8660591728218054,0.7912949804001552,1.176952513690748,-1.1654317335035704,0.5382460975045578,-0.8428605517089753,-2.874968879865529,-0.5285056361126661,-0.32108899071015246,2.182275910834502,BAD,1,1,0.7814944335369097,1,1.0,0.437785965079812,2.284221239978974,0.4735787815820229
-0.8510510721791448,-0.03710148502631962,-0.17086543176171354,-0.472646398598504,-1.7647865896663189,-0.4415705981101829,0.6568689961570903,1.0922568673252488,0.8449940577155167,0.29055481300773783,BAD,0,1,-0.5633233054448911,0,,0.01452493254013358,68.8471355881976,68.8471355881976
0.8010132025641555,-0.6561683914188803,-0.7303432134669876,1.052612213798156,0.20588204620130146,-0.7089437447106754,-0.27750871888408135,0.5253208656130269,-0.10263740350804132,-1.4718024022204228,GOOD,1,0,0.21150947624266653,0,,0.5150516460161492,1.941552867047134,1.941552867047134
-0.2810943331907158,-0.324277459072172,0.13148058447863226,-0.5701152088504936,0.7983439439615806,-0.796209605117646,0.21398126993619387,0.009282208416740574,0.5072215932621318,0.5554402051092373,BAD,0,1,-0.20810051448036296,0,,0.040690177242785903,24.57595586358114,24.57595586358114
2.149038848866098,-0.7695845069787547,0.8799617728649395,0.7681670032557727,-1.0699862361906598,-2.899215485187894,-0.8233420031174448,-0.21930307042150868,0.6332553601944794,-0.5946645647435302,GOOD,1,0,0.9531834347102173,1,0.0,0.9028441202591746,1.1076109126267948,0.22963669949657686
-0.011865199462668336,1.0591264336136899,-0.502129960878585,-0.5692089563754809,0.21009123683658718,0.7564608039261036,1.2304576723881118,-0.6641183098195316,1.4313976863474354,-0.4170443776444159,BAD,1,1,0.2582920266112408,0,,0.14313338571455497,6.98649022384099,6.98649022384099
-0.33094224820617585,-0.5344079805258221,-1.1647062088293505,0.09306169665651516,1.2994089487399882,1.5515080828914023,-0.6079689399883004,-0.09603567665492291,0.030422373243882528,0.8485612104276704,BAD,1,1,-0.36991585613614386,0,,0.02562228697131596,39.02852236100141,39.02852236100141
0.9552059326301523,0.6342568898343415,-0.31559724629122343,-0.005854066462559314,-0.7098931176766585,1.4264705820728683,0.9721971886885332,-0.2816908650556858,-0.3539731656039239,-0.2942107024743988,BAD,0,1,0.6269427789570011,0,,0.3276538056306875,3.052001786077658,3.052001786077658
0.8036033261292801,1.7216841461861443,-0.8302571967859306,-1.108927969795884,0.2583488604199059,0.21232513672500902,-0.7223573787112462,0.8883512147301251,0.3166691308233561,-0.46794493092435396,BAD,1,1,0.8203364224784359,0,,0.46452024273522086,2.152758713187028,2.152758713187028
2.261689392312619,-0.016700699928856123,-0.7751934366676673,0.7833392670532362,-2.5561738162662215,1.1269216053050466,-1.3815320121572354,1.355856337050229,1.2655334310787594,-0.04677204433257678,BAD,0,1,1.0023094396708465,0,,0.5887028470728847,1.698649845116503,1.698649845116503
1.2990494852142003,0.7779730855208029,-0.5369847731644571,-0.18085904537193154,0.6254161731374436,-1.4107230271446614,-1.7136969019583213,-0.20792927144826429,-0.4432442621231197,0.21044802246357056,BAD,1,1,0.8810542351109023,0,,0.5084800607753672,1.9666454540520775,1.9666454540520775
-0.7419325993724648,0.553111402520082,0.8178742376244224,-0.1116920135830844,-0.24281669250063037,0.5655107347667728,-1.191331334424713,-0.1603741315300629,0.001668724613004617,0.17729020131650955,BAD,0,1,-0.13683263489097083,0,,0.05005283035588485,19.978890162450668,19.978890162450668
-0.9905989022537757,-0.8679324738961399,-0.8141746791095106,-0.3340412253086438,1.2407792072976012,0.44049371657989483,1.0128242086623986,-1.1057130379623024,-1.0110875127686543,-0.6936430750847973,BAD,0,1,-0.7985149824450894,0,,0.007423201669181091,134.71276203524152,134.71276203524152
1.5673335913955477,1.5822817957159014,0.6430721114367125,0.09659492374072919,2.8519500114542304,-1.9565579199758307,0.41431769072388097,-0.08179619690235515,2.2970868580427397,-0.18678651803450105,BAD,0,1,1.5035407364714888,1,1.0,0.8687375978042811,1.151095569625952,0.23865220575260074
-1.5458142887641484,-0.34720359315039184,0.054224861425900175,-2.338956467062469,0.3028922339136003,0.9646405729486569,0.4736993181874186,-0.5336459552515023,0.17565929597975372,1.5927494431570441,BAD,0,1,-0.9835188558918541,0,,0.004317458778866116,231.61772959940745,231.61772959940745
-0.10014205950867766,0.8914441973417626,0.5434328465939561,-0.012817265293427242,-0.13303103961508664,-0.6209824912190365,1.2434444929403388,0.3747148422313098,1.1602072604866742,0.6836147870949777,BAD,1,1,0.27782576906314027,0,,0.15094924022207928,6.624743513308061,6.624743513308061
-0.25330044381114364,0.11514620017242727,-1.6327859838942531,-0.9051864334514158,0.45722842581013035,1.1946701445782668,-1.9122635786781303,0.10520234705296228,-0.4639694424990582,-0.18169911229326716,GOOD,1,0,-0.270355753153815,0,,0.20525581106634264,4.871969250491918,4.871969250491918
-2.029811141803598,1.0998076216438781,-0.7669494639209056,-0.2195290354040861,-1.092339240919928,0.23101407526745374,-0.1750044772903922,-0.8126202560234086,0.6398189212498561,-0.5388176924221153,BAD,0,1,-0.8365081766489816,0,,0.006678442860644446,149.73550285096002,149.73550285096002
0.10415185780639116,-1.1327291781835453,0.9951843831205078,1.5038046653372112,-0.35779084437972014,0.43925107369417965,0.9761767931804851,0.5485566605075848,0.2798737574544615,0.4605439023890656,BAD,0,1,-0.12272437163921784,0,,0.051505581147644114,19.415371649403095,19.415371649403095
0.1918193935755757,2.475180423652243,1.0236335762968771,-1.15854382817661,-2.0303765904541553,0.8815693570079178,-1.3130497156302385,-0.054236357238789785,0.19527128346778425,0.9441339255313742,BAD,0,1,0.8074341005974719,1,1.0,0.4560459599562486,2.19276144907837,0.4546167758093888
0.9789842607419063,-1.0596390892575,0.23852982942962941,-0.8053140950405908,0.7871040721446222,1.976677027556592,0.5995685095364299,1.125783615924232,1.4443462768884263,0.1845204000538479,BAD,0,1,0.21292243858161655,0,,0.12600137423022395,7.936421377221218,7.936421377221218
-0.6784898290568849,-0.2801673000047921,-2.187273592189684,0.917979384878909,1.516469897519029,-0.322179106625589,-2.0317106418527504,1.2352628133814911,-0.1345356502360248,-0.8019532397709312,GOOD,1,0,-0.5215981122414836,0,,0.11092624797713918,9.014998868492246,9.014998868492246
0.11125773338330366,1.7753309791963223,0.6482896622464782,0.6931376901735046,-0.11340015290772616,-0.4082453146514825,-1.1326151365704602,-0.05767876680783145,-1.0676473616965163,1.6023259986244682,BAD,0,1,0.7014787968409498,1,1.0,0.3836031034359065,2.6068610786593465,0.5404704552158245
0.5295605866964886,0.4268185636073747,1.2944191291870975,1.3297753579996563,0.08548251430033502,-0.8882962824152068,1.9489353420511102,1.3133146973459526,0.24251543704215256,0.738363731457067,BAD,1,1,0.6122530709484943,1,1.0,0.3227149867384191,3.098709514877793,0.6424434948980486
0.2567929821341502,1.2586269070881926,-0.5196787896726031,2.567575334748187,-1.2029808403090267,-1.441157287722309,0.562653030714727,0.28527840201933075,-1.605416116940595,-0.3137514819650694,BAD,1,1,0.5423918284930253,0,,0.2781462665427225,3.595230712350413,3.595230712350413
0.8403972551999018,-1.2685472047872257,-2.098629185894912,1.271368550078506,0.43218840071680903,-0.3237294992186936,0.8396898982012665,1.3082452288076745,-0.437566208448779,-1.1406315253623756,GOOD,1,0,-0.06955730521856318,0,,0.31527620098786674,3.1718220305454787,3.1718220305454787
-0.5372191508425196,-0.8699566545276876,0.20985948458267845,-0.6514435841992147,0.7644150970416564,-1.0594997311547119,-0.23003580655162623,1.8847060544535634,-0.5498117799824236,0.25069797962239826,BAD,1,1,-0.5031120155371788,0,,0.017475922231107728,57.22158675093932,57.22158675093932
0.8876717808262652,0.08864979057352633,-1.3245780959402302,0.2383846452550063,1.1966614601200112,-0.46484257027188,-1.1366727112923867,0.2484946248806814,0.3506928143980163,-0.13207671471324264,GOOD,0,0,0.43045761483321665,1,0.0,0.6701273998955067,1.4922535627642304,0.3093831769429751
0.7916568619310699,0.026047949725217002,0.11980403894989208,0.40033494520882174,-0.532841258887561,0.5515228283280346,-0.04328498355773543,0.8360216198318237,-1.1019079628019965,1.8392396126142836,BAD,1,1,0.430728195897156,0,,0.21527434515934843,4.6452353589081365,4.6452353589081365
-0.874991505780013,-1.4773998022894943,0.9256439164624767,0.029093660613648917,1.678392470149881,1.00620739655509,0.016557839903286888,0.15137696817955865,1.2202014118099298,-1.1843477618121874,BAD,0,1,-0.7107658212751474,0,,0.00967253119612175,103.38555438321615,103.38555438321615
-0.2090937191216624,0.6657854986333123,0.3217034422101787,0.4943824186678361,-0.5947936852906712,-1.1187462934276506,-1.0976119097046964,-0.27444347957018306,-1.4599709537448777,-0.07670617897725707,GOOD,0,0,0.13395453786810219,0,,0.4617252915257748,2.1657899585606244,2.1657899585606244
0.6889213621579444,0.041274574202699865,-0.49772668445684926,-0.009847287471481413,-0.5176603237193814,0.30217682520827216,0.7734409975442094,0.988208848486463,0.017600206923097973,0.819806154019779,BAD,1,1,0.3011186793104747,0,,0.15731677971836325,6.356601004611539,6.356601004611539
-0.350338046581448,0.758722811288079,0.4291838041279576,-0.13639695871916663,0.5345373731692771,0.4309278751432563,-0.1683095550092615,0.4739997497980244,-1.0692003973662902,-0.22162012209543505,BAD,0,1,0.12412461684108902,0,,0.10205517899596275,9.798620803355403,9.798620803355403
-0.01523421626086608,-0.17456844029291188,0.09070581837991361,-0.06842148642047909,-0.49289669006409936,1.7221960637042317,0.976464596024616,0.13704916600554085,-0.5545459386928737,0.8428990600156637,BAD,1,1,-0.06827142767723193,0,,0.05967212929737392,16.758242277840225,16.758242277840225
-1.33259714975685,0.5617738337360253,-1.0866653102716322,0.4088855280646666,0.05121908104306714,-0.16673637708091021,1.149868596798354,-0.7862125354125198,-0.3801560891961414,-2.690526773206221,BAD,1,1,-0.5875689778906058,0,,0.01377950214698142,72.57156240721389,72.57156240721389
0.22326758776569092,-0.849123370190372,0.4296356452238225,-1.1868496307783283,0.8288705234710747,-1.0087870192830732,0.8360237504291756,1.2861363060093267,-1.7994705546586667,0.26017539225356623,BAD,1,1,-0.10839549854354692,0,,0.053427070180292836,18.71710345758134,18.71710345758134
-1.0945571896156956,-0.24134874955198468,-0.5951138391567017,-0.9828118947823061,0.08822993442548499,-0.6027593698237138,1.1255554529825982,0.9270532988002531,-2.2691569946862655,-0.34817063773317436,BAD,1,1,-0.7279102603073269,0,,0.009083364452728997,110.0913659475109,110.0913659475109
-0.5206889795994738,1.751652835148067,-0.3127171496608268,-2.019935071090866,0.054388363671525324,0.341201513768361,-0.25116023785999153,-0.8928544867005862,-0.0012509486183098085,1.6916191812369563,BAD,0,1,0.14698123152881537,0,,0.10778124163596838,9.278052329156724,9.278052329156724
0.2629482684151776,0.4049290725752023,-1.6024845301638289,-0.06048301501585981,-0.697530591149039,0.1503781049950916,-0.07780687825586112,0.1252126858419551,-0.9984660716843727,-0.255975214092637,BAD,1,1,0.0712814639369923,0,,0.0865897655158197,11.548708950104535,11.548708950104535
-0.4411144809679514,0.011948329498576622,-0.10013781078316666,-1.513449097786955,-1.201645144307701,1.1522960518447183,1.9563702519337351,0.25062104075411146,-1.2875486268574527,0.5440546781879965,BAD,1,1,-0.3555877544389085,0,,0.026374262421542255,37.91575225941519,37.91575225941519
1.1171287573337647,1.6302750092650247,1.757352397931975,0.19216480176474013,0.6628117661526611,-2.0629441646040836,0.4435442534411382,-0.9662136543845258,0.18686589206270993,0.43966891204060843,BAD,1,1,1.29706130064657,0,,0.7821054253003595,1.2786000041055339,1.2786000041055339
-0.24203939089470672,-0.8276365329021982,-0.9587734958600939,0.5750849006335024,-0.8708455995717119,-0.8722561927580624,1.587465505526781,1.069036008474829,-0.8274373859491894,0.09824812897172139,BAD,0,1,-0.474511034569504,0,,0.01870021899015253,53.475309595390115,53.475309595390115
-0.907195346143894,1.3708316226110782,0.43513424952585184,-0.12244541575574655,-1.3348781227854565,1.2486332029688052,-1.4665715419801,-0.350143106225119,0.0804313170205666,-1.2140944228570143,GOOD,0,0,-0.0651173591254104,1,0.0,0.32398512832966175,3.0865614269259876,0.6399248786668029
-0.3901664672524391,0.5756011715923564,-2.069792823854307,0.10076725420128058,-0.6506786565039372,1.372925522982589,0.8745343008141897,0.47823812377305225,0.30282453869857023,-1.1850105966958722,BAD,0,1,-0.2482034472510956,0,,0.035879580776116485,27.87100569094881,27.87100569094881
-0.9245172984168462,0.40097526845531034,-1.20719783751236,0.6268169549322398,0.6811546164057319,1.2135602547880704,1.7332575914059876,-0.4947735292489333,0.6599942882559131,0.6714990303012663,BAD,1,1,-0.3977432024743395,0,,0.023839655526943504,41.94691483145816,41.94691483145816
-1.6556617787331176,-0.13897571459459568,0.1292761320890355,-0.152837442291344,-0.6379826172359941,1.168447470328504,-0.35437033568282295,-0.00853987247179895,-2.0846611248751277,2.724110499215777,BAD,1,1,-0.9059270202419878,0,,0.005438354082268764,183.87916359848742,183.87916359848742
-0.29409045550462115,-0.2481568311545041,-0.21842004760876063,2.257883181211069,-0.8147552243651697,-0.28800588066851895,1.1163587220437514,1.1757607616041588,-1.2411739782537203,-1.1169493344551715,BAD,1,1,-0.16432933678942213,0,,0.045915552270945265,21.779112970242686,21.779112970242686
-0.8707192095484596,1.4456183940991387,0.4949902726326138,-0.8451664655381013,-0.2628130337984583,3.1974829539733727,-0.0010588423370812654,-0.37829745272534815,1.0110108162654714,-0.633430050383526,BAD,0,1,-0.0014863654598676335,1,1.0,0.07288891990564403,13.719506356995238,2.8444123497041067
1.1910958424580727,-2.9394540262326774,0.2970948316160183,0.9302631060463277,0.03589098986827147,0.44203580046205054,-1.2829820612136287,0.22381525401751987,0.5239820595954834,-0.8994211032418101,GOOD,1,0,-0.19386720920041542,0,,0.24136179803914826,4.14315773301375,4.14315773301375
-0.16809433605388022,-0.6960905203588184,0.7922037922316316,-0.9114107163585227,0.8337235515669543,-1.6607892199919783,0.18698715953815945,-0.15783564022998556,1.9309846455573332,0.23298754304613314,BAD,1,1,-0.21225819430882645,0,,0.040193378679419765,24.87971981594149,24.87971981594149
-0.48738834716185575,-1.159771678485729,-0.05444389938548525,0.9063464228388038,-0.9548961781870027,-0.8709276239072189,1.1114528999565547,-0.4983683797543852,0.28049468599073385,-1.2039477228172495,BAD,0,1,-0.598237543030805,0,,0.013139479525066602,76.10651533740497,76.10651533740497
-0.9755548536722656,-0.125466779395108,-1.1430569955624306,-0.5396988359143291,-0.3674542417040041,0.5034836625654164,-1.7797751671497195,-1.4463339497228298,-0.5435201436060404,-0.4275059256463771,GOOD,0,0,-0.6866847076659461,0,,0.0707216157864875,14.139948428484097,14.139948428484097
0.12864079034853612,0.004739821932777124,-0.14454495683807528,-0.9552885645951718,1.4737155224727907,-1.682928296803834,0.7205167404505212,0.25820545739708217,0.7295539837812798,-0.49036321851585124,BAD,1,1,0.0880188700619307,0,,0.09205587889515111,10.862967275984296,10.862967275984296
-0.1777747116078813,1.410977054488622,0.46393123229275557,-0.853725894891745,0.9692921404144865,-0.33960730626217467,-0.1722578119520714,0.7353673165519721,0.2742342926567133,-1.43971622862043,BAD,1,1,0.39974101720612243,0,,0.20412930991209824,4.898855536378475,4.898855536378475
-0.1710748394992894,0.9509898031798263,-0.32901065637106774,0.3491512258232623,-0.10531928574470352,0.47730393689331757,-0.4703445211779614,1.6533864089745263,0.08661627333883898,0.0015117862420517512,BAD,0,1,0.1915423905125718,0,,0.12097127152522201,8.266425469385135,8.266425469385135
-1.5406160245526137,2.0467139684821385,-1.3969993449532836,-1.0971719846398227,-0.23871286931467955,-1.429066898448291,0.9490047765052598,-0.019397585962465276,0.8945977057600133,0.7596931198502055,BAD,1,1,-0.3631864379877436,0,,0.026370660141974662,37.920931619314366,37.920931619314366
0.5876388752337978,0.14460914761244043,-0.41229910610961773,-2.3136583121609977,0.33249526217871134,0.16931042803721305,-0.793780778142967,0.6627323963423141,-0.3608878678231499,0.020711239627139746,BAD,0,1,0.21575991435487352,0,,0.12678685713887083,7.887252847546261,7.887252847546261
0.5070705692234676,0.43138278450691175,-0.68991493802087,-0.9184260740300907,-0.7677744651303221,0.2951544843141289,-1.9299518841819898,-0.08973727210301083,-0.7426058309975129,-0.3618293865914214,GOOD,1,0,0.2497300890591646,0,,0.5420333464167599,1.844904942861426,1.844904942861426
0.1480051205284538,-0.4745133465442125,-1.0538566426432434,0.44229691204107274,-1.6997365015958215,-0.7026854875649396,-0.11839025178105882,-0.9391406160511568,-0.8138052344956054,0.39644453853062606,GOOD,1,0,-0.22372819457443202,0,,0.22613908892037501,4.42205726030897,4.42205726030897
-0.7076260558971748,0.601883940280935,1.8151234313297455,-1.000028927927789,0.24491740363809167,-0.35688989769157836,-0.9680396565200954,0.8260713388575298,0.33884697913903755,1.582552494087487,BAD,1,1,-0.02502882846341145,0,,0.06856859717931409,14.583935520583788,14.583935520583788
0.5862092185161133,0.5463140749136178,-0.14291528294557582,-0.7199791261881485,1.5337069498923288,-1.417448831056076,-1.5248946260347536,0.32290469113895537,1.04798414810842,-0.8100949163796722,BAD,0,1,0.5020226263185761,0,,0.25535866965017057,3.916060501763865,3.916060501763865
-0.4848700259763014,0.18552322332850749,-0.6475897026924887,1.764306890779907,-0.7623451772061194,0.1583505914466949,0.9389037772943867,0.6290985070965912,-0.32383251498638116,0.9517123999002985,BAD,1,1,-0.19537814573647114,0,,0.04209855669752146,23.75378346542875,23.75378346542875
0.373804500701193,-0.9447523971864591,0.6579063466555688,1.6907271573797713,0.1979580733887249,0.4631319138362438,0.16805519074751002,0.1433734811754914,-2.102572569565361,-1.5345185879811143,BAD,0,1,0.0752547466791956,0,,0.08872440617377605,11.270855936092659,11.270855936092659
-0.1717059224133693,0.3360904513669875,1.5658925755731665,0.7302525842946842,-1.1328003529927284,1.2297187456322514,0.11442909702019285,1.0831527513802284,0.9811897253223483,0.5044067860931577,BAD,0,1,0.1631128828228294,0,,0.11243499652620255,8.89402793521636,8.89402793521636
-0.600509897431958,0.845548989081431,1.663307110555293,-0.3844843174171136,0.7376768174229673,-0.7609995782297004,-0.03933919024408326,-1.0610845916386573,-1.727729270253125,0.5661384200572952,BAD,1,1,0.14341082656656104,0,,0.10830098554339171,9.233526315412352,9.233526315412352
-0.6908757450709337,3.6952997783501327,0.2540683382751721,-0.6497124569242408,0.585573607109268,-0.26597152644485383,-0.0788291979323768,0.7279390358755751,1.366949742955891,-1.6668805022599866,BAD,0,1,0.8013622829463064,1,1.0,0.45900255264593987,2.178637121374287,0.4516884334108099
0.5258908184900896,-0.8870970039559718,0.2572535924639508,0.21507044307340062,0.47869405392555314,1.5852181114834054,-1.5521676208283357,1.7065717754284204,-1.0851290057726983,1.4561973801784378,BAD,0,1,0.07075630715714461,0,,0.0871671720227373,11.47220882351389,11.47220882351389
0.7708144857819786,1.3687101235777408,0.6578142121716842,-0.9321575759441507,0.29475161885456724,0.10073964563304727,0.7910324771639785,-0.8278180302853848,-0.4999911205918866,0.9521361936816606,BAD,1,1,0.8559048932360892,1,1.0,0.4923454890642076,2.031094063440456,0.4210989001448323
1.2239577433935098,-1.5668432870856983,-1.2284893624389799,0.9163491791065601,1.2717942682817653,1.032383087760309,2.080616713517142,-0.6152062076493705,-2.453566205304855,-0.7083325520375795,GOOD,0,0,0.1468146528993588,0,,0.4663105515165159,2.1444936142831024,2.1444936142831024
-0.24434612500459743,0.8905795299551568,-0.5866455215458722,0.030531942351904175,1.5141044751068355,0.9293797179956591,0.5915653121373462,0.1407303175871868,-1.5214526807706006,1.021842667698157,BAD,0,1,0.17280889720102938,0,,0.11611863671826228,8.611882022231212,8.611882022231212
1.574961178664876,-1.2580102352752882,-0.6023871756911366,-2.343451103090524,1.1381667721605566,-1.4231365899858077,0.9142746604239324,0.22725393740230113,-0.4671491612940152,-0.9284070921758049,BAD,0,1,0.31440785379686714,0,,0.16088055161299067,6.215791716114757,6.215791716114757
-0.056144343056273284,1.1027864128705176,1.6238961842579007,1.5007276476905742,0.4834030895212093,0.40096455898844574,0.17907827840847754,0.8856838994614534,-0.6417519763794223,0.3230658808773594,BAD,1,1,0.5783007954596713,1,1.0,0.3042088813719783,3.2872150066428443,0.6815256116164953
0.5844426958957524,-1.079448951686073,0.7146958272683516,0.22357751470350606,-0.9060867789442381,0.21453403707113433,-1.4313384494982322,-2.2704132021611114,1.6680351279664263,0.6877174913431068,GOOD,1,0,0.02111665223682091,0,,0.3767837156545428,2.6540425141856665,2.6540425141856665
-0.8713655567580202,1.0712884123405164,-0.7509932845900774,-1.402157939420626,0.9804550534591364,0.5512310102488605,-0.435619386413368,1.0253087267684435,0.13248571077964214,0.18606310012075197,BAD,1,1,-0.2076006156086645,0,,0.041018176306133254,24.379435900237105,24.379435900237105
-0.17345609362160444,0.03192366589002642,-0.8603704762851204,1.4178789398571483,-0.21636159151507584,-1.0154893571166628,-0.7259753124258116,1.2277054932407083,-1.1264854630318841,-0.601702497867707,BAD,1,1,-0.09437947989015746,0,,0.05573750009490386,17.94124240048992,17.94124240048992
-1.478525316108312,-2.099307991591353,0.018244306675563513,1.862572930094346,-2.4401241305257675,0.002330638608819877,1.5379453109266439,-0.6780629099982906,0.6884251220541716,-0.45112484398347913,BAD,1,1,-1.4093536456085616,0,,0.0012187145071696685,820.5367164475549,820.5367164475549
-1.5213902937719854,0.5835337711580395,0.43229829833763994,-0.5832435290683634,-0.5526203252585131,0.285659043697623,0.47105343515245557,0.05389801515569181,2.4287544917989123,-0.5378665459552227,BAD,0,1,-0.604436872169259,0,,0.0131511227242671,76.0391352865068,76.0391352865068
0.3886063354203737,-0.8519191815769896,0.777798430756629,-0.1956740246011355,-0.9818342986021706,-1.8082747202412792,0.09109665891070905,1.9720632551331263,1.3087050447054585,1.4745596839225859,BAD,1,1,-0.028400863354078595,0,,0.0661420815872148,15.118967773661648,15.118967773661648
-1.0122112207459872,0.9050528629328798,-0.9129893226159165,-0.45036832301510676,1.0407174952822522,-0.755525089284661,0.42441824827810354,0.06644430233106957,-0.08799540550164092,1.954430088902813,BAD,1,1,-0.29619887019810925,0,,0.03199900454084596,31.25097215832211,31.25097215832211
0.01315303655787086,0.15323002771333896,-0.7863950304118423,1.3681052191345213,0.004008795533567024,0.45319420435997265,-0.4063786899313203,0.6841194893268114,2.883969251775838,-0.5881887751399346,BAD,1,1,0.05382801141191781,0,,0.08371728632030914,11.944964343133611,11.944964343133611
-0.07512534977355068,0.8944714688144528,0.106968373965012,0.053310829157568365,0.14209133788435055,-0.5059552368992227,1.1933324794598148,3.453524314401254,-0.2798628002662625,-0.9998643525261229,BAD,0,1,0.2645440750619084,0,,0.14595599960118116,6.851379886626513,6.851379886626513
-0.5856061645692245,0.7771447267055485,-0.7685061144460843,-1.2970277152025405,0.7375706675328788,0.7529184295240164,-2.306182941147614,-0.809273033397095,-0.23693404546697278,0.3239072506712229,BAD,1,1,-0.1588298971249699,0,,0.046803457913004345,21.365942701471848,21.365942701471848
-0.14030364690298505,-1.6051587093179822,-2.680939717427,2.198118914863767,2.1309769755249737,-1.194552052723986,-1.0740129816250141,-0.44310663177011445,0.5159674914371459,-0.4725025841606085,GOOD,1,0,-0.604081205998809,0,,0.08863388330014627,11.282366999690623,11.282366999690623
1.0956852648368083,1.868311474965728,-2.146797611047869,0.2681053968325592,-0.2455328755227384,0.34195859832714326,0.7373175598586964,1.4192882006301442,-1.3777255143970573,0.35013914822537684,BAD,1,1,0.9268403257847183,0,,0.5408934953054383,1.8487928005776957,1.8487928005776957
-1.1204244411983264,-0.376630504778423,-0.018131629481926537,-0.26069314703135443,-0.3767203596734453,1.1371310452150731,-0.720706627843464,-0.6924447678799871,0.779687111190004,-0.5168564798729451,GOOD,1,0,-0.7111485359840126,0,,0.06654152581013278,15.028209645407957,15.028209645407957
-0.7917222269620469,0.801759770989161,0.141568200123504,0.11944449842230251,-0.5947131506390756,-0.9110894569987916,-0.21406430482932137,1.0320175821509128,1.0826263769551498,-0.6898432731353442,BAD,0,1,-0.16016556559450412,0,,0.04674237617981622,21.393863165043992,21.393863165043992
0.446826246796479,0.14853198602056522,1.8363081603106133,0.1396675784886334,-1.7651938506826501,1.4476040528943543,-1.1417786944082575,0.7464021537026985,-0.46902780374760905,0.7869814652437135,BAD,1,1,0.3900952739314969,0,,0.19632350553167852,5.093633578372719,5.093633578372719
0.355644466939794,-0.08589378375205582,-1.887631051177205,-0.4563089413781191,1.649248009414246,0.0917569910206539,1.855244919759571,-1.726334762903537,-1.3529563650284693,0.836532625998119,BAD,1,1,0.03565707513845547,0,,0.0793215641121317,12.60691227150243,12.60691227150243
-1.1927713830291693,1.3748594175398903,-0.7032369510661453,0.24420707079596798,1.0323459107790158,1.6169399021897064,-0.05483023725936617,-0.24801134827199994,-0.3967249498631411,-0.033547027338664666,BAD,1,1,-0.19077566600472767,1,1.0,0.043451489064414164,23.014171010746292,4.771439331546477
0.38065488076789783,1.0589238967923413,0.25054572016926474,0.2934564749567999,-0.778046917978369,-0.367201268699924,0.508121580177673,1.1350526673910086,1.577481982062351,0.24619163555483223,BAD,0,1,0.5297382549542303,0,,0.27013738238548174,3.7018201300737266,3.7018201300737266
0.67702986849365,-0.06329423876550211,-0.7854454500269243,-0.6596664669852498,-0.9920219309311785,-1.3480593072410196,-0.5218516926866221,2.4473464215266993,0.12593047317490033,-0.7734723290170594,BAD,0,1,0.1789315597201358,0,,0.11453610795840105,8.730871144697836,8.730871144697836
-0.6113301826810987,1.5101988038104093,0.2112569253899631,-0.22977365259891894,1.4200312740149819,-0.36119467511111425,1.9175739224803707,-2.0326340530492066,-0.6250592090237954,1.2395980541684481,BAD,1,1,0.23534301078019756,0,,0.13748766150114347,7.273379946110168,7.273379946110168
1.7609482909501006,-0.2731028334753048,0.9264851954567821,-1.0789857112125043,-0.580865395477609,-2.729044357089719,1.1020000973238673,-0.484610482060817,1.143988351254438,0.5991729916158208,BAD,0,1,0.8415321230684095,1,1.0,0.4760640931381318,2.1005574972230603,0.43550048601554775
-0.3493429854850067,-0.30627904204094225,0.9834179419033295,-1.4479994493346828,1.5616557736792267,-0.9962090151461385,-0.7722372842099801,2.321471782401241,-1.1803574434412025,-0.2326277096408701,BAD,0,1,-0.15884366902370392,0,,0.047065477196964516,21.24699587799983,21.24699587799983
0.44909883424446956,-0.823087860995007,-0.402495596969506,1.385783766454507,0.5845207431072055,-0.24814981566368804,0.32847783781427603,1.1430734254415746,0.7158372997438407,1.3508013650170736,BAD,0,1,0.048238727048957465,0,,0.08220571331855221,12.164604619692774,12.164604619692774
0.6363177555180423,1.6506105751542899,-1.8827391233856279,1.3157324260086198,-0.33750264324332296,-0.39040121423881363,1.1464879638124925,0.13277769142147758,-1.8981997649674243,1.01715782762861,BAD,1,1,0.6993337316010582,0,,0.3778989365581602,2.646210145780857,2.646210145780857
-1.5692543638654153,0.7300772875795543,-1.014242836730325,-1.6187029620177245,-0.21096833163519546,0.9088647926071359,-0.5723598935276524,0.41310691121398346,0.4292976153327638,-0.07250542240066563,BAD,0,1,-0.7643093734874631,0,,0.008195423675776357,122.01931706785976,122.01931706785976
0.22239960855530488,-1.443216995225337,-0.7563523055944357,0.816454011019286,0.7504447615341785,-0.4559469274680022,1.1896222680291255,-1.690616826383604,-1.3563990488613127,-1.2324345139149262,BAD,0,1,-0.3121963868480054,0,,0.029956883053470256,33.38131000528636,33.38131000528636
1.399033721622796,-1.7077549427411838,0.7940561345096182,-0.5947547119696789,-0.3944584338904634,-2.0029202039440945,-0.39539103096972367,0.9697187924384993,0.3193653790189713,1.026185410176188,BAD,1,1,0.23990539736169125,0,,0.13365647241011838,7.481867372135549,7.481867372135549
-0.09418897057867942,-0.6885626905869919,1.246749501630115,0.0039800208922282235,1.9548209635230893,-1.1711656767339191,-0.310075036233117,0.6212982337973397,0.21979090754114772,-1.0304466752004873,BAD,0,1,-0.02632038690866391,0,,0.06827083433274143,14.647543270471186,14.647543270471186
0.38117292894343124,0.9364639460195264,-1.5928398829912223,-2.113494174527808,-1.7825335343918676,1.4449448654579424,0.3657444912585381,0.8446652659045597,-0.590898304466056,0.983494902139982,GOOD,0,0,0.1392501376982592,1,0.0,0.4580752152035751,2.1830476018126976,0.4526028413130117
1.5099250987288972,1.6802391874113267,1.1856531865355087,0.1388636281468362,1.389119548125638,-0.47951423120958114,0.47017542842254095,-0.49474676253084443,0.3520113899978598,0.061606669970642645,BAD,0,1,1.4890863004015837,1,1.0,0.8631356652993781,1.158566422641278,0.24020110890018248
-2.5865165116903213,-0.015538894768562466,-1.3567019028146157,-1.2254841587770153,0.7818380756800117,0.15503214566988288,0.47114110121132946,-0.33314075349869404,-0.4147965095110855,-0.7241038101657487,BAD,1,1,-1.478827720813261,0,,0.0010191853907887591,981.1757596192472,981.1757596192472
2.0468956858442504,1.2229795703374287,0.6293960998434663,-0.9902737266289511,0.7855210421731049,0.744750904240967,0.6048503597711237,0.9479135293583886,0.02919824227611224,-0.1532949994121978,BAD,0,1,1.484036113810313,1,1.0,0.8592066708505265,1.1638643343051591,0.2412995044963696
-0.4625703725405042,0.29288447162777675,-0.8360625358379868,0.5954613309081304,0.7907530948204978,0.0833073909643145,0.19590182711116336,0.5905957644227934,1.066105181842854,1.1637520134835564,BAD,1,1,-0.1527935321300537,0,,0.047717624975609496,20.95661719356616,20.95661719356616
-0.3845586262733021,-1.280698889625686,0.14424192365260893,1.313120342405413,-0.504696828792439,0.3315080681932804,-1.5005078153272615,-2.4688836306677366,0.8661964261685418,1.4900170392809513,BAD,1,1,-0.5201646409143179,0,,0.016539183353984722,60.46247741482797,60.46247741482797
0.5769340599430341,0.08652484860757291,0.38378884838187516,1.3347307577271426,1.6717911886146681,-0.3130077315757537,0.12355262918532725,1.5477291028255866,-0.10788917679723524,1.0033975572213911,BAD,1,1,0.5194100037411707,1,1.0,0.2667790608244742,3.7484201230393577,0.777145489962634
-0.9811605302559214,0.5794306891279211,1.0475864823232,0.35384034605852205,1.7583556507338916,1.3239304992040541,1.7223972327686636,-1.6114291773243108,0.7811876559567983,-1.943568898471209,BAD,1,1,-0.10780375851293864,0,,0.05522336055528836,18.10827863325744,18.10827863325744
0.6969039663339357,-0.4866691874945591,-0.6470158310196088,-1.3173932302991924,0.8599509434842139,0.3680512876785904,1.091033218194219,-0.825838060019762,-0.7977529363452492,0.11797021995522372,BAD,0,1,0.1317497892171492,0,,0.10194644689105996,9.809071630211896,9.809071630211896
-0.3000737314814555,0.8146430888605973,1.7695081288305337,0.8638324227547315,-0.8122654934611931,-0.4932797606132395,1.203169149193234,-0.4630974173324519,0.03713264534340652,0.8866862640885939,BAD,0,1,0.2854040482465667,0,,0.1546274182601717,6.467158355560386,6.467158355560386
1.1363979818137637,-2.0764091551161017,-0.4783334485613041,-0.5552221000067503,0.21331575176342665,-0.6006398932518432,-1.476604473354087,-0.439624589212368,-0.055247263198889104,0.30344541675144365,GOOD,0,0,-0.10268181539023515,0,,0.29330795362828493,3.4093858950286773,3.4093858950286773
0.4581331221372724,0.19068598014523278,0.13534081741856704,0.46066251017031495,0.7092653876355849,-1.648958684229827,1.2467172718516935,-0.8935284465101277,-0.2927627665905506,-0.0017918473130267474,BAD,1,1,0.37482719638576195,1,1.0,0.19069413742110433,5.243999702999411,1.0872182372254846
2.898206192665544,1.581118423907682,0.2546897614656764,0.5845354927441563,1.2971464008101792,-0.5138276703707552,-0.7868486794299897,0.21748307116911922,-0.05584787328109693,0.7686846431581891,BAD,1,1,2.095213911163744,1,1.0,0.9736237367909577,1.0270908177485256,0.21294277871608777
0.6277206416217664,-0.28759791546421376,-1.0585617060817396,-2.20224147187092,-0.530039758042571,0.6639947087477741,0.6903518195188416,-0.16525156924899576,-1.4238739032547831,1.7508021778248384,BAD,0,1,0.0037538923521925945,1,1.0,0.0714197407978508,14.001731017624929,2.9029249003161652
-1.9172831749453954,0.9297065323454977,0.0416293585462274,0.59974845797551,-0.10106640228787227,0.7415088362944089,0.3268443891932742,0.687050572400467,-0.3174954113645242,-1.3423601702007997,BAD,0,1,-0.6603990860665797,0,,0.011291911985318431,88.55896160899806,88.55896160899806
1.869834616076998,-0.014137949219932036,1.1602355045494899,-0.24706455365312216,0.12294783824806389,-0.3848372918602972,-0.30336060650548863,0.009562582978820814,0.3563334535245071,0.11508933008731198,BAD,1,1,1.075217035619514,0,,0.6459002136056284,1.5482267677505006,1.5482267677505006
0.3128491785442516,1.5463151302209646,0.2665188298474402,-1.773902379796769,-0.31496343501988133,-0.4955365061567787,-0.7344758558142588,0.10719287249680484,-0.919793628868033,1.5701749836726397,BAD,1,1,0.5642354050521056,1,1.0,0.29052585427250754,3.442034453367512,0.7136237305122577
0.35987239412099614,-0.6698844716608744,0.6590338613731426,-0.1968390705249163,-1.3388149431376248,1.5300050466106823,-3.3000803757921378,0.5135880816649332,-0.26715327585054766,-2.27776608595968,GOOD,0,0,-0.017153530265463884,0,,0.35065985118304704,2.8517664529492786,2.8517664529492786
2.033181076415105,-2.57092069804582,-0.6454366176559292,-1.5862110917053625,-1.0825354994162457,-0.4750646968261305,0.8086573880481521,-0.9604807961305822,0.377898121052306,0.014992745260227437,GOOD,0,0,0.07558288620336821,1,0.0,0.4065093250017531,2.4599681692312654,0.5100157147325299
1.6359138753477174,2.929660893432376,1.0249635446624172,0.8263678474871071,-1.204722529676112,1.103931098477063,0.41080891898717925,-1.1632958763488586,-0.711126068648103,-0.7776883945882607,BAD,0,1,1.825220249824913,1,1.0,0.9437941285296635,1.0595531056734795,0.21967305969491535
0.1541157002176537,1.0956221987916932,-0.7092909378098062,-0.7061498859949643,1.396166580371436,1.519014004390277,-2.2258571370737137,-0.8128351413961515,0.6320027325598586,0.33889602906515665,BAD,1,1,0.38467865831219916,1,1.0,0.19584541146950032,5.10606805896871,1.0586214013418178
-0.5410459450220811,-0.7109265053687259,-0.5675707009971422,-0.18002474183726078,0.3978348161202392,-0.009460603916412662,-0.5411371720002143,-0.1867385942904594,-0.7442832053102648,-0.6766061053652656,GOOD,1,0,-0.5289876528933809,0,,0.1081848909576771,9.243434930217834,9.243434930217834
-0.9032537457005727,-0.9304157040470137,1.8258276580150956,1.8415243301212108,-1.1615542498827922,0.5442609117868926,-0.44885245631262605,-2.7089623509255185,-0.9052194697450736,0.374271430104076,BAD,1,1,-0.5168536376398092,0,,0.016907837691707218,59.144168416666886,59.144168416666886
3.821688660563097e-05,0.8663686480749377,0.28175986241297163,-1.1369065636985114,1.4095637849341454,-0.5210848321261182,0.18979697580970398,0.8042639776910333,0.7326629051262684,-1.7334522801385384,BAD,0,1,0.3144765909556284,1,1.0,0.16586805207846195,6.028888550080528,1.2499462153093481
0.4025435307908659,-0.42977393550483056,0.8844543610737101,0.530772934409461,0.24693551449209872,0.26670591981881653,-0.9472940926296224,-0.710765645585421,-0.2505028006779496,-0.7279606711395501,GOOD,0,0,0.21377755877770305,0,,0.5196390620870914,1.9244126798004269,1.9244126798004269
0.018121884498976865,1.2868566271279418,-0.9536770899957918,0.6249716158046588,-2.1079351824824952,1.2595831671666744,0.052295540824464054,-1.6935875397920435,0.7796546981181711,0.2515641406830677,BAD,0,1,0.2442428593305178,0,,0.1366250783330891,7.319300469581586,7.319300469581586
-0.5750155928398144,0.34740650995611017,-0.38356840573813084,0.08567585935807126,0.9243166765178296,-0.41303701972736595,0.9360583420404895,-0.15048769700898015,-0.7204146015080869,0.5741167643946236,BAD,1,1,-0.16744309655352618,0,,0.04592012949436765,21.776942073359255,21.776942073359255
-0.792339434276765,-0.18791009235703224,2.004848934038196,-0.8695505829691458,0.33500698491636677,0.5983003629163522,-0.9309268659466027,0.7205171944324149,-0.28868103633213,-0.28450606115842936,BAD,1,1,-0.278596339115194,0,,0.03367417848695356,29.696344348457725,29.696344348457725
0.9583274046746033,2.477203941569252,-2.523263820164912,-1.0278475015154669,-0.9798282743626724,0.8851569078801869,1.3446426251461798,-0.14907056457727,-0.751638492324697,-0.7941273269595929,BAD,1,1,0.903407719101603,0,,0.5220929790278249,1.9153676455524697,1.9153676455524697
1.7165027742351253,0.17912390469970796,-0.4559683500449692,0.32669169909966733,0.6819648840132921,-0.7379887070817857,1.3263448403293354,0.9270035239969676,0.21309224825039347,1.3283330921381156,BAD,0,1,0.949249736015188,0,,0.5572624141559127,1.7944867168454264,1.7944867168454264
0.09216821074289513,1.2928406361581433,1.6984320756725098,-0.37305400808559847,-0.5260096024734977,-0.2025720874548663,0.5910482636661853,-1.4620393948467685,1.3633590297200202,1.4754789335259328,BAD,0,1,0.5770284896574044,1,1.0,0.3007065331064178,3.3255014105267455,0.6894633840989287
0.04104710872568246,0.13548793223522979,-1.6952806929032889,0.17812227233907466,-0.0452785625108321,2.0519984093494554,-0.5927021697786364,-0.16521378061409495,-0.2003430718272525,-0.7168753887911385,GOOD,0,0,-0.09001250367442924,0,,0.3045841739352216,3.2831646735942304,3.2831646735942304
-1.3833498058301037,0.0025279239646442556,0.5763136382397881,1.433803197924469,0.8030227398150132,-0.10702764324001715,0.2507251848199401,-0.7448139907375828,1.4801376315014358,-0.521249070582926,BAD,0,1,-0.5292672553401352,0,,0.016548933214191652,60.42685574091526,60.42685574091526
0.045464818037079996,0.5403704315252325,1.3385152608307533,0.9445143269195884,-0.47931886366750953,-0.05941500240542288,1.1205015070795452,0.06346235424028387,-1.3312041355391173,0.6198035808926764,BAD,1,1,0.35627121354560637,0,,0.1832397593715156,5.4573308949424915,5.4573308949424915
-1.3176952619885816,0.27285114699822594,0.5834330707584268,0.32477106605333517,0.8175293948413807,-0.05143464523813897,1.0979906545503315,-1.4260797067955364,-0.6730745041655429,-0.7345447151864123,BAD,1,1,-0.46729537834509954,0,,0.01974298582796591,50.65089995574537,50.65089995574537
-0.2611857652932477,-0.2761569889626168,0.3149699684858174,-0.6589853855852079,2.8199076341977842,0.8360445316992773,-0.3853296224729447,0.9616612401464677,-1.1775981009866925,0.2627713356587547,BAD,1,1,-0.0708482632267963,0,,0.06053406721488592,16.51962351133892,16.51962351133892
-0.6225878869714632,-0.2644382493445399,0.8916875678073258,-1.6887647307388762,0.08152067323403084,0.9566598086646207,-1.5827653593286652,-1.4591909268366938,1.076528994502148,-0.4564891518361388,GOOD,1,0,-0.3795052190650644,0,,0.15897542647513338,6.2902803418893045,6.2902803418893045
-0.4141657753152125,0.013931884062029111,0.6418711256367103,2.2227303982634825,-0.3185297520381022,-0.7249530356667065,-0.4675991570875114,-0.47357745730860157,-0.07378020274486616,0.781370586381089,BAD,1,1,-0.03763944117720116,0,,0.06593151681546071,15.167253057425542,15.167253057425542
-0.41323864450750997,0.5689736035327205,-0.8453679453485914,-0.7058211954605975,-1.9947681074967263,0.7051096613203273,0.450375475662995,0.9387628930813943,0.8456515042775745,-0.10239298875771558,GOOD,0,0,-0.2450489373557423,0,,0.21637880275490295,4.621524785552687,4.621524785552687
-0.5144947494243801,-2.341757142692912,1.415886453762085,0.3087707879352213,-0.6067325562931505,-0.03905224641879218,0.45448373349020776,1.002613746809372,0.4939539984730039,1.9462920548907656,BAD,0,1,-0.8368838435163581,0,,0.006563367112247661,152.360820733909,152.360820733909
0.3088195543984344,1.077895458422027,0.060369252798424734,0.7647793965918843,-0.03792237968212339,-2.0831621918731735,-0.5123896163162295,-0.6183570069568701,0.05453262972311679,0.4355729229584457,BAD,1,1,0.5391590628964764,0,,0.27689019332962045,3.611539968154678,3.611539968154678
-1.336678776068152,0.25948920907823086,-1.649966129883872,-0.03260144257512004,-1.1602186377904722,1.1092716743409106,-0.5335998050243079,0.7854023115002154,-0.752076335625053,-1.4600339405196576,GOOD,0,0,-0.8189683389614856,0,,0.0489947994164928,20.410329502509946,20.410329502509946
-2.8186530025073595,0.827177562356735,0.8621190134296215,-0.5240201725381137,0.5558064722220939,-0.2997158513385201,-0.8570825503940438,0.6675880922360743,0.9417552666999109,-0.646962111575448,BAD,0,1,-1.0955093911622327,0,,0.0032027719605566274,312.22953501385234,312.22953501385234
-0.4101120092081721,0.06812570823584903,-0.09891912036094928,0.23925986087456783,-1.2674959941594357,0.0915712442891479,-0.16935301763051838,-0.8856978941958283,-1.645607964622266,0.16979751913292426,BAD,0,1,-0.23836413442798482,0,,0.03703403625885265,27.002187744549694,27.002187744549694
-1.7059520057381703,0.3691639571070058,1.8765734269621657,-0.37690335016897475,1.8319360818255361,0.003017434031214063,-0.07602346572462335,0.003957593987599105,-0.18501411089711392,-2.487151535222769,BAD,0,1,-0.49309872372158275,0,,0.018599094394198355,53.766058648099104,53.766058648099104
-1.1769248912579864,-0.1895277822930986,0.034288605346101064,-0.3339099307005731,-0.38212536558313037,0.9727972485358709,0.30867526144867835,0.45675680055100876,-0.3597035854371358,-0.8476549112820619,BAD,1,1,-0.6819139117818285,1,1.0,0.01042059678614708,95.96379367920451,19.895803300999262
1.8013286529696937,0.43298750265476227,-0.4105571780155071,0.8486146357966151,0.2562941632079194,-0.4877522042490548,1.021093658795917,0.5074943598813889,0.43260536447897946,-0.5329588401244406,BAD,1,1,1.079717595722261,1,1.0,0.6488154056457104,1.5412704311556624,0.31954565525439926
0.3214442712943701,0.23351936921649144,1.0149522887472011,-1.365343241823016,0.27653105409089324,-0.9552158838227957,-0.2605126207976518,-1.3274909827312888,0.03730765585464991,-1.4526406739111428,BAD,1,1,0.2938099539441005,0,,0.1561817218380292,6.402797896139641,6.402797896139641
0.2018708184922912,-1.1791149052826604,-1.1102859959976459,1.1454614336543858,-1.6270171962609803,-1.016235867126816,1.6557042382271825,0.4480092560521237,0.6324830961433667,-0.3293872870576077,BAD,0,1,-0.37732096775085083,0,,0.024503490712583457,40.81051192785617,40.81051192785617
1.5593148568891022,-1.0926888646283135,0.7580424981657605,-1.199439969467994,0.17637047815504248,-0.8757308415987776,0.11760845626656423,-0.958168335581346,-1.8811146489414055,0.1823427274870421,BAD,0,1,0.5030750433683375,1,1.0,0.25144695573178893,3.9769819327885223,0.8245323286290094
0.7929518975841817,-1.5376848226493998,1.3897142939008622,1.1836559269554183,-1.23787039502056,2.135545601595113,-0.1667210430129357,-0.7169675793179096,-0.4438538195629017,0.6325447969724978,BAD,0,1,0.088060114541647,0,,0.09061728776931303,11.035421878281415,11.035421878281415
0.9481515452438795,-0.6672303969660087,1.3585286581682199,-1.9872376444564768,-1.5086486354584576,1.326438769445352,0.5969461996919063,-1.1205194491071853,-0.22269525483718397,-0.1462147028726321,BAD,0,1,0.2578524002060811,0,,0.13997242305223903,7.144264407188197,7.144264407188197
-0.3409509954760995,-1.3320066052416975,1.3713400483332603,0.7127907999118515,-0.04238655950546576,-0.5720159924568701,0.23616828488443423,0.5680556221693538,0.4231072447175073,0.9588791110942781,BAD,0,1,-0.3978686468632236,0,,0.023690987790081667,42.21014374160685,42.21014374160685
1.6540693588717,1.0077215829577184,-1.7790052198085884,-0.014624478743989654,0.6762497993725941,0.21076381406530026,-1.8618023512041566,0.2773460749128965,0.11957236699383392,0.09230308711426082,GOOD,0,0,1.0192371961063884,0,,0.9193227810537282,1.0877572280475847,1.0877572280475847
0.8433549248094109,0.6365278206737911,-1.5613702996044183,-1.2177395382884222,-0.25232149972155693,-1.0968252036640889,-1.4733740433043776,-1.2408555293833152,0.14144691390380665,-2.029956728716783,GOOD,1,0,0.407384082398305,1,0.0,0.6521657182487297,1.533352600448418,0.3179040819455266
-0.28973021175149805,0.6885024658971624,0.18432173306856606,0.1501349061917658,-0.2957640386241238,-0.5063378304522012,-0.9161079663464491,0.35744219788802095,1.0293973002571224,3.2437067347107544,BAD,1,1,0.08316366571057826,0,,0.09096526344119904,10.993207320796813,10.993207320796813
-0.1988806552571582,-0.9392905063472456,2.465988807078574,-0.8165374698709621,0.515816403911545,0.05478370225444015,0.10839453664481805,-1.0920599614712962,1.090665653554803,-0.11219091523466736,BAD,0,1,-0.14503557149906726,0,,0.048827182003642035,20.4803955289783,20.4803955289783
0.7934656446980911,-0.3971329454505919,0.09663161980912527,-1.6706243937903251,-0.4379895202325848,1.2577647190314776,-0.12603917503187925,2.271128614746993,-0.7626192245513409,-1.1627225171270834,BAD,1,1,0.20214354420644845,0,,0.12185943909508175,8.206175963273083,8.206175963273083
-1.0144720406973653,0.8712160137184647,-0.9194792276680201,0.2876311214263635,-0.5327923727826095,0.16564178605539887,0.016672373423269427,-0.631432251559425,-1.0040158066788205,-1.3120985315266447,GOOD,1,0,-0.34815919659973793,1,0.0,0.17212428310118436,5.809755497497954,1.204514204508433
-0.2735224637125338,-1.3963609156678072,-0.7617066373873341,0.33183378898654614,-0.8176670002970771,-0.044241663346109295,-0.5838075845218196,-1.6966703704006414,0.6463822095507153,0.34942988893539084,GOOD,0,0,-0.6532864232385354,0,,0.07664636345807554,13.046933407962474,13.046933407962474
-0.6742405599653695,0.28133115394510155,-1.5547614876731002,-1.7393790793226862,-2.1605733664984617,-1.9595779545979073,1.5562981706347543,0.32728124011410537,0.486092600733593,-1.2414069599767943,BAD,0,1,-0.5969318608268646,0,,0.012996432456622277,76.94419244186156,76.94419244186156
-0.023406269833191787,0.03670013025780926,1.4068671420183172,-0.5892231716346837,-0.010615519299245263,1.1045472018507467,-1.1138350112535094,0.948055176134196,-1.1769057874781492,0.07917949885860598,BAD,0,1,0.12113552526177426,0,,0.10061502261737702,9.938873678961853,9.938873678961853
0.5725567515972323,-1.3687162010707115,-1.1577200461261594,1.0658262297925543,-1.6549967992364703,1.4771353822876396,-0.9328609421342365,0.13042091725382485,-0.031028697570925873,-0.08768373982573438,GOOD,0,0,-0.2549724913074369,0,,0.20930567661656646,4.777701284384804,4.777701284384804
-1.446316001204991,-1.1448971209429855,1.9065964797307375,-0.4935143775781184,-2.646293296293553,-0.0582415057117433,0.8366452783370826,-0.3988459000205521,-0.17448841397392886,0.6855364862553504,BAD,1,1,-1.0410584166626695,0,,0.0036141126273100156,276.69309264008746,276.69309264008746
0.0807098019542659,-0.14463594906243993,-0.6980629217737855,0.17046152640744133,0.8017825614868263,0.22180640166334778,1.3074366450605879,0.6331309657685102,0.09480566688752465,-0.5582429646837072,BAD,0,1,-0.014034435473278846,0,,0.06958351971449757,14.371218991264282,14.371218991264282
0.7505748472240893,0.4520339894673094,-1.0138704208435065,1.1377186028797117,-0.14394322492402456,-1.6900316272429798,-0.6657505044290388,0.5175192995768013,0.635878414998438,1.2835600227118114,BAD,0,1,0.48124734014730775,0,,0.24180360446772667,4.135587648502027,4.135587648502027
-0.5777727170864493,-0.24321111498677203,-1.4925201736211136,0.24204583536789437,-1.4130407277334363,-0.9453346120985947,1.5221528599715186,2.000672024084738,-0.6563789851711918,-0.4729131940164531,BAD,1,1,-0.5655039980161252,0,,0.014352579666153853,69.67388603723919,69.67388603723919
-0.36622520944108705,-1.7322934991889325,-0.10983352066907691,0.8682489414366878,-0.2708073855551726,1.2804959408255503,0.34434856482531073,0.610275971990808,-0.43883400682281076,-0.10290457813006734,GOOD,1,0,-0.6842405475114709,0,,0.07095242066326511,14.093951843389886,14.093951843389886
-0.26786058872576685,0.19515911022954738,-0.9439915077147799,-1.0306334854354435,0.7104985101364456,-1.5347150370125728,0.4792074473353191,-2.118442147436703,-1.1875457756687378,-1.4435398156990535,BAD,0,1,-0.17841654511730054,0,,0.044033168895503655,22.710152938870422,22.710152938870422
-0.9358065642290458,1.2871312790040252,0.9303409369900507,-1.7557783042896073,0.23534057963782865,-0.16855729723630106,0.295751160157231,-1.1577472334870067,0.6689600452487803,0.0673722164972747,BAD,0,1,-0.06052449743105232,0,,0.06211325906140819,16.099622127561386,16.099622127561386
-1.8148040029285544,1.6112827706369262,-0.36684233094174495,-0.1133379534584451,-0.9258767368754403,0.1777710089141465,-0.7858367655431093,-0.8555679668911443,0.49337647822693165,1.8616313772579653,BAD,0,1,-0.5173450218818693,0,,0.016983208860777407,58.88168768326771,58.88168768326771
-1.18817519027507,-0.2406790907279704,0.9972796871650385,0.29390729185835485,-0.06358029107758219,-2.6129045486033533,-0.2804669140583019,0.4402675253740327,0.23198841547816262,1.516741546949991,BAD,0,1,-0.5599561392501083,0,,0.014985760357986214,66.7300141008247,66.7300141008247
0.35082624167613113,-0.8074191304225435,-0.6606791990734883,0.7688975113633834,0.4213931688558085,-0.3077850096564489,0.03946279048167272,-0.3177130693192495,0.16947673903519914,-0.4023396212980003,GOOD,0,0,-0.06193515957119606,0,,0.32289204962375,3.0970102892445017,3.0970102892445017
-1.9899921801787537,-1.0244698945624542,-0.7787312876838084,-2.4854216723645184,-1.0776544373364145,-1.420034018325001,1.5361952383822592,2.0905820190061566,-1.3773057955142254,1.0732452145615914,BAD,0,1,-1.5750716513023562,0,,0.0007493860466732612,1000.0,1000.0
0.24107499361741924,1.0012616102081888,1.4832888737409387,-0.7349452934005823,-1.328288150545474,1.228848189608918,-1.4155354526365658,0.21619030567036657,0.02855690701209574,-0.6884288483501514,GOOD,1,0,0.48609501395195204,0,,0.7063733664763032,1.415681914776082,1.415681914776082
2.297885578997527,1.276247945989341,-0.47009316461768835,-0.7192061272862257,-0.15806847832806906,-0.548281344636864,-0.6950098823438737,-0.5080798628815741,0.8451070985370979,-0.3641863572992026,BAD,0,1,1.4863125016658025,1,1.0,0.8584429894545447,1.1648997222697348,0.24151416749054305
0.727043780090882,2.289768837338539,0.6849129271053535,0.02579473198903238,-2.235333221736388,-0.023779778236546614,-0.2429578662563032,-0.7796146033875059,1.3291709929064641,-0.9789337717895934,BAD,1,1,1.0406016268560223,0,,0.6236303616281184,1.6035139748316447,1.6035139748316447
-0.18979187817704551,-1.0725280734010154,0.6116726570430778,1.3930650423320958,0.19535464832842955,1.0756236847005491,-0.4917823498818806,-0.9422425381459699,-0.14539920223680033,0.6362622660182599,BAD,0,1,-0.2721310207663106,0,,0.03394061332804552,29.463227147215058,29.463227147215058
-0.9752585589861398,0.1843759532156277,0.11425073663180842,0.8443467794344975,-0.17082205638355702,-0.30948092562896473,0.4542808191914004,0.3060751549116735,0.6761459549434247,0.8564699279454369,BAD,0,1,-0.38786519909062545,0,,0.024553037936306015,40.728157655852556,40.728157655852556
-2.2677597456235365,0.38464432736402254,-1.4888894253880445,1.792408911057065,0.1446282619824013,1.2748982798686699,-1.225813350132182,-0.6537670491774137,1.0218704603915034,1.983807689974054,BAD,0,1,-1.087669052612056,0,,0.0032301683638119565,309.5813862841159,309.5813862841159
-0.52337299276143,-0.6245437813002771,-0.8209808795705086,-1.0706569628754747,-0.961968164552676,-0.6152142476185017,0.25000879229760875,-0.6927355914290916,0.7906049831554218,0.9406114771862971,BAD,0,1,-0.6296753909163055,0,,0.011905809290040337,83.9926102996239,83.9926102996239
-0.8462815401450889,2.4032278497468846,0.9245445397828729,1.1326544341391687,-0.5931063550125552,1.5138219350025444,0.44118232537964425,1.7295916255415495,-0.13072742282138733,0.0705517775160157,BAD,0,1,0.42757739410264145,1,1.0,0.21949078138827452,4.555999999977317,0.944577911768658
-1.1106346720321985,0.4504456177691022,2.2803112732391826,1.6925906279849425,0.8841718182048186,-0.5384799446573829,-0.37667434221349205,-0.43238636618530857,1.580659829411814,-1.6847064151587414,BAD,0,1,-0.06576299535540481,0,,0.062364922680191164,16.034654690875257,16.034654690875257
1.3371703539009159,0.8499909381531157,0.6554100699036137,0.5179461774231867,0.22641983526200574,-0.5240694201011482,2.7347220680651043,-0.34408047191205804,0.5732667698824925,0.1918011993362733,BAD,1,1,1.05732637281229,1,1.0,0.6361310110723805,1.5720032235407206,0.32591736659198545
1.0720688438114894,0.08645024003597679,0.12369973790391253,-1.0622293344492408,-0.8347039847535137,0.8983820725024066,-1.1004879462237114,0.6338708137850724,-0.9152704846639929,-1.297471755359271,BAD,1,1,0.5056601382854046,0,,0.2531397759842887,3.950386683055553,3.950386683055553
0.29278037857569916,-0.32718066974612353,1.2374525408589556,1.0699691016892268,1.6795083582836285,2.6116720650317333,-0.3840869293209991,0.40445166836461177,-1.2467714707036097,-1.2863441677084695,BAD,0,1,0.32069081767092833,0,,0.16909577014866223,5.913808483327762,5.913808483327762
0.3685233114111773,-0.6548103148823281,-1.2725225374605176,-1.6972330869558034,0.9892579092971484,1.090622747126326,-1.1425641935255577,0.9781710346328316,-1.4211881767584336,0.23699235966438792,GOOD,0,0,-0.1630065639724171,1,0.0,0.26020333272598745,3.8431483160635413,0.7967851209443828
0.7911127681584514,-0.10791579130590527,1.3498398504205495,1.1688179254227642,-0.16191922477841195,0.1830882024610213,-0.057932990525085,0.4170296157684265,0.7433856113975842,-0.026939834963348213,BAD,1,1,0.5693199954750078,0,,0.2942392793651899,3.3985945117778367,3.3985945117778367
0.329951445896007,-1.6454296255610945,-1.7251177335021226,0.22200564191644662,1.0253653932332771,-0.1485613376561709,-0.4426449695589904,-0.4827920187557486,0.6771225943038501,1.4510502753246695,BAD,0,1,-0.43178942501002926,0,,0.021107285076776384,47.37700733953063,47.37700733953063
0.7726405527046264,0.16496222937818616,1.4378206792349248,0.7835193978460679,-0.8192378623344962,-1.030761944144212,0.021035059623601308,-0.4790987968667514,-0.4115803190602502,-0.8127606544239322,BAD,1,1,0.60037755773452,1,1.0,0.3128133243388442,3.1967947724528023,0.662779133128065
1.2830307747086311,0.6847631554909649,0.5078271760432795,0.41614597578860496,0.1429569524514458,-0.06162756634039431,-0.31480674559033817,0.6610574334671373,-1.094868489559057,-0.3473542636872249,BAD,1,1,0.9554304316640971,1,1.0,0.563808170533924,1.7736529058332096,0.36772461764764847
-0.690542791237999,0.021518910661959885,0.7162199410929158,0.8235891428738892,1.076230538693325,1.7051675426491675,1.516977631022017,0.6719039835665946,1.042122354707056,0.8275733824016617,BAD,0,1,-0.1713716911406134,0,,0.0457810510358452,21.84309834252232,21.84309834252232
0.5934612796655057,0.18319432148914444,-0.046408511292052625,-0.6650404076362083,-0.5209179177227259,-0.7299363231416183,-0.7905264315789527,0.9016190328656732,0.300155128794571,0.7710961647356046,BAD,1,1,0.30771098627692955,0,,0.16014304489740805,6.244417299799856,6.244417299799856
-1.354365213469762,-1.1115208599630906,0.7711635856406212,-0.7932352377480465,0.8154467560471256,1.735221340777855,-0.6429569717348637,0.9704319025071317,-0.2276106083225682,-2.5222339088333388,BAD,0,1,-0.9438355716234438,0,,0.004880328659698864,204.90423283535665,204.90423283535665
1.5163140581017154,-0.044904217793016114,0.8485858503428928,0.6062418726902606,0.9888942882985512,-0.44919688257034684,0.35368310028367383,1.0210136682645696,-1.23137259658208,-1.0948410294583046,BAD,0,1,0.9380935742835956,0,,0.551686905296576,1.8126223232766774,1.8126223232766774
-0.9284732525637133,-1.0324295731733977,-1.5630378706980392,-0.4701881050286818,1.0787669374775757,0.15594548938541394,1.306765726676373,-0.18233514492739464,-0.1137474175075033,0.3155587601582926,BAD,1,1,-0.9063511563076168,0,,0.005378591268978913,185.92228893976596,185.92228893976596
-0.17207328001003966,-0.4862561337065265,-1.7285193667053556,-0.08813495961037084,-0.20870111400346775,0.6993079043762349,-0.4630508918949427,-0.6888689563042308,1.5532186550305673,0.654521688439763,GOOD,1,0,-0.4127968979886756,0,,0.14439746027163952,6.92532955994383,6.92532955994383
3.209153971751537,0.5515188411550755,-0.000808992573108882,-1.0922567598349078,0.7514561773830121,-1.4484751316035767,1.174713707137013,0.41191998359893073,-1.5846094718497032,0.2659151424992497,BAD,1,1,1.8059960881823882,1,1.0,0.9392503355820058,1.0646788849751656,0.22073576775220197
0.10309579651179523,-0.7688044560823287,-1.338667129662233,1.1788474039574401,-0.6995270156111411,1.564879538762938,-0.6812017000547845,-0.6272104246602352,1.3932714272556432,1.7792380521971494,GOOD,0,0,-0.27930263833977687,0,,0.19982362936447762,5.0044131576451525,5.0044131576451525
0.5584377441369529,-0.4043475137311927,0.22947036892796138,-0.4575158130228552,-0.09410393113389046,0.6858520998529656,0.5563000543883339,-0.34564752083913697,1.4524563546515028,-0.3224030721127107,BAD,1,1,0.16995885670931965,0,,0.11298842589115786,8.850464037469674,8.850464037469674
-0.6255286845191469,-0.2807183222784557,0.9023232843483289,-0.19571829101336422,0.027557541194770604,-1.6592898530757696,1.5009570114190063,0.6657781696863295,-0.6704602583140391,0.24281495777843717,BAD,1,1,-0.31312260846072576,0,,0.030298758427280095,33.004652728595964,33.004652728595964
-0.843927798127465,-0.13771592943904873,0.45736099136853914,-0.9360284662239934,-0.5980143648169955,-0.6348446957170873,1.6061601114853157,0.2649361661995482,0.8519720537891945,1.2113578128105587,BAD,0,1,-0.49357438576797946,0,,0.017930677841093333,55.770340020733116,55.770340020733116
-1.3929278878016755,0.33689819504509366,0.14776654174954432,-0.33299341718695374,1.7727142034705503,0.15009042371487316,1.1225588706459595,0.8413201943874591,-1.8428646722800086,-2.0092545625599945,BAD,0,1,-0.5162991196370679,0,,0.01718624939164778,58.18605195418511,58.18605195418511
-1.8391393804392335,1.2761195304551654,1.3805389899077902,1.5968440672022801,0.17205487245376086,0.5448667731406707,-0.08557368666587352,0.6755263866925146,1.3987534807412776,-0.8788052393693556,BAD,1,1,-0.31793416566778304,0,,0.030735487988485778,32.535679940224895,32.535679940224895
-1.6255296971778606,-0.8496028332724124,0.9854634218314932,0.35213740144334865,1.9025139205319999,-0.382032524538817,-0.48685100067278825,0.027027199178539327,0.36588164236314136,-0.16602861813409478,BAD,0,1,-0.8717698343948582,0,,0.006123281565787686,163.31112480393708,163.31112480393708
2.2986539407136757,-0.16520955264073184,0.46629936835718944,0.26998723863108903,-0.31983104711808824,-1.147741599876586,1.703623988120705,-0.7221507700557533,1.0936866496587212,-0.2295177532399562,BAD,0,1,1.183845290586798,1,1.0,0.7132642495862698,1.4020049379736217,0.2906722775695926
0.6048849026509978,-0.3008906478477046,-1.2313318314845003,1.2641532651029588,2.5033958646519183,0.010992423784485846,1.177082386564076,0.5285916154412339,0.4547429452692914,0.5580037122887553,BAD,1,1,0.2911888789069533,0,,0.15601849076823596,6.409496688988556,6.409496688988556
-1.1460314881658582,0.2681346769392181,-0.8115132211805935,0.6600685305651225,-0.7025147614061574,0.5469735407162749,1.0575266332170254,-2.4574623332313315,-0.7945584174164917,0.7097177755092496,BAD,0,1,-0.5777885871810763,0,,0.014091919605946046,70.96265292189524,70.96265292189524
-0.03162858763127815,-0.6184583810956705,0.6949829710221622,1.0693296730724682,0.6497211904036004,1.380689636886559,0.3061868831739983,1.2814914890396107,-1.5798295641564963,0.413406503512303,BAD,1,1,-0.03869533891219962,0,,0.06549044792651725,15.269402358066596,15.269402358066596
-0.8141710426569331,-0.6686997083546674,0.569922047954969,0.06795536501263247,0.9154314770463009,-0.31473730920689047,0.4980535413787673,0.46315603854531284,0.9569641780425557,-0.5688023067035843,BAD,0,1,-0.5046678223416495,0,,0.017549641286275765,56.9812216493578,56.9812216493578
0.37733703429563215,-0.7960390163736744,-0.1625126537204549,0.42441529869267336,0.09462589768641991,1.0163501680979188,1.5071095412392945,1.0092819296275308,0.3923402267507154,-1.6013882521762153,BAD,0,1,-0.028061425659867568,0,,0.06649982552234769,15.03763343956359,15.03763343956359
-1.1918315447291066,-0.6092394325490298,1.4458175657158827,-0.6055587390680846,-0.26645352563396674,-2.8784267689241836,1.1773061233564652,0.7795923914465398,-1.0444874721181916,-0.7460022009442238,BAD,0,1,-0.6836119719600845,0,,0.0104202016107207,95.96743300735774,95.96743300735774
-0.73674362327619,-1.0771518297707543,-1.568324903209688,-1.073912115285932,0.37477924196386836,0.6065207695732296,1.1855413480776409,1.5558443950153833,-0.24552486040404128,0.20287471835666157,BAD,0,1,-0.886545765630948,0,,0.005650559489903456,176.97362567137327,176.97362567137327
-0.803239399939795,-0.9382315218687345,1.0022898125029875,0.8864395093725062,0.4655964227048553,-0.4468100913513634,-1.4310257881318815,-2.0185911933720693,1.5714199399589839,-1.117634849798026,GOOD,0,0,-0.5187884843328981,0,,0.11242668739931222,8.894685266748485,8.894685266748485
1.4692083028521956,-0.4470343315836607,0.9692133398427439,0.8466872377493828,0.6108180939736211,-0.6652888855585158,-0.5390686415774785,-0.5699517962545901,-1.4893434370374596,-0.04884518704139992,BAD,1,1,0.7973789791149579,0,,0.44780502139502326,2.2331147535700984,2.2331147535700984
0.01163811707543188,-0.4616196805849563,0.797763143971631,0.46495779872658655,-1.0853426623736786,-0.8053344614259224,-0.5952031775449396,0.4502624330049805,-1.7483350102206692,0.8512879536949794,BAD,0,1,-0.07317937222673973,0,,0.05884815724542537,16.99288553470782,16.99288553470782
-0.9410303720301805,0.4748376009754389,-0.46700181365169674,1.761472187473282,-1.1592044495471274,-0.881143096433573,0.00879925977189256,-0.4376185353758294,0.6326497625849407,-1.4695042986883764,BAD,0,1,-0.34270965549420823,0,,0.027804291622310042,35.96567082462926,35.96567082462926
-0.9058641673925694,-1.568013166166086,-0.48314224962822533,1.474955019378138,-0.6646715923251441,-0.015215356256821409,-1.6273187937895983,-0.592342708394474,1.034923250461982,-1.0118879422886002,GOOD,0,0,-0.9373399700149755,0,,0.035100014600019894,28.490016639464113,28.490016639464113
1.536107505720211,-0.7933775833025974,-0.5151315532741864,0.3380206875385828,-0.44990350112172756,-0.33866554470859994,-0.02418429990430072,0.12286788044018263,0.3087859657273903,-1.2551889589393765,GOOD,1,0,0.5007072512205168,1,0.0,0.710617485945761,1.4072268411311322,0.29175491461524755
0.7157348153048685,0.8020249786866156,-0.7214035892944379,-0.14855122280233912,-0.6007060401833519,0.7425052841475599,0.5207691059739581,-0.2613874015619357,-0.4672996749642331,0.16415045951939455,BAD,0,1,0.5127055489978317,0,,0.2584961394687774,3.8685297275814268,3.8685297275814268
1.6197290353316953,-1.3890458396185827,-0.5136899421847394,0.6504889220137876,-0.686815870021942,0.15730681894997947,0.8258365757680074,0.9439084133192779,-0.32031813273183546,-0.130653139879242,BAD,0,1,0.3667236970312264,0,,0.1823482229622729,5.48401286151769,5.48401286151769
0.9760927818429993,-0.46956595378324295,0.3373439970344663,-2.267474245065989,-0.9391731188307523,-0.3081602102373912,-0.24936692838604266,-0.9847865568674868,0.12597472196037876,-0.1355470355319178,BAD,1,1,0.24372483005113416,0,,0.13485713023968468,7.415254931071698,7.415254931071698
-1.7500643783086958,-0.6561173245659092,1.1637309715250355,-0.0006858558462784903,1.2876462390847354,0.33185087637114175,0.7237879974844459,0.0456772190186637,1.1528810614708094,1.6840490468373557,BAD,1,1,-0.9064893713744336,0,,0.005519937807082945,181.16146140575052,181.16146140575052
-0.7246668320456827,0.45292246503709815,1.0013920827864098,0.7824673995491915,1.0092554035244536,-2.4943210597718806,-0.4810445085883322,1.1859551458852757,0.9908563465308764,-0.3000408419867365,BAD,1,1,-0.03450071198528752,0,,0.06719429206911745,14.882216468199102,14.882216468199102
-0.4585623717703027,0.08476026448906594,-0.7517887703057032,-1.0602489433219269,0.6105405603036862,0.40627103433728035,0.06945486058985327,1.9247295220379417,1.4539247011274994,2.0862381838376853,BAD,0,1,-0.29683322419853725,0,,0.03152423469590223,31.72162654054812,31.72162654054812
0.4026276143823328,1.0162748622592548,-1.17188149853108,1.2045364390224975,0.06612758134607705,0.32387448030281374,-0.4453365180317241,-1.2727630154212888,1.1245012214199912,-1.5006085473298636,GOOD,1,0,0.47206554855204985,1,0.0,0.6978771380726808,1.432916978426444,0.2970811517178763
-0.4209631104346465,0.5319177055849824,-0.5033969176581186,-1.416395230286864,-0.667626318656721,-0.8072146300468005,0.26725983276553855,-0.5792000322876781,0.8010163289068467,-0.4371792358579671,BAD,1,1,-0.19677931109034127,0,,0.041616324648220064,24.029032079428717,24.029032079428717
0.8968935558620045,-1.2961422703619865,-0.7661022207718267,-2.2362527882016288,0.046327557310846944,-0.05535106725613376,0.42491286095294456,0.6228215147539629,-0.20458977846842993,-0.903520725806407,GOOD,1,0,-0.10907353163577536,0,,0.28906656644887563,3.459410793454248,3.459410793454248
-0.5557571862756903,0.9180193162891035,-1.6696514714772666,0.39855418546269294,-2.3988514986691922,1.4723695953750258,0.6207215979274977,-1.8969018919463556,0.894486782062176,-0.7155736321732101,GOOD,0,0,-0.2592635767979557,0,,0.209362384722369,4.77640719141635,4.77640719141635
0.814324613537393,1.2140595171215174,-1.6119503393696952,0.38265856161425904,0.8459134704189475,0.32351256640857523,0.17759075527122256,0.022725782621203446,1.1092738552242762,0.7463122829548583,BAD,1,1,0.6961977757894131,1,1.0,0.37623178237583194,2.6579360033997945,0.5510596224140936
0.6869376770616449,0.024610924354389847,0.619951602914075,-0.018432613234157926,-0.418667900473047,-0.5064371386337809,0.11816520887303678,0.2801935087625297,0.17609060654774036,0.8532425839939517,BAD,1,1,0.41139796387779887,0,,0.20628956033365373,4.847555050205135,4.847555050205135
-0.20657718796852254,-2.784125995216384,0.28615352847100206,-1.1128704358160082,-0.544720740670774,0.777825379448841,-0.33389718290509074,0.6439086901952461,-0.715293771938833,0.2975537530277765,GOOD,0,0,-0.9944509476933692,0,,0.029346779888569274,34.07528879819299,34.07528879819299
-0.5755109178676994,0.5094160995627045,0.6671845334127657,0.40349598675387655,-0.9526218374366926,0.3763894063293368,-0.7033405644420884,-1.5217051153600218,1.867694893829666,0.4532811126811505,BAD,1,1,-0.0887829015476991,1,1.0,0.05692452490165525,17.567120704610783,3.642123395748864
-0.7298526190058333,-0.53942533630721,-0.08126361905261899,-0.9147307358752768,1.506111056898553,0.430402226026727,0.5907190614572138,0.5372413523366444,-0.24598151665305493,0.07587346095916021,BAD,0,1,-0.5075807967379505,0,,0.017355321492525753,57.619214972805906,57.619214972805906
-0.3019153958987555,-0.27273775366146513,-0.06958910926608372,-0.83456213472346,-1.2896623164120211,-1.3572018908502586,0.21972050880375876,-1.1512197378681654,1.2114057924771078,-2.622694667830219,GOOD,1,0,-0.33813624655739566,0,,0.17389616313888967,5.750558160396597,5.750558160396597
-0.33901502980395715,-0.9472427030108502,-0.10187157236010007,-0.5649699251726251,-0.2805354315283516,-0.33665621874795576,-1.0941124018507793,-0.535004799661044,0.05140356784039861,-0.46015395801657283,GOOD,0,0,-0.5027966812474349,0,,0.1151846079780612,8.68171553086734,8.68171553086734
-1.2958611369121733,0.422911581084335,-0.13601396986120382,-1.398174609265351,-0.2803738374657816,2.2024455512226138,0.7787572061225748,-0.05927088042973824,-2.7470742895985643,0.1815634160148399,BAD,1,1,-0.6219025366419166,0,,0.012417265567379699,80.533028352636,80.533028352636
-0.7099434210201616,-0.05156342459302195,-0.13070247449713596,1.0122950638811103,0.8156845906793413,-0.3258448697514023,-0.2584707683063444,-0.8904404638873267,-0.4581725076778308,3.4585968161148313,BAD,1,1,-0.2916596389023576,0,,0.03239716925890764,30.866894326733462,30.866894326733462
0.016677117941437506,-0.47336487400886057,1.118495904915875,0.48607320858205894,-1.027701575056674,-1.7626461453123483,0.10436756302337383,-0.8348484075227091,1.0463334271019895,-0.8959576800770115,BAD,1,1,-0.03817519001024789,0,,0.06494146297830827,15.398482789554953,15.398482789554953
-0.6570293996628584,-1.0860498262479517,0.30650582998705583,-1.0826121288108281,-1.4068990263126497,1.6514358866722025,0.103279908087676,-0.449001129008708,0.7327269904660167,-0.21018097777041758,BAD,0,1,-0.7477794615928811,0,,0.008451880537090983,118.31686399393735,118.31686399393735
1.4398866368577263,-0.6477515848119693,-0.1402769679857189,1.1426908905655233,-0.20228105692790657,0.2507179416205716,0.20031873003482747,1.662303533215123,-2.1118538825115603,-0.06863771222246444,BAD,1,1,0.5853434849993137,0,,0.30057048631586164,3.327006627487458,3.327006627487458
-1.0659213786835415,0.051342513247898784,-0.24609786652790788,-1.2767118358695502,0.28184854623567684,-0.7812535033757978,0.07852207793979853,-0.744649812431002,-1.2278374661540508,-0.4013197679180707,BAD,1,1,-0.5945260016267477,0,,0.013437898606801167,74.41639718087184,74.41639718087184
-0.5344270753617962,-0.011301867936843329,-0.7563988536277235,-0.7569098478750196,1.159745068983059,0.7064061842456313,-0.6740797927549825,0.1060191820823213,0.74070365495494,-0.5585443102634757,BAD,0,1,-0.32351952544192086,0,,0.02934863516547188,34.07313472540901,34.07313472540901
-0.037725532453592295,1.2098907593803374,0.21666429568091386,-0.3059413766380236,-0.7612972174738938,-0.3293718448641067,0.14522393930551428,-1.0461948648683377,0.12369830040614276,0.2703912487783969,BAD,0,1,0.32866432668592016,0,,0.17034449090101744,5.870456947040764,5.870456947040764
-1.3237556203344953,0.05739620711732568,1.1725550563368747,-1.202268051991203,1.213198685931469,1.2387851442840487,0.8385173120430706,0.6262673312201238,-2.807021342875716,-0.9698023062124117,BAD,1,1,-0.5336882188481956,0,,0.01628670466033901,61.39977489953359,61.39977489953359
1.9110178137706169,-0.23107259438145047,-3.0222347809255674,1.122693026022592,-1.8196550623321932,2.3382971133397223,0.38505101783936924,0.9164853151022248,-1.7951895832498677,-0.6794217888234076,GOOD,1,0,0.585047118058008,1,0.0,0.7552722662462137,1.324025844309245,0.274505172772517
-1.8452131337364401,0.652498417392727,0.9713885740592777,1.4513172664324696,1.9120131850731876,0.6150656941029948,-0.466844797182049,-1.7859331125727114,-1.3040788911790682,1.6317935693791248,BAD,1,1,-0.4740652188091101,0,,0.019741957915050252,50.653537217686576,50.653537217686576
0.7881870169027756,1.04824906045827,1.5746553894223603,1.0170253989547804,1.9496533307886716,0.37024531375609704,1.0010282763901057,-0.14302139975791656,-0.044862191434083064,1.0771401217547978,BAD,0,1,1.0370052261086045,1,1.0,0.6277762029915903,1.592924349847323,0.33025486303593565
0.951527403073457,0.6966420526174255,-0.11841376098172546,-1.7665351794916242,-0.4311889154998469,0.7677538155384023,-2.6591128365993795,1.9155541169330634,-1.9456017041872071,1.63589321712284,BAD,1,1,0.5896074158533006,0,,0.3033642525377404,3.2963672932281094,3.2963672932281094
-0.41231397008039317,0.9949707776250813,0.33310830572758227,0.864816298314554,-1.8103339203958246,-0.7409164972132832,-0.5559178721456955,0.6134614138179562,-0.2869226111473509,-0.6375144860454102,BAD,0,1,0.09020074895971579,0,,0.0923471570022658,10.828703692258381,10.828703692258381
-0.13612424676207266,0.708612443120185,-1.1961669079806165,-0.01893199830376808,0.7374260649332379,-1.285590941664141,-0.28451206526997025,-1.566042060569948,1.587695586228187,-1.653947875664638,GOOD,0,0,0.07163638094967133,1,0.0,0.4163134177877887,2.4020364400307157,0.49800495270582334
-1.841188300186717,0.36609322616730366,-0.3317771350528086,-0.6892179780897532,2.0346075615049335,-0.5507144119145928,0.7504533303268411,-1.3069923390808191,0.5805733357942744,-1.1045230926622938,BAD,0,1,-0.7902883414569285,0,,0.007764195840082195,128.79633906676594,128.79633906676594
-1.1227397016148466,-0.3985146640495023,0.03148748801069257,1.5457917312226372,2.9424143014213713,-2.5336590731240025,1.1234469710504094,-0.5773875130644036,-0.7646477280245032,0.404578799206909,BAD,1,1,-0.46232534319031965,0,,0.02022288467163026,49.44892957842228,49.44892957842228
-0.022744227979826292,0.5152584140734918,0.25603199384191566,-0.1118598022443904,-0.12449472384192138,-0.5455311250261362,0.26924733790416905,1.0029767834933667,0.16207358446253395,0.810035192530098,BAD,0,1,0.16986884244537484,0,,0.11410877661613014,8.763567796051916,8.763567796051916
-0.08454378176961004,0.06581590910791382,0.010182301205252762,1.7798243766533453,0.09721144394744807,0.2745242951730754,0.6114749324736095,0.3445533288016556,2.2414953786592435,-2.084639132454187,BAD,1,1,0.08202735577945804,0,,0.09084292713335125,11.008011647754017,11.008011647754017
0.6013453576052953,1.2377481095044378,0.686882221186713,-1.7582570859096278,0.8437656489741423,-0.15274867036915335,-1.1652179310977446,1.0897347138236053,0.5102959027517722,-0.8418278212316173,BAD,1,1,0.717702681012927,0,,0.39280603173846185,2.5457857548018,2.5457857548018
-2.062063795738857,0.8249172768005779,0.1179448395046468,0.4781326725715535,-0.5165213775997485,-0.5133155400958628,0.9491871040591117,0.7187735861356946,1.8614263032281273,0.025844223700076645,BAD,1,1,-0.7851279757539957,0,,0.007833670077163391,127.65408680092189,127.65408680092189
1.2582382206409954,0.4019588706831498,0.36203891387029025,1.7263963929112118,-0.902404423902606,-0.41323336649747644,-1.4456540943517122,-0.5244280259438602,-1.3446697374620908,-2.480287465554709,GOOD,1,0,0.8565398154770337,1,0.0,0.8766320653911788,1.14072943425104,0.2365030348777995
-0.9704182178744319,2.6871612033392807,0.9312776144665534,-0.5331297226042839,-0.28529427255598,-0.9489437188256667,2.5099520677229528,-0.5465987844690795,-0.5904557741063047,0.04478654086972869,BAD,0,1,0.3828816210671286,1,1.0,0.19766108959638912,5.059164664334968,1.048897101394886
-0.34264274255647564,0.3689398174109958,-1.706382578089405,0.009483316344038316,0.14192653307463252,0.8580625246742298,0.2834423782903385,1.9312236432313663,0.1720681855690395,0.43284871187604723,BAD,1,1,-0.2161816626300499,0,,0.03948547505627613,25.325768490179332,25.325768490179332
-0.22440219048789134,0.1063568758736295,-1.4538420339843297,-1.039417184529742,0.774606552452825,0.6857712105978452,0.1385858918287443,0.16417696078346972,1.6879325006340358,-1.1310281701213016,BAD,0,1,-0.2315142505467809,0,,0.03779062747515367,26.461587616068915,26.461587616068915
-0.2313138218435047,-0.5869213861763821,0.1932074800143936,-0.9410464625712366,0.5157840540147866,-0.001023114593134598,1.1587904537444813,-0.3310640450009098,-0.45928277313274135,-0.9264163189357267,BAD,0,1,-0.28846264780606484,0,,0.03225043702348473,31.007331754041076,31.007331754041076
0.37024980783686146,-0.859359069787854,0.09727192171450116,0.5415431627664096,1.4402086977419033,2.0358706915295555,-1.7965856628183865,-0.5249287391273232,-0.9983782381519276,-0.32233980766498493,BAD,0,1,0.04646365447211796,0,,0.08226078678213816,12.156460436592088,12.156460436592088
1.0646692406601606,0.6191278299003353,-0.09182482057904799,-0.650122093083521,1.0181999243882647,-0.05887498161268372,1.5905341822728425,0.795679662631077,-1.818302165407141,3.153392137029261,BAD,0,1,0.7529526073688924,0,,0.41616623498708444,2.402885952607459,2.402885952607459
-2.2718815092284594,-0.5440334829850904,-0.22004918763242265,-1.221714403883842,-0.9272823009826137,0.2698612076383813,0.6136278782467391,-0.7371941180513102,-0.09527287531892624,-0.3801300316903503,BAD,1,1,-1.4473222314729457,0,,0.0011056326754577603,904.4595209579659,904.4595209579659
-0.2688128201531403,-0.794536549893067,0.5096561871734692,0.1097126825912871,0.5929466112193226,-1.5651521450771564,2.9675579781460506,0.5079729819698269,1.629934925613996,0.2840068142931275,BAD,1,1,-0.28296534030852294,0,,0.032912991182135275,30.38313942558908,30.38313942558908
0.0003106157775374468,0.4951590697382512,-0.43895925845998024,0.8158791712776547,0.18144010629405538,0.108037979209811,-1.5277372658206307,-0.8213668379669227,-0.5639496321368463,-0.514471388908676,BAD,1,1,0.16709048753643202,0,,0.11340775044536892,8.81773949375464,8.81773949375464
0.025191903274544004,1.5175361283542566,0.3696111506737348,-0.4806321621688906,1.0423327430213356,1.098875986566869,-2.132910373907718,0.7592043314019562,-0.2851808701227014,0.4804114112715212,BAD,1,1,0.5488897407640804,0,,0.2846104445187753,3.5135744989640796,3.5135744989640796
0.15538222556681633,0.6060145173294422,0.275015371375862,-1.949169947538008,2.1615512833598953,0.15892284401728043,0.42161806347964803,0.3452607332721059,0.05534708673196842,0.9563241719821509,BAD,0,1,0.31047336667448056,0,,0.1641640086669625,6.091469184507352,6.091469184507352
-1.1152048889292996,1.5049471902417935,0.2557688596625924,0.12213993725439688,-0.3711355944517165,0.6294727120945202,-1.0695724110432596,-0.3780300644396052,-0.5235561782531916,-2.937212794084849,GOOD,1,0,-0.08984396589760628,1,0.0,0.31015640427700464,3.224179756439552,0.6684567562597926
-1.1807980275906318,1.1810021618172988,-1.066055258162113,-0.7430459223148426,-0.8859252495127169,-0.49581833514279516,0.527387687628702,-0.30175139488690217,0.35564438892659067,1.3281321131436516,BAD,1,1,-0.4225320995552185,0,,0.02203434897450184,45.38368713126948,45.38368713126948
-1.1880175973177194,-0.5497461935354897,-0.9400461615447682,-0.8279323643658708,0.1088634678336795,0.50780959049232,-0.8622273465104797,1.249469742726979,-0.07961124591739943,-0.8897314812650339,GOOD,1,0,-0.8953867087952063,0,,0.03965457166057573,25.21777333921355,25.21777333921355
-0.21823473396034013,0.3807530101111061,0.2387255314389622,0.13454766011679728,1.6397105994939052,-0.614485139414611,-1.3590305596230507,-0.5872785126160613,-1.9435556958049454,-0.21788449197404788,BAD,0,1,0.12523770436391102,0,,0.10272262550343118,9.734953668669592,9.734953668669592
0.881701397982945,-0.9720121748582313,0.5254421983522573,-0.34564002227471075,-0.3079391242616804,0.18917215898206755,-2.7763756673441695,-2.478286376653287,0.6662957375534807,1.6683408005200695,GOOD,0,0,0.18798648428759193,0,,0.49673061687692865,2.0131636062364215,2.0131636062364215
-0.0549125179026859,2.4107573315584117,0.3100602971798463,0.4942312319586998,-1.4030081704512587,-0.39683153307267155,0.9289217690714816,0.8966357429103213,0.32275553462582884,2.017397578340806,BAD,1,1,0.7027876609716499,0,,0.3831025071406778,2.6102674385077655,2.6102674385077655
0.2217753462714224,-1.4841784339724746,0.8345680904865472,0.7029284905459974,1.2773660132195808,2.376437138715728,0.009164431450487722,0.5754414984606511,-1.5121417472306429,0.8745738469370288,BAD,1,1,-0.14558173808690422,0,,0.04851745949108645,20.611136908017997,20.611136908017997
-0.9805822175698738,1.1710835036186504,-1.0224390141532522,0.632380168803068,-0.05879930999668546,-0.9621286662467072,0.8865990603268918,1.2650377385436393,1.9715212116479575,-2.194508803044697,BAD,1,1,-0.20969656520694446,1,1.0,0.04077692139020791,24.523675792752172,5.084399137253022
-0.4533996984310992,0.6090995914299342,-0.8522489506584864,-0.05454962931514019,1.0907946273414781,-1.8463416145538356,-0.41243382161399256,-0.41546602951164513,-1.3017565892197431,-1.1360989745400003,BAD,0,1,-0.07138714689844725,0,,0.05994209300970055,16.68276748091142,16.68276748091142
-0.254125434545217,-0.5726567690316898,-0.8127479685547693,-0.39646871176150084,0.6713770449364342,-1.6478964516089472,-1.2054053480340505,0.37612382180038384,-0.35395058607791535,-0.7672151746984333,BAD,0,1,-0.36188173161343923,0,,0.0260946952191017,38.32196511986794,38.32196511986794
0.40944806598520256,0.9710150739398405,0.055893360103507414,-0.13442562190597213,-0.7935082792305357,1.2485130631114325,-1.1446482896282357,-0.922849593193101,-1.5573740255791648,-1.153885792720572,GOOD,0,0,0.4762088593832663,0,,0.6995695509782142,1.4294504364886826,1.4294504364886826
0.0119853470727816,0.28464190094030795,0.9393027179369314,0.1452909657290613,-0.5626765403499736,0.23486588916902887,-0.5185543713890746,-0.7597400129360442,-0.295539952210488,-1.4838385074250564,BAD,0,1,0.1775068904492364,0,,0.11638930400999882,8.591854797190742,8.591854797190742
0.284428173888727,1.088031769220706,-2.117933850827455,-2.1077800044616746,0.4603693020294731,-0.2725045641544041,-0.19409476681267507,1.1291835860707187,-0.7473212426980727,0.06232283297483519,BAD,0,1,0.1926423105519293,0,,0.11951452141211638,8.367184072567603,8.367184072567603
-0.5990784485961278,0.6727425360323673,0.5603262261902678,0.004763581710500002,0.18166179174550157,1.4210483234928641,0.7443327100292888,0.6856419731430563,-0.6940719880280536,-0.47472800853181424,BAD,0,1,-0.026553914606278498,0,,0.06802045726075724,14.701459535423115,14.701459535423115
-1.9549001043239638,0.03559433431934669,1.8622503463593616,0.413459628677876,0.2793857005274107,-0.14371194228967188,-1.0453188465161392,-1.8324809881526956,1.2106007077770031,0.9429497038743158,BAD,0,1,-0.7597858506862579,0,,0.00850864099306453,117.52758176248228,117.52758176248228
1.0371826748437267,-0.06294586010399364,-0.6694098252907617,-0.7453246462400812,0.1529545545486844,1.9902558794028924,1.3065441514813447,1.0119055124981942,-0.5609560232001599,-0.48261053662652004,BAD,0,1,0.4268170894597124,0,,0.21232451154949997,4.709771814390193,4.709771814390193
1.3256028468225451,0.5781733275161839,0.39503746321277494,2.231679900031803,0.35921021514754803,-0.6837830132335476,-0.6663135768075374,-0.09372242947511614,-1.0822748575499412,2.2190234240066773,BAD,1,1,1.0345688627289595,1,1.0,0.6213989688576776,1.6092720620993424,0.33364417117932554
-0.7167619828597596,0.2939662108682466,1.5823697336020464,1.2777781023739858,-0.3190156850701858,-0.21472822782873424,1.5668464460560432,1.6474738430928832,0.40983883442266467,-0.0015227145401484246,BAD,1,1,-0.06057180717600058,0,,0.062241950919575795,16.066334445270236,16.066334445270236
-0.512561938428032,1.7834974202272331,-0.032143872684150275,0.9964032938239826,0.2563608162224948,1.6755845193589909,-1.0408440336050322,-0.9075141058327604,1.2415823204823428,0.2699774455987329,BAD,0,1,0.3490806236829496,1,1.0,0.18155635808554801,5.507931589643406,1.1419382175451924
0.8054823340229464,-0.6779660056580246,-0.05494179267373339,-0.6802472143622343,1.4814464379270926,0.13371545432456797,-0.38286207619564067,-0.020614596950414777,0.7233924574243712,-2.065829906511696,GOOD,0,0,0.2506159301561979,1,0.0,0.5452103788947701,1.8341543717989417,0.3802681532888114
-0.6594840624629351,-0.4090657931046078,-0.33858048238968697,-0.3966186853856485,-1.4582418462866669,-0.010906592167949567,-0.7665729756746352,0.8421724903224964,0.7918792014178204,-1.317627725338646,GOOD,1,0,-0.5762321281968548,0,,0.09469564510858976,10.560147711684905,10.560147711684905
-1.2710579854942345,0.9291001132966914,-1.9314128569290476,0.02421534060406341,-1.213691539345214,0.1881369570559398,-0.5722638992074313,2.7451179647750727,0.12495397935004156,-1.0652461548210312,GOOD,0,0,-0.6097869367604712,0,,0.08717259563197455,11.471495058169452,11.471495058169452
-0.8817983894830175,0.01863894948806016,0.2378446219236218,0.013548548628612411,-1.635529399380822,-1.044209877709317,0.6130388816875463,0.7362052133238238,1.0269214393997905,-1.4321906110589266,BAD,1,1,-0.4906797599961348,0,,0.018016598798357087,55.50437189572034,55.50437189572034
1.1501890912387072,0.2904261887580579,1.160748238014778,0.9182095893938784,0.7519723402914408,0.5192382722793035,-1.605753253917022,-0.033091365718498744,-0.9964102453866795,1.4763015223058649,BAD,1,1,0.8875673920755692,0,,0.5162453603197579,1.9370634137624185,1.9370634137624185
-0.24077939121999706,-1.3836466853338705,0.2762461940304474,0.16775394441283006,0.5209334119987634,1.6719726008266134,-1.1365518925887947,-0.6796747635067689,0.8957657547250679,0.9382279927349255,BAD,0,1,-0.47162984827632554,0,,0.019064312117322204,52.45403001409007,52.45403001409007
0.16364693611425385,-0.7596761546528479,0.7400768301283762,-0.44180056615966784,-1.8804082509512832,2.6592164069045543,0.09919945586211687,-0.8970009081654574,0.01470030364576839,0.5735044774215887,BAD,0,1,-0.17551765016524326,0,,0.043731876815546904,22.866615220238955,22.866615220238955
0.6512999299291404,0.013124550116005091,2.015857419172973,0.3562465177027987,-0.8226609931729122,1.2920362265163687,-0.03573415359095957,-0.1411073160914383,0.5200258462506335,-1.4714972265540465,BAD,0,1,0.5284672759151644,0,,0.26955970281129776,3.709753310939205,3.709753310939205
-1.3379612101997758,-1.2057607663606256,0.647349240083937,-0.42802978647159556,-0.5634832693477506,-0.05350399155936366,0.8624058145847778,-0.9501604093942799,-1.5106058879333193,-2.1839918423991795,BAD,1,1,-1.0254362936736352,0,,0.003807137287953772,262.66454933582696,262.66454933582696
0.8642439646903032,-0.5361217345104521,0.6331931214047996,0.8486382392431465,-0.6283273767770607,-0.08212033961560326,0.041921633766288366,-0.4756019143328074,0.08915409897519654,-1.1424660446039017,BAD,1,1,0.36621133001172274,1,1.0,0.18489125471557305,5.40858463824234,1.1213409971993915
-1.8769461514474393,0.8892307520480537,-0.3179449821771376,-0.47668799514279414,0.9604741760190169,3.4475126742848925,0.5304907477149376,0.8663997626708925,0.9246234205674352,0.7942625449144928,BAD,0,1,-0.6899752150581637,0,,0.010370742513519566,96.4251111910622,96.4251111910622
1.2375305062148136,-0.5192383517609591,1.2853732452582287,-1.5671736036150061,0.028276392213320543,0.8139881757232938,0.5463410857422811,-0.06302357453906617,-0.05500426148539334,0.0006425951063431532,BAD,1,1,0.539662163294567,0,,0.2735558077628947,3.655561211358938,3.655561211358938
-0.7022346151425515,0.1737338539431008,0.20909584705606815,-0.5490593919649565,0.39655180066882706,-0.029836985251240067,0.2668679695295085,0.4235083125113879,-0.738787816569311,0.807668820618946,BAD,0,1,-0.28341604335388354,0,,0.03300438642433274,30.299002900497563,30.299002900497563
-0.6572958507845774,-0.6856643318007928,0.399035595427393,-0.18775866430006558,1.0058335432493615,-0.4474220634550527,-0.5260570946219246,-1.1218953528286757,-0.6428171286720028,0.14490783281512593,BAD,0,1,-0.454850586358103,0,,0.020212501508787416,49.47433149554737,49.47433149554737
0.24891428372094784,-0.17703607150198658,2.701812336551822,-0.6561094953951816,0.9840445468139266,-0.7389321346087213,0.8736165028807382,0.0029531727117963684,-1.0665389490764121,-0.31931166630158947,BAD,0,1,0.37063950894244607,0,,0.1905189457667834,5.248821821763135,5.248821821763135
0.8054921061469411,1.3547691398570894,0.8255591814670258,-0.2586895904715146,0.7574995244231507,-0.7044557030990274,1.2113185073849615,-1.8422341740345995,-0.36824556412752163,-1.5479925634100813,BAD,0,1,0.9423517783335722,1,1.0,0.5571503928945446,1.7948475182880763,0.3721188149201383
0.16824138572933983,-0.0970197604214342,-1.1083716404588613,1.1631257343736865,-2.204226920077547,-0.12336287720355432,-0.4391047192362273,0.6299876168291397,-0.8695507065224324,-0.6080810819389247,GOOD,1,0,-0.09274075993530366,0,,0.3006831196481257,3.3257603591789575,3.3257603591789575
-0.5324216153785134,-0.8706231866538897,-1.5584676326209697,-1.72518170846262,0.6192917812367374,1.1142304312209723,-2.1726880350973126,-0.014061719858579569,-0.9810467702986105,0.7744539177078257,GOOD,0,0,-0.7385772532079676,1,0.0,0.06088039090240685,16.42565011783566,3.4054667005761776
-0.4580269855026243,0.43516348812289213,-0.5835950503226646,0.8168470716857786,0.672720805709661,-0.10441114339062771,-0.5312803768519098,1.0297326851333461,-0.43813562270441736,-1.1183182462554362,BAD,0,1,-0.0766487691444691,0,,0.05910859863482081,16.91801232132242,16.91801232132242
-0.05864391264016893,-0.8739999199474732,-0.12278570026442885,0.9117965623133084,-0.10746411474278567,-0.7274708346047787,1.5957629012804186,0.9877470273404159,-0.4881110169164618,0.6296948056302356,BAD,1,1,-0.25686327588295726,0,,0.0351901002787463,28.417082988648605,28.417082988648605
0.230048660220679,0.9099039162929768,0.39914219408063745,-0.08499871799624514,0.8738512702150072,2.446635945581178,0.8795867355771284,0.1778162655881648,-1.3046063786435005,-0.013889940409365021,BAD,0,1,0.48372001395937964,0,,0.24631606082095583,4.0598245874307315,4.0598245874307315
-1.9445402822954807,0.26393122365044175,1.5387536595031532,2.397073067233959,1.5562083709832442,-0.20268282272443056,-0.1089062616381093,1.1352016674683758,1.0097935422904265,-0.9134206948382958,BAD,1,1,-0.5564473155918747,0,,0.015595282369714232,64.12195536401333,64.12195536401333
0.8760511854123076,2.1562199933480133,1.2887025562956078,-0.14253519602584672,1.6659047027918155,-1.380114296433079,3.85793967348964,3.075573893432424,0.830819563694863,-0.8782681675417305,BAD,0,1,1.3185333361107892,1,1.0,0.794027645288256,1.2594019942932464,0.26110695914238824
-1.449432461709627,0.10594780499085539,1.1542207079916804,-1.5463338541586973,1.2379465817259372,1.1121566258412166,0.16126931859840968,-1.5956732566417293,-0.09577341039165674,-1.9124476632324607,BAD,0,1,-0.6011450525308478,0,,0.013397459127654991,74.64101890303985,74.64101890303985
-1.91867051463498,1.2395346950463286,0.13276628757162603,-0.934163742863351,-0.6753613928234675,-1.1173468591748725,-0.9193386835215931,-1.6450597503739999,0.49964503885837985,-0.14793977663719407,GOOD,0,0,-0.6622295508915048,0,,0.0769563549961811,12.994378437617325,12.994378437617325
-0.4463663996804367,1.0566338010958385,0.610172065670119,0.2543152174290867,-1.3495483269782533,-0.5967758279618491,0.3764861888566733,1.506984139148173,0.11765017184278692,-0.4034442104344664,BAD,0,1,0.11125958774315124,0,,0.09794873079748481,10.209422744512771,10.209422744512771
-1.8386065199228014,-2.488160123813197,0.8530866213665806,-0.17573857964070888,-1.1292828087566025,0.8400798787511585,0.2257581899845441,-0.5131575558424251,1.1341000264414258,-1.5376601656576674,GOOD,0,0,-1.6662396699205222,0,,0.004246114650099366,235.50942035363983,235.50942035363983
0.2881421983633527,0.4123628482721167,0.45048101717301037,0.13377317887603202,-0.9012884194958318,-1.2801482190902134,0.20575579361255394,-1.5022403805191857,0.2864936460253651,0.8796928635624838,BAD,0,1,0.29187515997281116,0,,0.15484992854714114,6.4578654274003675,6.4578654274003675
0.48330997566377937,0.20689472993577368,-0.380711744917867,0.6575731254912344,0.31247971693281057,0.25486482108742375,1.0503612091480887,0.8525365698677042,1.1189186370869013,1.0775745004619859,BAD,1,1,0.3314501775456727,0,,0.17108600476162927,5.845013456204557,5.845013456204557
-0.23395647038079428,2.373157238571454,-0.20673969695637698,1.4408305054561326,1.1456171255775651,-1.9432195116530286,-0.7776913934223052,1.9477244468908494,-1.146919631079917,0.5122040498313157,BAD,0,1,0.7191013281362606,0,,0.39901700579210253,2.506158849081796,2.506158849081796
0.9262670775239829,1.7736649633589774,-1.8016661117426578,0.8466908472824773,-0.02744135898987532,-0.07821244380148357,0.6842111309601743,0.23005842525377157,-0.27864006963781,-1.7847049893555713,BAD,0,1,0.8852428644319402,1,1.0,0.5119157501752624,1.9534464404692264,0.4050005178883948
-0.043100811287332876,-0.023783200734815813,0.44706268946329814,0.36536771336861906,-0.5744363227524742,-1.4902514593078127,0.7545091712357432,1.1342929243912299,0.9272662986816121,-0.9052230051979337,BAD,1,1,0.01661096457082355,0,,0.0755983484364568,13.227802203120044,13.227802203120044
-0.5946796265841042,2.1140056453456735,-1.181289996847335,0.15085282765730573,-2.883730438065622,-1.1192537222617476,-0.23979661136712116,1.05907848817747,-0.6876187989450228,0.34997218112817197,BAD,1,1,0.09722106863443798,0,,0.09328679394432085,10.719630911497076,10.719630911497076
0.7461143573591917,-0.23244920353017295,0.8550308458376977,-0.08217955576858212,1.227917194888763,-1.014912045053364,0.5826351796035165,-0.5605490108921729,1.5188709127713413,0.47973453921572196,BAD,1,1,0.46418973663973306,1,1.0,0.23467886299913768,4.261142171988768,0.8834461752823866
-1.7976375781681988,-0.6615569434901911,2.5492856987737014,-1.6376756241371526,0.006317661817300752,0.5417126512741955,-0.13210003839031906,-0.3787362984567138,1.9406228046678644,-1.0418743710911664,BAD,1,1,-0.9377174594371095,0,,0.0050055480840289525,199.7783226157929,199.7783226157929
0.5356453050681494,0.38135869916276954,0.32875674946433975,1.388950186999115,-0.7896879574519162,1.8691686500468567,-1.0567548840364027,0.06953533435910608,-1.3377011261623233,1.0530691663226022,BAD,0,1,0.46513926789648913,0,,0.23411716608728245,4.271365559017508,4.271365559017508
1.7999704320310472,-0.49887518525136415,0.4344189744210628,0.8908572580461138,1.3461506879648475,0.00739671636934949,-1.1110474738203797,0.6832533134029032,-0.5935919769022964,-0.16565361556733865,BAD,0,1,0.9356521208815843,1,1.0,0.5489502612134449,1.8216586650118674,0.3776774665848898
1.0408148657380014,1.6366638716361075,0.8694104625859098,0.27995293275756494,0.7215168337402121,0.4847054917762712,-0.028968819246387372,0.29199124075082106,-0.15594119624565747,0.4384723609886291,BAD,1,1,1.1781579659582098,1,1.0,0.716029039072503,1.3965914026270978,0.2895499101611354
-1.3844444377738874,0.20216975907101176,-2.223479767231932,0.8984189384241212,0.8025660027971765,1.294294938723594,-0.1014285909693307,1.1896378021886913,-1.0215381022093553,-0.6385249904311725,GOOD,0,0,-0.7763332374435539,0,,0.05588116245996942,17.895118068031458,17.895118068031458
0.7109875865559677,-0.13803353805903537,0.4450919481706299,-0.13757119461187287,-0.16529336091013885,0.3355526312205081,0.9076951582043356,-0.029562124253158358,0.629347008809571,0.162857760336956,BAD,1,1,0.3631859598823558,0,,0.1839118890322943,5.437386377040602,5.437386377040602
1.3160200842685132,-0.6457011473164738,1.415124095979885,0.3970744553296857,-0.3611845021843006,-0.5299681009539092,0.9566637994975757,-1.4790002043608124,-1.3223021520659661,-2.6477887298406766,BAD,0,1,0.6333806223466167,0,,0.3323457004332769,3.008915110670325,3.008915110670325
0.31246335836549793,-0.3525779397592731,-1.439513357726672,-0.17050972869915137,1.0504719841187662,-0.5075641628484873,-0.23360351594124779,1.6382042067578486,-1.4702319077442678,-0.2714015855249297,BAD,0,1,-0.03756380412939653,0,,0.06483366491277558,15.42408564046714,15.42408564046714
0.6044235385892025,-0.9070304174806991,0.5920232693603779,-0.4370644156515733,0.10177577296931657,1.3083468266441474,1.3876018114085524,-1.7353911473330734,0.28837742022732415,-0.33908543327636353,BAD,0,1,0.08764310445478958,0,,0.09089190754013837,11.002079580719487,11.002079580719487
-1.0571618735056285,0.31348936805697064,1.382082495106523,0.4044057678241294,-2.5357179121204956,-1.306796574574249,1.2628543179560208,0.4579278320465193,1.1906868947701534,1.1343296876987121,BAD,1,1,-0.4007230662511548,0,,0.02345151968180349,42.64115987229264,42.64115987229264
1.0087881658790268,1.809702357716273,0.6313224076408716,0.23936481131278717,-1.2007638077229992,-1.2956295807891838,-0.5898905187406213,-0.04629362206318045,0.33623418096932933,-1.1606279456640312,BAD,1,1,1.0948214468462978,1,1.0,0.6607608364148707,1.5134068862582102,0.31376881393441713
1.0255298390815415,-0.4891324449166501,0.01974972012542199,-0.658216554026494,0.5460547774001346,1.178632207660247,0.6440789949326535,0.4608463291053464,0.272215794616846,-0.5779019107698582,BAD,1,1,0.3838445836640783,0,,0.19259459948387425,5.192253586963787,5.192253586963787
1.3474240395760537,-0.6239501302749968,0.23993365517939508,-0.8429469037885119,1.2918359746217312,0.31480420326240705,0.7624960544534187,1.3673707177683385,0.7496506531319685,1.5569318237334693,BAD,0,1,0.5570877259497258,0,,0.28464823484599666,3.5131080315359426,3.5131080315359426
0.2725427308241026,-0.26836813835056067,0.13687042883690692,-0.06638489106889214,0.6190531295702778,-0.23438252214542632,0.07043187851424784,0.2494942809185112,-0.8484058423525904,1.184210292744333,BAD,1,1,0.10965501895109284,0,,0.09716138041997036,10.292155130748451,10.292155130748451
-0.6566615671481895,0.9803886396021556,1.3510365472527521,0.12826796931738418,-0.7030796224239717,-1.9397597079920255,-0.7904159167824517,0.07621536928306112,1.2094226114816977,1.0164517376884759,BAD,0,1,0.0796927940606898,0,,0.09079486531096159,11.01383868542697,11.01383868542697
0.4202392504617797,-1.7077148903852681,-0.005924072251181687,-0.740497006258077,1.3521367585609907,-0.6449885420999844,-0.1551428089500599,-0.06865025280146782,-0.43232000255589664,-2.197691926666584,GOOD,0,0,-0.2642487982919074,0,,0.20799882735022387,4.807719412361022,4.807719412361022
-0.6712985654658538,-0.4248872082482339,-0.23156601234163043,-0.25204009950055384,-0.03998527731893999,0.08845019567417375,0.7332010817000086,-1.7952223314367777,-0.8608340520871763,-0.3592844573981156,BAD,1,1,-0.5000916503754067,0,,0.01758384201217964,56.870392676830186,56.870392676830186
0.04734561790763084,1.4445135777402631,0.4621555433022491,0.5449011157414,-0.1472998340205498,-0.15171459029357942,0.11666058942725042,1.293545854421689,2.1420520068615447,-1.6527912455534581,BAD,0,1,0.5404853105396499,1,1.0,0.27867428164205665,3.588418687607673,0.7439730093303247
-0.9188341767307739,0.5772373355184163,0.5103724277171079,-0.8738271957295554,0.3804291254364948,0.3929513692693212,0.22000216981798504,2.2028314121022055,1.4868004913943795,-0.9351786674290512,BAD,1,1,-0.2586256261188341,0,,0.03556946402358067,28.11400248643199,28.11400248643199
-0.1090739625676252,-0.05816611715256052,-0.8425159924738271,-0.7529456042925735,-0.48256531456153773,0.5245478462345327,-0.2645836803644654,0.3530051834614323,0.2238241190906629,-0.37219899010144253,BAD,1,1,-0.2081036000899207,0,,0.040138365111839415,24.913819913034647,24.913819913034647
-1.3451734464748812,-0.5676447615749529,-1.3444516797714892,-0.8694594629234665,1.1743499349855289,-2.009681020416633,-0.09925735459980674,1.318216972611279,-0.29066794001208685,1.6943321980240114,BAD,1,1,-0.9720853208041288,0,,0.004466573973236314,223.8852431398191,223.8852431398191
-0.5144298913687853,-0.21606012000326133,0.4223802204219781,-1.094042931032235,1.2369078851902253,-0.23028467842710793,-0.7044181997350232,-0.591375121085172,0.7369951690182122,0.4358672525149101,GOOD,1,0,-0.27044972949158963,0,,0.2077782751772922,4.812822703175893,4.812822703175893
-0.38833624421883867,0.6872695998332543,1.7723736436741624,2.685140632815677,-1.543731668736461,0.07203754723270515,1.8531510681760586,-0.9500788389401273,-1.2566759336862652,-1.0876016391665595,BAD,1,1,0.25685768991000557,1,1.0,0.14412381878628552,6.938478375200794,1.438527966315142
1.9170175975670527,0.8803489618197021,-0.07841370544633484,-1.6855592955525842,-0.278565115623018,-0.5646570977195456,-0.4312245304843857,-0.3230874891894044,-0.5316639587939803,0.20046008646420393,BAD,1,1,1.1559313456662559,0,,0.6962033116289552,1.4363620271501303,1.4363620271501303
0.0022972569729656058,0.24665462553992665,1.3916121569677722,0.3973810238724913,-0.40404535771284217,-0.4661055705453633,-1.1720436179512435,0.7595965037041527,-0.8945861692698862,1.1554287833102477,BAD,0,1,0.22659501359050357,0,,0.13256176754591653,7.543653185324506,7.543653185324506
0.9652522152071658,-0.7655097808025378,-1.1895748665241923,-1.5557696896724853,-0.47834564938154406,-0.33978304961742956,-0.38074612241068456,0.6596950619222537,0.23479550988515668,-0.5709036842181515,GOOD,1,0,0.053172993195917846,0,,0.3956831488118042,2.5272746716732746,2.5272746716732746
1.480376154374354,1.254864813861003,2.183707174278031,-0.47263253661850685,-0.970024335660911,0.9694637257559384,-1.0331962266773704,-1.8459326473118394,0.7793628164145403,-0.39467675892004295,BAD,1,1,1.2992591512443898,1,1.0,0.7804415798660435,1.2813258875464348,0.2656523553906408
1.4462502312884664,0.7653204516039295,-1.5780592517243412,0.11798112486317815,-0.46956645480533066,-1.575968803077539,-0.03490254168294751,1.7321096607558997,-1.8943651110563904,-1.140522247306446,GOOD,1,0,0.8099442086391248,1,0.0,0.8595543567959721,1.1633935563162583,0.24120189991128074
0.7172710627951299,0.47189185278225015,0.28451630335357847,-0.04147364381361187,0.18996192530594477,-1.2800052597404725,0.3564615639874549,-1.4403255451221246,-0.8306726254819148,-2.753994396238093,BAD,1,1,0.5577797880216898,0,,0.2865545110315562,3.4897374199419846,3.4897374199419846
0.6205459486450772,0.7064564454979749,-0.15707370226237033,1.2137361318855886,-1.0579410433014562,0.6486146852927169,1.2209964953718477,-0.3567100719552385,-0.42404955474870787,-1.1255220531842989,BAD,1,1,0.537003919037453,0,,0.2733806171189647,3.6579038065629885,3.6579038065629885
-1.293945219134682,-0.5283624773677319,-0.02207883991009774,1.0995056201057236,0.8708651662794888,1.3745503934250651,-0.3174093448420408,0.1772301051012607,0.6874196754342979,2.194703313551835,BAD,0,1,-0.7180742826766018,0,,0.009490513354136207,105.36837815671737,105.36837815671737
0.21576931738734276,-1.1281554820310264,0.6082552288328985,0.993097795687231,-0.8040266973221032,0.6598739640542649,0.4980079458531437,1.363374386228518,0.8264240331578887,0.4837829934822996,GOOD,0,0,-0.15005368220891033,0,,0.2686931002053101,3.7217181953533367,3.7217181953533367
0.687759695794799,0.39315819224910903,-0.5108631934878929,-2.752037662677927,-0.19206908223921987,-0.2340688906991016,-1.6014139415281856,0.7910261496852212,0.012866884184724063,-1.3485118844184532,GOOD,1,0,0.2853607920313071,1,0.0,0.5671401139539862,1.7632327098645908,0.36556423859841514
-1.6438935608187561,-0.9390696631552886,-1.0715123068385324,-0.6661918893325228,1.1506641668594315,-0.2093771260137465,1.4646814636234362,-0.9160972724855841,0.8080740772952882,-0.5347680591100153,BAD,1,1,-1.2018057693912216,0,,0.0022824961334654216,438.11684293271526,438.11684293271526
-0.3834743981091137,-0.49492051037651213,-0.12232105489847837,0.5252702106011012,0.14413958583356096,-1.3227254884087887,-0.04961878313036613,-0.24900450820725978,1.0628652193478203,-0.549531675102533,BAD,0,1,-0.3151584664193448,0,,0.0299639120347909,33.37347936540818,33.37347936540818
-0.8895878021839609,-9.313425995401874e-05,0.11536367037547492,2.715905661175428,0.06253225964952577,-0.387061571599947,-0.40064406812252806,1.8129164839023801,0.14089076168330988,-0.34427022696107923,BAD,0,1,-0.29526303374341584,0,,0.0321860923221171,31.069319940800536,31.069319940800536
-1.2925277285872332,0.7376494650753445,-1.4112948319571654,0.36999773251961726,0.4959740481314567,-0.6997585685717279,-2.6939739277188846,-0.1182610649305163,1.3913496376314851,0.973605410040088,GOOD,1,0,-0.5263689073818831,0,,0.110188765137115,9.075335391549542,9.075335391549542
0.16807720186664366,-1.3620469575349667,0.5090308956583095,0.36586657398015354,-1.0101818427081926,1.3308530886738394,-0.7610443564264088,1.2702174634982397,-1.8420765927960858,0.4955700482049657,GOOD,1,0,-0.2968267519711728,0,,0.19184298306867018,5.212596176332653,5.212596176332653
0.5937691752851542,-0.8391298320387595,-0.24449536039348996,-1.1276710564304857,1.0422539207964714,-0.021453207728637305,0.6865226579512687,-1.3378283643524254,-1.8944250726183935,-0.8805260390521478,BAD,1,1,0.03041094812012483,0,,0.07790637991123675,12.835919229456662,12.835919229456662
-1.696958953754787,1.035308280196904,-1.737965055826092,0.5577685543560581,0.3151465504218433,-0.8133175201817263,0.751207003764125,0.7278181436676373,-0.779922399656844,0.6553167677690954,BAD,1,1,-0.6754376763351847,0,,0.010723589085278531,93.25236094441662,93.25236094441662
-3.019478289127564,-0.8034789084221933,1.0155312441539965,-0.8423798812727651,0.6029855042946175,-0.021126861661468852,1.0596196518981216,0.5935863876326578,0.8621616676795987,0.3015015601554714,BAD,0,1,-1.6922539205411724,0,,0.0005505660659178112,1000.0,1000.0
-1.163235822180662,-0.021175774300496716,0.33107168261445824,-0.36649624944706005,0.8604754069049109,-0.24659729953406678,1.490533097267343,-0.39939137701024663,0.3252062923168107,-0.6542808538079327,BAD,1,1,-0.5350981117512084,0,,0.016128487431651677,62.00209438347763,62.00209438347763
-0.04069101492096695,-0.5626940116767156,-1.4133233122435296,-1.8511075076751746,-1.6858864576152037,-0.6919641017358582,-1.2588799858752042,0.557739852617202,1.15974589356045,0.9035153478501505,GOOD,0,0,-0.4968944239669695,0,,0.11482035187167282,8.70925740688928,8.70925740688928
-2.0882460967680476,0.6323380667832835,0.7473382925217897,0.8333454861736953,-0.45316627827028777,0.23202688117380288,0.9515396115175951,-1.4454579611332434,0.33646947134663324,0.46004672263287977,BAD,0,1,-0.7732415117783433,0,,0.008142750588104644,122.80862457716098,122.80862457716098
0.7353709195957284,1.2780744410670275,-0.6001354271699101,-1.0764124137223001,-1.949961108553788,0.9547954804402544,-0.8250088308361263,0.8397177580964272,0.8216378259077612,-1.4817736540956796,GOOD,1,0,0.5676431484016922,1,0.0,0.7500562055101887,1.3332334199139109,0.2764141439176335
-0.06317729979493907,0.14668827699595338,0.9917565059045486,0.10478992725530992,-0.49870391508198086,-0.3503234228609837,1.7365904194198547,-0.2739787766909404,0.7507049298354225,-1.2384584137140118,BAD,1,1,0.10339653002103244,0,,0.09580576895172614,10.437784811307889,10.437784811307889
-0.1805991612434466,0.4144282413504022,-1.4371461719929517,1.7975901596390442,1.1711732053465735,1.8841307846077195,0.7560525911100106,-1.57989972003189,0.731205059239998,1.9168370998292734,BAD,1,1,0.046933442608417086,0,,0.08285622910861012,12.069098615255271,12.069098615255271
1.1993328107538386,2.725020807349765,0.45076298555579936,-0.8394777244112416,-0.0401954752757591,0.8850898918686637,1.5860651416439473,2.02577923393804,1.5303010308595233,1.8327334301292564,BAD,0,1,1.4553757281328215,1,1.0,0.8499719678688947,1.1765093883122586,0.24392115478352663
-1.0175188385076361,1.1360786136783447,-2.0666179431033234,-1.4952775357482488,0.6728983149600875,-1.7646669442646186,-0.8516531247897089,-0.6053065628603461,-0.805287314139546,2.5335959087111886,BAD,0,1,-0.4142616195844189,0,,0.02258634539388129,44.27453767137126,44.27453767137126
-0.32487923813192987,-0.8179547597426926,-0.6203946109376212,0.2756099526050954,-0.6036384776299004,1.1328562884910964,-0.6946370780006456,0.7919982792628879,1.7455242194304705,1.2046817049580716,BAD,0,1,-0.48205139110788553,0,,0.018357022999279778,54.47506385099774,54.47506385099774
-0.5256451948154732,-0.584889332459948,-0.9292471979014248,0.39841641960968166,-1.3559078555972999,-1.7115830531175702,0.15859859636139104,2.1324867288289617,2.7213336098665635,-1.9728640480783795,BAD,0,1,-0.5756163576614491,0,,0.013957524039489072,71.6459450236853,71.6459450236853
0.952868090977543,-0.5457976028267867,0.5450784715193229,-0.9275320032879893,0.5568882027647745,-2.6545414330136725,-0.24928762363265858,-2.533714900686942,0.20604165648494582,0.5416161166668481,BAD,0,1,0.3691023618077172,0,,0.18627424423117245,5.368428706434408,5.368428706434408
0.7205982631457422,0.615398473762151,0.6722546712670792,0.24414829520697232,-2.2931421367038407,0.11745262455474437,0.9820069685186176,-0.12856690978264584,-0.5335702646320465,-1.2361021091629047,BAD,0,1,0.5352271349256605,0,,0.27064920123636027,3.6948196980884176,3.6948196980884176
0.12493520503791108,0.8967106464809802,0.784315018123844,-0.36123763488767463,-0.2217896301773749,1.0588769081857716,-0.7473575623100633,-0.7347089197140942,-1.3576071544097421,1.2720943643197722,BAD,1,1,0.397271004999727,1,1.0,0.2013092018763947,4.967482810914959,1.0298890562563907
0.5273691328244136,-0.3743028837477471,0.47709229741768444,-1.4297626622362145,0.4077065249765084,-0.828280392745567,0.4234572818376501,-0.15951736500333072,1.2410820871966046,1.6635363107373078,BAD,1,1,0.16396061693974537,0,,0.11141045273828411,8.97581847503227,8.97581847503227
0.8332325727246073,-1.08700857434471,-0.032037029893050815,0.6695554604008281,-0.3575058700104287,-0.7368814695745995,-0.5966825940094563,-0.43947623292375165,0.21677041583681572,-1.2096548068912265,GOOD,1,0,0.12051441056974063,0,,0.4472774222882523,2.2357488890989456,2.2357488890989456
1.7838057898925528,0.6540230928121576,-0.6740745805126533,-0.8748578924807502,-1.0077126048399856,-0.9536235376659173,0.966245933375576,-0.42831071697739587,-1.621409651804333,-2.535917697017903,GOOD,0,0,0.9640593584791385,1,0.0,0.905450309140879,1.1044228379013232,0.22897572825716436
0.5855210670667335,0.36433532967740323,0.9244198448430797,0.12427879489590012,1.3065408647235515,-0.4274612752821048,-0.710357806772508,0.08673275328357181,1.6634750097378082,0.14836066686102148,BAD,1,1,0.584293065755794,1,1.0,0.30527939601263887,3.275687822569588,0.6791357249921441
-0.8987945800691796,-0.9527380778687818,-0.25637012987823343,1.331964127985784,-1.2652311382297203,0.5492072519304145,0.5839322988987671,-0.11852020736894911,-0.316374003428249,-0.8375306097464271,GOOD,1,0,-0.7603840472941725,0,,0.05770514613196223,17.329476953635357,17.329476953635357
-1.2669386913125347,-0.4355988662745873,-0.5928363446238742,-1.2144373065685181,0.6084069235155612,-0.2783346126983349,-0.2515861842648232,-0.9525531512776446,-0.20648164548847245,-0.9807229893756501,GOOD,1,0,-0.861304632562912,0,,0.04387193156149475,22.793616884597668,22.793616884597668
1.1326626994595808,-0.2236533450261669,-0.4670910075313735,-0.447602904570243,-1.7855841169632543,0.6256996734440607,-0.10760526555832559,-0.4063287774702298,1.0199074337552294,-2.2468669124736516,GOOD,1,0,0.36760971179822516,1,0.0,0.6229729203598228,1.6052062093203188,0.33280121360083825
1.1506432682625032,0.6497187574955308,-0.30924008807326275,1.1276442197769443,1.3351095867335379,0.3443684831187587,-0.7180810101830859,1.5213838673653262,0.4266411522994515,0.15186923108825132,BAD,1,1,0.8885746049157428,0,,0.5167282999026521,1.935253014376013,1.935253014376013
-0.715022270743163,1.8625366481181644,-0.482018003658117,-1.7253622415937468,2.652945880415987,0.5808831105927823,-1.3089659187235936,-1.3910032114472841,-1.7898343210000371,-2.200183083335388,BAD,0,1,0.20533469262207926,1,1.0,0.1276239063160837,7.83552258244877,1.624508682744177
-1.2039043726734797,-1.1586952897835594,-1.0953093674674277,-0.41196568854744897,0.26600487863011624,-0.8971418788703762,-2.0225411872111345,-0.3570371576956449,-2.193148276506922,-0.48781533994924786,GOOD,0,0,-1.0757724750969537,0,,0.023670192341919572,42.24722746460384,42.24722746460384
-0.7164160009782037,-0.749136586485995,-0.9141960656320809,-1.2048131870107361,1.1307525746469986,-0.28663180890729334,0.38612592552609587,-0.28456189058377046,-1.0290334872441047,0.5374816107370194,BAD,0,1,-0.6806061299052687,0,,0.010408911652400104,96.07152345936362,96.07152345936362
0.5944669002646674,-1.1489963195247357,-0.8191788097193523,0.1834038489640686,1.9331494051476352,0.06339719161509598,-0.13231336136075628,-0.613147286313191,-1.5652686351165574,-0.97217252028459,BAD,0,1,-0.012247748789059326,0,,0.06971460115623147,14.344197390715683,14.344197390715683
-1.1332472710708152,-0.16433173228337156,1.0604911834109119,-0.5296495025503906,-0.4208166097429164,-2.593049387823186,0.28768107786745795,0.8101916422542774,0.10193764725371153,-0.2805096318513892,BAD,0,1,-0.560698269494692,0,,0.014882034136978249,67.19511531795524,67.19511531795524
-0.7173229583954034,-0.21098957751191205,0.668591250238042,2.6760202376865165,0.9805012447562048,-0.7630629800481941,0.7172732938007931,0.25515027597795337,-0.7604503951132184,-1.9636521318942264,BAD,0,1,-0.17288929893082702,0,,0.0457718244291811,21.847501437204365,21.847501437204365
0.041828105703698285,-0.21389287889052627,0.9221005619948534,-1.0145012312627588,1.8084032028340882,-0.8318502703849049,-0.7894887567609739,0.12701619644361684,-0.2387012305970065,1.9634211024617778,BAD,0,1,0.09726915868788141,0,,0.09496539537307536,10.530151494357076,10.530151494357076
0.6531758521433048,0.558346902284024,0.13639753659343484,-0.33733841113672913,-1.337165050885127,-0.41149095236240474,-0.10777619396316229,0.5229173631509837,0.9561499786482655,1.2033205926353625,BAD,0,1,0.4472267917787895,0,,0.22297811054812283,4.484745150731651,4.484745150731651
-0.3389835320929106,-0.14231230753550203,-1.44904592785806,-1.3227165003614927,-0.7109024225989671,-0.606184110109761,-1.0722422723792842,0.5454540297228883,0.5391724452767099,1.1988239385167685,BAD,1,1,-0.4518293738557066,0,,0.0199040423665651,50.24105061591933,50.24105061591933
0.5338752201638095,0.14259804246315522,-0.8295259483463495,0.24350121915887402,-1.214230449042842,2.140719635848265,1.3568188596698891,0.5146796450521871,0.3248884222147333,0.7496886609970755,BAD,0,1,0.19787571675959323,0,,0.12070926152831093,8.284368467994163,8.284368467994163
-0.7800138708023232,-1.0507763770862628,-1.744835382031072,-0.4882288728853951,2.8644098213527793,1.289508891208988,-1.2851795042388277,-0.7840641593872114,0.25534181555395397,0.05408430234131625,BAD,0,1,-0.7679455706399885,0,,0.008137046546583274,122.89471299877196,122.89471299877196
0.6347269068525845,-1.7838370167658224,1.589866170365828,0.6198144899963995,-0.6289621412789438,-0.6879085319880399,1.8124164830502372,0.9615072025278373,-0.17457636669612384,0.636449258496893,BAD,1,1,-0.04626021062538669,0,,0.06308025060220356,15.852822245526518,15.852822245526518
1.1697270528878156,-0.7530578780830961,-0.5564653128558497,-0.9763999841044234,-0.045687162845523085,0.2084114780594177,-1.076485142474437,1.009386895270793,-0.14837403067022034,-0.9225014709437699,GOOD,1,0,0.27516234370919357,0,,0.5587698814421688,1.7896454930946335,1.7896454930946335
1.9617740736444964,-0.6777760514001188,1.3072659643062925,-0.3209871197239448,-0.6303340866750349,-0.10216974805535212,-1.5439432364178383,0.14377439893094646,-1.0428030904150372,-0.18584614159460636,GOOD,0,0,0.8950197473022594,1,0.0,0.8871274774399861,1.127233712662958,0.23370501896130585
0.10189135481818157,-0.7470853046062996,1.7887899813212826,-0.6998980011621436,1.0263267172366544,1.1820482266236412,-0.6398412692249618,0.6930439757683763,-0.7353984733490649,1.4324451728810224,BAD,0,1,0.03042542807195,0,,0.0791207986354672,12.63890174576339,12.63890174576339
-0.940052276815269,-1.0920832682312824,-0.21024913193892864,0.4408538910914544,-0.7757139121350228,-0.6443026081731137,0.05619764847596069,1.4105497970231093,0.5331604300027064,-0.567351002162035,BAD,0,1,-0.8398280558457305,0,,0.006517848593037647,153.42485878978502,153.42485878978502
0.7563768879274201,0.8242892015046335,0.37967322200031345,0.5242236519537231,-0.45271329511708064,0.687592786751324,0.9167469515279245,1.1197161016785875,1.2635448363305384,-1.4561055975293318,BAD,1,1,0.6913472694072503,1,1.0,0.37300177937544027,2.6809523581212265,0.555831514485956
-1.3444428759964582,1.3415537079417739,1.0399829710419244,1.0939342614618934,1.200838534976026,-0.5442477989850911,-0.08886352123366964,-0.011354564524391026,-0.648262386311338,-0.8484517414114848,BAD,1,1,-0.053478584927362904,0,,0.06455711155875975,15.490160198536797,15.490160198536797
-0.6902878167767326,0.4638373169664057,0.8254137804647046,-0.22355276487659054,-0.7856911866391526,-0.6055663788377531,-0.02314428722743316,1.7043677989853083,-0.49198558693115346,-0.047836131553713204,BAD,0,1,-0.16874715023254155,0,,0.04555736483739809,21.950347733438235,21.950347733438235
0.5726959425294189,0.8445469631221902,0.7059755569463898,-0.43195752420646355,0.4195285795214327,-0.3299014971091715,-0.18230481887726285,-1.793290605203908,-0.4822571349680733,-1.1032385989973417,BAD,0,1,0.6308546085704717,1,1.0,0.3337327952097938,2.9964091463392797,0.6212339539657058
-0.8246890682872675,0.4755050811408521,1.066890184074317,1.6504963703158293,-0.6669541411415044,0.30953692591780635,-0.5809175192336743,-1.3509759070056986,0.17209491566562274,-1.3428529202720412,BAD,1,1,-0.1107486583711399,0,,0.054069681938626664,18.49465290243576,18.49465290243576
0.31364953071626966,-0.22514835388270557,-1.0878133919784179,0.8092951093257438,-0.8528617533381488,-1.4762039928244615,-1.1132677395256523,-0.3090723967625725,-2.0898306570129823,-0.4173700312044624,GOOD,0,0,-0.006878383222456786,0,,0.35767885296042606,2.795804089962906,2.795804089962906
0.9911844589581342,0.5476098176306101,1.3874400614164746,0.8696564647003973,0.5418393251037328,0.5706552646301977,-0.2677426807372016,0.39242735549607877,-0.7126300388983264,-1.2510825198094822,BAD,0,1,0.8942610006311,1,1.0,0.5217780286831155,1.9165237802822792,0.39734548512796813
-0.01185810010870353,-1.2408715826754273,-0.2601416401687911,-1.6422032964380104,-0.35057438241727645,-2.2374517540588625,0.7347133310448914,-0.7852565146867478,-0.4847653705829971,0.6674703963926928,BAD,0,1,-0.49724558804673624,0,,0.017430571408294036,57.370465751006144,57.370465751006144
-2.1792730440855452,-0.6442706387736465,0.41698085655917455,0.6260434146280546,0.21761055987277847,0.0115466576749841,2.214918218835659,-2.0190135571046497,-0.7091652254084436,-0.24254685459539077,BAD,0,1,-1.218645146466726,0,,0.002199056417467907,454.7404932664007,454.7404932664007
-0.3638443703524024,-0.6092348200836426,-0.131311193084348,0.8283367901896841,0.22468694646702378,1.2404394323664851,-2.223349107587579,0.3793429402542866,0.054161384621966145,-0.16728168369342303,GOOD,0,0,-0.3217107637575963,0,,0.1830329851787052,5.463496096201703,5.463496096201703
1.4412004960173332,-0.5751169926385871,-0.43148096202262953,-1.06513058622443,0.7849989342738042,0.9845951580406325,2.1793788399495115,-0.5405631845401676,0.5940664002897879,-1.0318838293851746,BAD,0,1,0.5169889402296911,0,,0.25967023201575995,3.851038265869874,3.851038265869874
0.002039989312795594,-0.05242307406751564,-1.4916482971486642,0.3503493253178818,-1.4304583513209488,0.5636399400377983,0.13284630812697834,0.6400652771209987,-0.024541300619146538,-0.038054654908441364,GOOD,0,0,-0.20560906059016137,0,,0.23612438054780482,4.235056107632833,4.235056107632833
-1.318394102081435,0.38464619181792775,0.4022777898610804,1.252492255102965,-0.36018392588216247,1.9224234379168341,-0.13950065562367572,-0.23460151106459198,-1.4256727761505792,-0.34478066438330635,BAD,1,1,-0.46295988156837964,0,,0.019892984366657467,50.26897832766083,50.26897832766083
-2.6192806035910072,0.5861653271698655,-0.7624907593835051,0.6397705674189378,2.1560252861535147,1.0854940115848073,-1.5795988238989795,-0.0843840216296024,-0.10678367894303217,-0.8713026470236783,BAD,1,1,-1.0933486106293362,0,,0.0032328128916794476,309.32814038628123,309.32814038628123
0.8659125026391853,1.822209096868592,-0.931463439483327,-0.16399047233950145,-1.2755256514654008,1.5705994619485941,1.1843891002808276,-1.2120009354221741,0.19777288266123774,0.5815989412510977,BAD,0,1,0.8450705568673123,0,,0.48077843859854674,2.0799601640101977,2.0799601640101977
0.08029282816137756,-0.39312638369341124,-0.6142748814719917,1.7380527923726572,-0.05479647337548602,-0.6038787725190028,0.05189800571520062,0.9954806939718748,1.6465914074247279,-0.8520696055246548,BAD,1,1,-0.0449814066176139,0,,0.06382943943218575,15.66675203316534,15.66675203316534
-0.6747643923095773,0.030968434406720712,-0.7656006677080414,-0.6387491463901703,1.1695530002724912,1.633275617664183,-0.7435426682048073,0.4367026499449014,0.9062252881753431,-1.2213248493462245,GOOD,0,0,-0.3771811686572823,0,,0.16046810538238726,6.231767974184349,6.231767974184349
-1.0465976693424663,-0.610104035354375,0.9906770017655062,-0.4787728240063871,0.8327830239661242,-1.4314571815116384,-1.8595091654854756,1.1560935795867744,-0.7100595208514041,-0.020135375676426016,BAD,0,1,-0.5951468318192026,0,,0.013531646056164885,73.90083925114268,73.90083925114268
0.8332689851246153,-0.5955663914385596,-0.20045551445663182,-0.44597536219562806,-1.102605992489293,0.8977076599991594,-0.8258797757212389,-0.9290546322413458,1.74804177579487,-0.4898155645395334,GOOD,0,0,0.16113650124722953,0,,0.47528396647939225,2.1040053326590784,2.1040053326590784
0.29921569652751856,-0.3831087417318337,1.0702204923762708,-0.2573500944327051,-0.22877881799864538,-0.10011796387947308,-0.447602708006154,-0.5811961700590117,-1.0320348099520724,0.6388768159460956,BAD,0,1,0.1311474130649269,0,,0.10263882484778525,9.742901884184795,9.742901884184795
-0.13771186564607898,-0.33418548590687075,1.0195111645951787,2.0752278707016867,0.04306225121625309,-0.4250064039763302,-0.4547917386741965,-0.5941139321323604,-0.9019274993998686,0.5633100275033806,BAD,1,1,0.04639644603085599,0,,0.08285659412340875,12.069045446287284,12.069045446287284
0.5017929422482121,1.8700971428312274,0.6821258173244856,0.16750088240986186,1.0893197882319083,0.992000015520403,1.0262646110594908,0.6126601380737181,0.9140267375361382,0.4376259375378635,BAD,1,1,0.9662898037925837,1,1.0,0.5765247114897032,1.7345310271541763,0.3596136293975844
0.4419295578281793,0.9351364499044429,-0.2922312937924706,0.004125144170757847,0.6315218027218709,-1.3163658685605468,-0.3237703408058791,0.31588166775504917,0.4570421414389706,0.2279427592114595,BAD,1,1,0.5233992732181516,0,,0.2673283733727805,3.7407177823415454,3.7407177823415454
-0.501457934800251,0.6929005851136917,0.5101341026517555,0.7888573752412777,-0.7771122970558095,0.07667421331538639,-0.5722897777894992,-0.6492259018103573,-1.3827257843374414,0.008068013136966852,BAD,1,1,0.016967595614817504,0,,0.07626655604501664,13.111907130167854,13.111907130167854
1.457891544806671,-1.2523484066972168,1.3078130817146612,0.5956840523360536,-1.8473075659892315,0.05745400435124221,-0.41872518391633495,-0.7501323680171559,-0.35339746345380346,-0.5447691136683901,GOOD,1,0,0.4485101032051406,1,0.0,0.6778501645859556,1.475252278814183,0.30585836629964724
0.02527309482094958,-1.5072198355746929,0.45599002483154943,0.8007497967004472,-1.050360944198947,-1.0030501527340325,0.7837128784106443,0.11280789406053086,-1.0648942636655059,1.4857271150773756,BAD,0,1,-0.3997636629640545,0,,0.0232109282826606,43.083154099745165,43.083154099745165
-1.0984564943515542,1.1512409640600916,-0.5052600250925539,-0.5270046951596935,0.20912814027575427,-0.7258999380393252,1.114090020324116,0.0873408107467065,-0.41664673016121323,-0.06436359974931362,BAD,0,1,-0.26907622630712213,0,,0.03451481815180048,28.97306297839598,28.97306297839598
-0.6852241305315773,-0.5583786466981011,1.9372513425840665,-0.23132382095439452,1.8306710073227783,-0.7502531502828071,-0.013800738789073546,0.3575461139841666,1.6135408335741044,0.23738912982157237,BAD,0,1,-0.23838462614504688,0,,0.038062712037110265,26.272431639264777,26.272431639264777
-2.4621493596535826,-1.0445261881952568,0.8227359851763542,0.9738577532852073,1.1604110866390398,-0.36022735174714365,-0.6176547883496321,0.2295764862428117,1.501734771150253,0.48126589816264936,BAD,1,1,-1.381420064637786,0,,0.0013766136183110233,726.4202436315477,726.4202436315477
-0.16975170497892972,1.3743814766642315,0.9836356187944262,-0.22001698492488517,1.2159234792093065,0.2828984994479096,0.04846503869138621,-0.055620141465400605,-0.7546117507896335,1.7365496986671922,BAD,1,1,0.48838733807902807,0,,0.25093680560863113,3.9850670672823947,3.9850670672823947
-0.6440751712174148,0.6610916089403146,0.8660203683437092,0.08198112419904911,-0.15744977050164036,-1.3473965653800641,-0.8022099839056116,-0.27934717619893223,0.9568563297057003,-1.49680731108092,BAD,1,1,-0.035210983986255474,0,,0.06641809643735547,15.05613761368763,15.05613761368763
-0.1820208348243829,-1.003380717730042,-0.9369221110721804,-0.9442706004373587,-0.7275212508545039,2.0654861372867295,0.1360612935062583,0.20181386383006028,1.2707549044789055,-1.0034745347115275,GOOD,0,0,-0.5636923319388316,1,0.0,0.0972347886030578,10.284384985730842,2.1322218818470025
0.3583617965505829,-1.067422358751519,-0.15903336397852533,1.293737269350701,0.7740842490663494,1.1395730208816413,-0.8205290564233657,0.07820446740298999,0.4662476759597397,0.5617654010982673,BAD,1,1,-0.043503979158389904,0,,0.0640985250575807,15.600983003925357,15.600983003925357
-1.4324201984621492,-0.7722035972384304,-0.8546919975363337,0.6882608903572297,0.20278896420106904,-1.0689290236401585,-0.8560972340044198,0.2433121996176251,0.7208648410099678,-0.14605438477883628,GOOD,0,0,-0.999622348494389,0,,0.029690778329496934,33.680491259015895,33.680491259015895
-0.2760694292216489,0.7740747610849675,0.7900320921972556,1.0593523283492632,-0.006763353054509887,-0.1280974889921006,0.12359266139179373,-1.2771212587827323,-1.6689505533183602,1.0171570328165227,BAD,1,1,0.23623795141119383,0,,0.1367023579905512,7.315162771874934,7.315162771874934
0.7638689341317615,1.8399496305574063,-0.12239760192074262,-1.1225959076401466,-0.5176751911592269,-0.07722387609603937,-1.4471843179934936,0.27349194096620183,0.4954651462980266,-0.9673176589117976,GOOD,1,0,0.8683387691376608,1,0.0,0.8806482719383744,1.1355271245794003,0.23542446007401643
-0.7373628502418325,-1.231334534164943,-0.7443723146152562,1.2218137857059228,-0.5765243123023536,0.5284365412426113,-0.7372453256955559,0.44528248727668684,0.34324784873148106,-0.42923760260528593,BAD,1,1,-0.7831163435892768,0,,0.007681888819703356,130.17631776121124,130.17631776121124
1.907643095978683,-0.43711167209021173,-0.1193228387652899,-1.0529998904114222,0.8448218393442166,-1.7639902046150118,1.4329626363854293,0.8576058258342905,-0.6676631288849537,0.04234871251329468,BAD,0,1,0.8328702728800637,0,,0.4701918726117103,2.12679133402591,2.12679133402591
0.13530051854730188,-0.07627348942622349,-0.26332748481914514,-1.1610723726428056,0.327619500886888,0.12936993315251655,-1.0031973795577793,0.5830776453738716,-0.25171105437444274,0.471621561695522,BAD,0,1,-0.011166403375025308,0,,0.0697765920469262,14.331453724874946,14.331453724874946
-0.6556561988209172,1.1327562354285703,0.4905021206555854,-0.6892748999954668,1.4320378525476336,0.20379540998307208,0.04332675574656012,0.9491577059995954,0.5520813489083778,1.3585977525456987,BAD,1,1,0.10356730697151718,0,,0.0974527627520943,10.261381737774382,10.261381737774382
-1.3516026161944559,-0.9944655765795901,0.9372171377752277,1.5717135634151087,-1.258234231858036,-1.1893886159654923,-0.15091759009842828,-0.1235077757366816,-0.38095881653905517,0.030913086241331395,BAD,0,1,-0.8733656729936801,0,,0.005972195590290955,167.44260714195428,167.44260714195428
0.5847497220227822,-0.015696068973873097,-0.171994238876598,-1.4043189127224018,0.10940873637879694,1.8849321705794615,-2.13513046801183,-0.9755572761235621,-0.08749103486814912,1.5252506369599794,GOOD,0,0,0.22408043019440793,1,0.0,0.5241683202433359,1.9077841246410459,0.3955335260245409
0.6901214702247074,0.6868900661384045,-1.566687529578391,0.9049741214666812,0.7788223993230673,0.4282328705967407,0.10887198989791452,0.028283634823073247,-0.5788258247909884,-1.1994511991939312,BAD,0,1,0.4995970569590255,0,,0.2526613901606336,3.9578662943484706,3.9578662943484706
-1.8058408019479073,0.7366186955374812,-0.32080614910166755,-0.4330613886387762,-1.4962992713815841,0.40508582774258556,0.44138872930675804,-0.5490831404626033,0.6100116286031322,-0.828851647296513,BAD,1,1,-0.8176783655687919,0,,0.007020573979426376,142.4384961871317,142.4384961871317
0.21195232049156706,-0.3446440860454737,0.2736318047797473,-1.6600353011045252,-0.4645051429962235,0.7860525901345911,-1.2913920474306386,-0.21026301056465346,0.39350835922817184,-0.8361271151075979,GOOD,1,0,-0.06308416169616517,0,,0.3209831381715047,3.1154284480379446,3.1154284480379446
0.6101809585146623,0.021983403711540825,0.05052246940084612,1.068809358298806,-0.5306282317454503,-1.577757912047736,-1.220352388121859,2.1045309968729025,-0.37333697669245425,-1.256736509931358,BAD,1,1,0.36292703082132544,0,,0.18400065496916193,5.434763263030763,5.434763263030763
-1.3785291395756158,-0.8744047415265287,1.780490395053771,2.4131597100362767,1.427604112674394,-1.7583886183162014,-0.2706745667995446,0.004186466395428423,0.7767114785686029,0.8339347603393129,BAD,1,1,-0.593451506520526,0,,0.013858365520420739,72.15858165427001,72.15858165427001
0.5928833846086298,0.9562377764353518,0.14160987398660052,0.10264288919982106,-0.377154304171655,0.5754897741159419,0.19854924559010725,1.1565484993871404,-0.544590937790256,-1.9279945408264916,BAD,0,1,0.6064473116650242,1,1.0,0.3166588263409564,3.1579729248515216,0.6547303491644124
-1.058341107083241,0.8154637324443926,0.14893574125345024,-0.56066669259864,1.741110733874111,1.0774387686891118,0.04046644371002013,-1.166292932911318,1.1848057906070117,-0.25861302105802453,BAD,0,1,-0.21207739534038617,0,,0.0410022565501046,24.38890159076986,24.38890159076986
0.16735642242489715,0.8766046772486378,0.7204240804363752,-1.6814514097084539,1.2174950156331985,1.0637851750992975,2.6422777601136587,-1.510009561170594,-0.4589446095179358,-0.197244271439586,BAD,1,1,0.41082661442068524,0,,0.2085146548863318,4.795825984246205,4.795825984246205
-0.6333595021746475,-0.6633206480590472,-1.5432702119332717,-1.7669320557784547,0.43038239797812444,-0.4617542766308182,1.3999211442548178,-2.038864022455711,-0.5858185430855745,1.271045643495208,BAD,1,1,-0.7370862015232557,0,,0.008741392150862524,114.39825404713467,114.39825404713467
-0.5220810314858474,-0.30137288266731044,-0.6666002674362971,-1.5607598684986397,0.897464528633541,0.49912316755687997,0.12054627724308109,0.47049261914201107,-0.48059449402327925,-1.19031733463992,BAD,0,1,-0.4491833553139833,0,,0.02034737429757131,49.146390358551635,49.146390358551635
-0.15080090013696168,0.9085175750770966,0.5389384109847907,-1.520269414098927,-1.7589549715421213,-0.5680750828577644,0.420749807900492,-1.236830086985666,-0.5314155254691135,-0.5865163052090053,BAD,1,1,0.1022757671746902,0,,0.0945629236134088,10.57496915057523,10.57496915057523
1.217745365495101,0.781137796478218,-0.015410819613568263,0.7529859371041957,-0.5352377690672929,0.24765000129749717,0.23209075650699956,1.628215455851048,1.5162688111097549,-1.3091441404169006,BAD,0,1,0.8825822687985206,0,,0.5093155215180462,1.963419447770684,1.963419447770684
-0.3676598535224105,-1.8862883675077626,0.7548220931778789,1.7812245781622742,0.6526294599846313,0.2375037940405147,0.5942014265411584,-1.1329343313282816,0.4974278727895833,-0.24423451883692596,BAD,0,1,-0.5546836536916094,0,,0.015097117276068344,66.23781094852993,66.23781094852993
-2.399871099985792,-0.13487364953546802,-1.92607304725601,1.2568658711629122,0.5986192708632505,0.3727369174068275,-0.5628481556397825,0.26022518507550935,-0.8355279611508886,-0.5051557255395569,BAD,0,1,-1.3616633232207969,0,,0.00144081180006077,694.0531719394736,694.0531719394736
0.40359841542535574,-1.8848343873195796,1.2774520318648948,-0.44558826380657596,-1.2703180389254833,0.6355011681954533,-0.2984356710923274,-0.4022899215971822,-0.5366404268123247,0.8231244016664833,GOOD,1,0,-0.3110840933499751,1,0.0,0.18459535807354477,5.417254314713533,1.1231384477913384
1.0141896000617685,-1.0550643066422947,-0.1905006865186818,-1.5303567963567961,1.0774364857727503,0.5995321701030063,0.21743737779022188,1.4053267235007492,0.36637247488254615,-0.5117472181250065,BAD,0,1,0.16739500040888802,0,,0.11167186771698306,8.954806796411447,8.954806796411447
-0.8587971088986452,-0.08707681322173097,1.0218105803276376,1.7899511444030378,-0.4417120965359326,-0.08314082723386619,0.8204867606039337,-0.5370960901432748,0.2929855844016277,-0.053153311160889775,BAD,0,1,-0.2858089685717902,0,,0.032983745979470507,30.317963296904253,30.317963296904253
-0.954528203228581,-1.2962325529079044,0.2892299610746588,0.39412136243439444,0.9574408494931212,-0.8347735000559878,-0.7222573654548228,-0.5197899006366578,0.660610340697349,-0.3525074506460879,BAD,1,1,-0.7771666969910985,0,,0.00792864465280168,126.12496130049647,126.12496130049647
-0.15484845483449294,-0.08605564337254189,-0.3357568385230854,-0.1366293792823912,0.09277642496734965,0.18971879197958597,-2.048671922604096,0.7837860781804775,-0.2329845615794952,-1.1844114274105708,GOOD,1,0,-0.13054641870779307,0,,0.2814172548426359,3.5534423806357722,3.5534423806357722
0.3378011936961394,0.2079153346487379,-1.4988550541024916,0.9240925660100396,1.1091997672102099,-0.8273725927527695,-0.8323621287038554,0.6853887592652913,2.0545326852812407,1.3910864838548966,BAD,0,1,0.1972314575577767,0,,0.12225450324873686,8.179657791136066,8.179657791136066
-1.0053392196050532,-0.9044928191187999,-1.5485624152287985,0.5721205251105556,-0.6063272577103049,0.2368924847820371,0.3733179933193012,1.9507875906224095,-0.29381629820325816,-0.6692857141688647,BAD,0,1,-0.9355673546035221,0,,0.004907032695890748,203.7891454926357,203.7891454926357
0.11435788747562295,-0.5809785219668746,-0.7256344121623742,0.5455696653359755,-0.2366215873648881,0.5898299640362288,1.0711387980457527,-2.278118229542574,-2.065576306897599,0.5907781748965721,BAD,0,1,-0.1640428200470904,0,,0.04551601613155694,21.970288372990645,21.970288372990645
1.8580203922075844,1.72536397764349,-0.11240823967079372,-0.14714869142423245,0.033165423878050694,-0.42236464719254724,-0.7172171424155082,-1.5488732947887738,0.3280456967491141,0.06975612753001112,BAD,1,1,1.4709361120203448,0,,0.8542864138068966,1.1705676033682546,1.1705676033682546
0.23692067333609354,-0.6556751111839086,-0.24275198853719682,-0.8883705780574261,-0.5740368981208421,0.013065526046470372,0.37728424085438655,-1.7204762305143522,-0.7190996352330463,0.6314445322823272,BAD,1,1,-0.16342173583308778,0,,0.045332973618802695,22.05899856490401,22.05899856490401
1.2566309898685555,0.003827288201566435,2.4572945890653948,-0.48154331070474937,-1.6556781973616492,0.3239432006726549,0.046060685509733516,0.8246715524630167,0.17709038735160254,0.9477330032801672,BAD,0,1,0.7978995073798433,1,1.0,0.4463526860184553,2.2403808273680985,0.4644895178868378
0.8401305989477423,0.5469407766974457,1.0263438991413933,1.715603568924863,-0.9605024194893186,0.6478881660817789,-0.8467756621205764,0.1812248708384155,0.23083378179179245,-0.3195954736262775,BAD,1,1,0.7494152297762461,0,,0.4141577279426731,2.4145390331540986,2.4145390331540986
-1.9719286928464208,-0.7677472120881325,-0.5258454123980428,-1.4559348525142524,1.1943633299267757,1.117089025110139,-0.04023185070888502,-0.4856102898013532,1.2705501657050176,1.350728802888668,BAD,0,1,-1.3004870175705705,0,,0.0017156099398420992,582.8830766112475,582.8830766112475
-0.07684033970519674,-0.6933878511104847,-0.9469760525902353,-2.268619962246101,0.21359010083019977,-1.265057694018798,0.9636968648987307,0.5183435151558969,0.5900261263151266,1.1311811909202247,BAD,1,1,-0.43671540152277744,0,,0.020794122965881186,48.09051103721909,48.09051103721909
-0.9306359021498576,0.6204381749934598,-0.16675731307953306,0.16309921015450857,0.04737997785399402,0.7214680028547515,-0.6517456387089191,-1.6394110131779316,0.8212876137763089,-0.5514079410858411,GOOD,0,0,-0.2839310069570221,0,,0.20158305675905,4.960734379552985,4.960734379552985
0.6758143698616809,-1.5897848995882065,1.251415219915554,-0.980285723801681,0.695675626324597,0.1478841631862092,0.1349397455628318,1.5103679034377357,0.2861450697374503,0.6434954277179556,BAD,1,1,-0.015338872058170869,0,,0.068832289036625,14.52806544713208,14.52806544713208
0.8222401155337418,0.39523394757451724,-0.29933287109747625,0.08802660199277589,-0.23904327354461719,0.819556683620631,0.3261501451743019,1.4846690084683543,0.6467529287837123,-0.3641414700016927,BAD,0,1,0.5153691314364218,0,,0.2604181632134103,3.839977932647152,3.839977932647152
-0.5355480466541341,0.07083612541005647,0.6202978159880296,-0.33602630838451275,0.26652334916816506,-0.01599908393883183,0.6102747482694508,0.3900756831914427,-0.5479595862037875,-1.7852286887467474,BAD,0,1,-0.1837507245175535,0,,0.04375868052933925,22.852608623094145,22.852608623094145
0.5324010024488179,-0.2910558127236988,0.01807358134634661,-0.11159017823022409,0.14650391694470527,0.8607015658041685,-1.2644777017349351,-2.036012465290108,-0.9253209264002744,-0.7393298745638927,GOOD,0,0,0.19882109425385636,1,0.0,0.5067235350553722,1.9734627085965626,0.40915041357522863
1.7462563182751656,1.4430875834547836,-0.9194491847633625,1.0901528926431487,1.0925633619786013,-0.32415019818829954,0.8237126081224749,1.9550554438780816,-0.6511305169582248,0.9688868482216983,BAD,0,1,1.3602563602950277,1,1.0,0.8098939654664625,1.2347295357658887,0.2559917134544852
0.1390867505544731,-0.06451309551365764,-0.09527290234272089,0.3379535699933314,1.5807860908438993,-0.6953396335230776,1.5870889370740489,0.40043811487947506,-0.6418145875587414,-0.6926221975020497,BAD,0,1,0.1469233577294772,0,,0.10806915765638678,9.253333899201545,9.253333899201545
0.7728969850842533,0.3886380922897798,1.159503941432795,0.1666704550186469,-0.6684638374063099,-0.8951789667964966,0.16572962012861112,-0.8035384648151589,0.02691745554003825,0.41094723742180744,BAD,0,1,0.6172116661542899,1,1.0,0.3232857027006092,3.0932391740382266,0.6413093502257646
-0.8880540962170259,-0.692530537554246,0.7483510289274119,0.5616802014306852,0.11779811580119441,-0.3842126655868925,0.5405653059447068,0.6790237457144858,1.1006350702312977,-0.9865289934161561,BAD,0,1,-0.5461646337664867,0,,0.015529748810847137,64.3925418356751,64.3925418356751
-0.43005210449501535,1.97031310327167,0.616061111837509,0.008550271882831188,-0.5763323906743444,1.362381647736486,0.48029513530512136,-0.6484338627961727,-2.064944509046849,0.5950334490750525,BAD,1,1,0.4233105158022989,0,,0.2154198204668709,4.642098381814354,4.642098381814354
0.10993177853936541,0.9685026229505048,-0.9683099812962442,-1.3241985366554574,0.05661601077254426,-2.0417027669020524,-0.6492040463211859,-0.34881462586888945,-0.4965690407282463,0.8535335828323091,BAD,1,1,0.20139757138974276,0,,0.12298140923018258,8.131310303399712,8.131310303399712
-0.15663124469744125,1.0383336582410458,-0.4270722583188278,-0.6838276896121971,-0.5067075274006401,-0.12132087586355467,-0.308392441526729,-0.4876834480395838,0.22923526864040814,-0.4054142026942901,BAD,0,1,0.1446430990306034,0,,0.10644654922264413,9.394386265245622,9.394386265245622
-0.02015216264470634,-0.8285994352629827,-0.48044322255341004,-0.284699708128136,0.9961089116542513,-0.47015322100417234,0.3492929229394584,-0.9974786484975223,-0.6556795605372715,0.5244918017650954,BAD,0,1,-0.2650298100816386,0,,0.034429546388707225,29.044820652298707,29.044820652298707
0.043919715276932086,-0.9195411473156772,0.431380592347287,-0.07529992286534308,0.6708947014366068,-0.5587225234995357,-1.2753280988670763,1.5533366897536582,-0.913199327435613,-0.9007550649183835,GOOD,0,0,-0.17387940990695816,0,,0.25666621610478857,3.8961107354765074,3.8961107354765074
0.7614609058505148,0.5222339347763687,0.4366211902141396,-0.4638213629129547,-0.4303966068454211,-0.43945835995993865,0.8445375760837507,-0.34661930103527633,-1.8550623188238975,1.3376655897119476,BAD,1,1,0.5597105655019149,1,1.0,0.28672180708501516,3.4877012326568257,0.7230916477682969
0.7305726548737476,0.32892274884153416,0.387036936995438,1.2506267841469898,0.2595430091883984,0.8358459997033395,-2.554814050397111,-0.8754962876583221,-1.2595523882418678,0.568989816200262,GOOD,1,0,0.5991962873269701,1,0.0,0.7710255983459894,1.296973799761264,0.26889657669079364
0.30093392414093867,0.9281472697462508,0.7670890107133823,-1.0252449508907153,-0.16160986786543707,1.5917628069139393,-1.3242380772353073,-0.5951131266489735,1.5159570712171304,-0.4147844571574822,BAD,1,1,0.4651782702660605,1,1.0,0.23476773532578235,4.259529098461169,0.8831117429680239
0.8376333039156632,-1.1839300614931059,0.4701992961920936,2.6279589153531364,-0.17481213164627454,-1.8367754948378592,-0.1696038970177474,-2.0711871628812397,1.9897631513813863,-0.5303828950041909,GOOD,0,0,0.2501172412474636,1,0.0,0.5447623516641947,1.8356628297552127,0.380580896060175
-0.8842697497439428,-0.7485795086261474,1.5250972072860398,-1.050549240910125,-0.14049754781225188,0.2063607191440174,1.7050752199158172,-1.065889385275902,-0.8310556101158835,-0.16704848061303224,BAD,1,1,-0.5763671077673583,0,,0.014179616654680595,70.52376833261616,70.52376833261616
0.4077669930296123,-0.6540124040366609,0.3720701267527418,-0.6560358127514184,-0.46751923807039725,-0.9472916892254881,0.5613521997860556,-0.43362498916251097,-2.0787074504922067,-1.5726378228147069,GOOD,0,0,0.003035747091173532,0,,0.3648702402918578,2.7407003629567193,2.7407003629567193
0.07371157701560777,-0.022356711144941453,0.6855820937261274,-0.22007309599774338,-2.068890495355913,0.6336131127287113,-2.340925516401822,-0.4198460795464502,1.0173191686261756,-0.38910754054643126,GOOD,1,0,-0.001136456373344653,1,0.0,0.3617819691053711,2.764095741069794,0.573069311466494
0.34781783390270155,-0.3318743267333761,0.8680895045648129,-0.5879635546303507,1.5524011268417093,0.4083432700553488,0.1962630977782408,0.22614263862303996,0.2433405905942266,1.5681199855420251,BAD,0,1,0.2216716211079263,0,,0.1309844617655739,7.63449333242079,7.63449333242079
-0.39413237394995837,-0.7841120601887921,0.16492772415374496,-0.058807743953678396,0.8636355237655333,1.2436105245059896,-0.3897142475655351,-0.17030126829075518,0.8368355371853556,-0.06875758750577468,BAD,0,1,-0.3737967419030011,0,,0.025404119023310252,39.363695276440104,39.363695276440104
0.22621213114100652,-0.5693165703158746,-0.7322607097367665,-0.711741585516688,0.05687216122626013,-0.8234988716333305,0.3066358525786898,-1.8338737352874384,-2.89224040536514,-0.15859132011071364,BAD,1,1,-0.15217203019771003,0,,0.046913955886816766,21.315618798222232,21.315618798222232
-0.6618912758728542,-0.35850443734187276,-0.07117035012372852,0.09786380091576943,1.770668260834617,0.7161109143496656,-0.25203469271235573,1.668179441254334,-0.833481645415412,1.165181781246556,BAD,1,1,-0.35339502349139623,0,,0.027199594863935844,36.765253490077086,36.765253490077086
-0.20853374850379316,-0.13098928899192694,0.6563613048017292,0.05467451421144875,0.7259143432754593,0.9242216571536879,-0.6042623503305863,-2.5219592803910875,-0.13257632036996037,-0.24188888726089455,BAD,0,1,-0.031966832021704174,0,,0.06678800414916673,14.972748665562216,14.972748665562216
-1.0133070573583023,0.6665456916000502,0.10344156347143192,2.0222291803829266,-1.6648000541693977,0.23212711401667116,1.9243468647447306,0.8079931240320541,0.03784392223651478,-0.8781434407720886,BAD,1,1,-0.2759905508829639,0,,0.03370453441935696,29.669598385720075,29.669598385720075
0.8414256923875825,0.7408384241924824,-0.29871029318940123,0.1501840455008384,-0.09293132743622026,0.344470886220594,0.33251104369687506,0.3165900441554864,-0.22101348869903115,2.207083055966505,BAD,0,1,0.6405169555356331,1,1.0,0.33792682549743286,2.959220531036524,0.6135237817566583
-0.8361477184052765,1.9687743189977267,0.4457561144165257,0.7876334648868278,0.6201272177323849,-0.028986481721668712,1.536292921437519,-0.8067073542429167,-1.118998987154141,0.4211190351613909,BAD,0,1,0.29467374081650477,0,,0.16005103515052965,6.24800707511507,6.24800707511507
-1.3146493618251887,0.5557482387844805,-0.8878257194025453,1.3172624673494537,-0.7150886325635345,0.8150590174309075,-1.2989780832954612,0.34985235737472054,0.12012710080301905,0.43712174673388354,BAD,1,1,-0.5523385724887266,0,,0.015243564628632227,65.60145375194489,65.60145375194489
0.7303957447148828,-0.7456112267115789,-1.1297027335906586,1.2542850633430254,0.5649159030955928,0.1459293295046159,0.4675903940280982,0.7610086341183061,0.1669614882121496,-1.3482581118079073,BAD,1,1,0.1356508650525456,0,,0.10322427005575101,9.687644189296801,9.687644189296801
0.09311070367830566,0.16349028190474457,-0.40873553173513494,-1.3908634924082377,1.6938200774064336,0.8233556757458708,0.35275413442659737,-0.012250078859172696,-0.2681263906149307,0.8481153236480299,BAD,0,1,0.08059837664381754,0,,0.09023372243705387,11.082331228190103,11.082331228190103
-0.5100956505822759,-0.1201307436771469,-1.5261717696891486,0.4381230154358529,-0.40220065523742476,0.21096153767683137,-0.18340097086397333,-1.0715082759430754,0.3194233395394388,0.8764163583181022,BAD,0,1,-0.4377630545773975,0,,0.02091526393889306,47.81197133928806,47.81197133928806
0.21648139758672102,-1.2807459450268814,1.4973892876920742,0.9607202262106791,0.5551356855499004,0.487592104599216,0.9086086262901357,-0.5988021072188863,1.0131824187567446,-1.6845092703832605,BAD,1,1,-0.0424022056416081,0,,0.06465991534025975,15.465532157561634,15.465532157561634
-0.36001120873927156,-1.0328414853254708,-0.08413858918337898,1.05796219039752,-2.7079167670733635,0.46921967260449965,1.0901077032075057,-2.1551393512869805,-2.181359336839668,-0.11865151519591699,BAD,0,1,-0.5751604980728106,0,,0.013888290631849123,72.00310149808965,72.00310149808965
-1.9081847831366037,0.11653331605849324,1.7551741656764832,-0.3955656348590421,-0.9325834567618385,-0.6735645547992268,0.714532047991697,-1.790003919076157,0.22430285295477725,-3.209955381978046,BAD,1,1,-0.8213108957754301,0,,0.007030221957926033,142.24301963504539,142.24301963504539
0.8150863654129971,-0.21910520449953724,0.5473809632533632,-1.8413264295602838,0.9092594297805295,-1.3431983125313176,0.37000667437463525,-0.7578201366095014,-1.089863503331305,0.8494612091517396,BAD,1,1,0.3696053147292131,1,1.0,0.1868551500406743,5.351739033054865,1.1095554170761521
-0.22516071659483092,-1.2664169895910844,0.1823342685288408,0.4757179729515804,-0.00624749909608451,-0.4286006895038369,0.09281635295594677,-0.1530993652222406,1.0816642101965943,-0.6296621402997927,GOOD,0,0,-0.4477338025526969,0,,0.133216898342814,7.506555192620142,7.506555192620142
1.3569787876682777,0.48468627798385755,-0.25611541433025675,1.3546263068343694,2.0759505803869307,0.6668801993571806,-1.0137197024379423,0.19659506908435523,0.2108731700382351,-1.5523887064375035,GOOD,0,0,0.9969270231500372,1,0.0,0.9159864205904982,1.0917192411600838,0.22634194053068263
-0.7819311429100614,0.7283193204481766,-0.4307764837654095,0.0947261791710886,-0.4353866117092333,-1.0455016527206784,1.5147825750211064,0.6799194027055647,0.1492782673373222,-1.6616850237477663,BAD,1,1,-0.22827278431922712,0,,0.03848816871671194,25.98201040325907,25.98201040325907
0.5704310082584367,0.3612801691339149,0.4788826908337705,-0.40060452019968934,0.22893481911605904,-1.1562883682188425,1.133447419015704,0.1973697967260356,-0.3144722455368165,-0.6644215005432198,BAD,0,1,0.45235028550757417,0,,0.22763713406384545,4.392956378195878,4.392956378195878
1.1818592955326808,1.1756423141912948,1.5364828166986797,-1.5776022503698854,-0.2395230822906097,1.5068897831518364,0.22687513999867145,1.2860058797097595,0.22338174940582078,-0.871546713931174,BAD,1,1,1.0378111354828363,1,1.0,0.6221839672941145,1.6072416721842124,0.33322321826753465
-0.5026282153949344,-2.7509475680776063,-1.1845675341186457,1.0392618085893095,-0.899456135417889,0.049394106064659174,0.38473171315983773,0.12856761629374386,-0.17015389843900264,-1.9924991599124573,GOOD,1,0,-1.1935236512954417,0,,0.016551163882961108,60.41871176379735,60.41871176379735
-0.18178378221098612,0.4562579201281703,-2.2982449775249343,-0.7571996627483099,-0.5123494614427918,-1.529117612770963,1.578710018765323,-0.29179516831965935,-2.891511480266465,1.5813434316140553,BAD,0,1,-0.23653594201402883,0,,0.036885135196773826,27.111192480798213,27.111192480798213
0.5679433816499357,-0.1016379743818435,0.06925096183452642,-1.1616019467282768,0.3270261565272187,0.5673334205644194,0.9015922583874204,1.8771428706377922,0.4306132751340653,-1.190784254860191,BAD,0,1,0.23620687766236817,0,,0.13419278242101376,7.451965612149094,7.451965612149094
-1.6780231637384073,-1.0011179756879713,-1.2068086114449508,-2.0803755375034805,1.6490341289902384,-0.4228730741888659,1.7503390730573396,0.48737121476628076,-0.2983907014936831,-0.642428065693879,BAD,1,1,-1.2979119116666242,0,,0.0017174437513932867,582.2606994777814,582.2606994777814
1.0311333720043023,0.7692704911755667,-0.9657098742166961,-1.9149281734948693,1.5131919871782227,1.8264840423763609,0.7567003661586531,-0.02095822991115248,-1.178975896658459,0.565624733052791,BAD,0,1,0.6549278819642426,0,,0.34720573085657797,2.880136792480177,2.880136792480177
-0.5828427350759314,-1.116670914632246,-1.1470305042127322,1.0123301291535707,-0.6033969466944596,0.1690265657500107,0.9967769868870562,0.3075686296840664,1.2471602380126536,-0.32451917971977035,BAD,1,1,-0.7211296851404473,0,,0.009171398825129276,109.03462155195332,109.03462155195332
0.7930605524518372,-0.042382357726280115,-0.05705869182666073,0.031216052991360762,-1.3208173667695051,-0.21899848103126462,-0.42039445805125514,0.3100086777490648,2.180496319638774,0.6696772854660646,BAD,0,1,0.3361581231652791,0,,0.17086265873873882,5.852653864698847,5.852653864698847
0.5499305970570395,1.3048378295965286,0.5223109585785488,0.8438100462780511,0.055686488142052015,1.563792608618236,-0.6380407350109051,-0.7047392202425459,-1.0466273798176675,2.049778771444076,BAD,0,1,0.7865244742220072,0,,0.4428639294533042,2.258029912787107,2.258029912787107
0.8774482454073996,-0.5722300032298162,-1.3649454861128771,-1.5169257674735261,-0.3971095477834072,-0.9099400188719847,0.07146070549131028,-1.6123636928119243,1.9311794190283689,-0.5929421601700255,GOOD,0,0,0.055220020936870826,0,,0.39751305424252187,2.5156406546334504,2.5156406546334504
-0.6497766344553,0.9860615298808496,-1.142557980053211,-1.4415468071578532,-0.7362227869475838,1.41677730450979,-1.7276202420274733,-0.17815228389683793,-0.5187869357182614,0.10663379456251997,GOOD,1,0,-0.24469736674098014,1,0.0,0.21805159450315834,4.586070568658537,0.9508123268193042
0.6962749159551425,-1.0750340599272297,1.1552568968586299,0.3853580505457705,0.14602577944168102,-1.01016487537234,1.729031831687332,-1.694958800288801,-0.011141258111069953,0.19632138062708118,BAD,1,1,0.18323902304393574,0,,0.11740382425469138,8.517610106384934,8.517610106384934
-0.6649283544831086,0.6536491899457063,0.642746335480754,-0.2306169062981436,0.8171204646905834,-0.305156288075076,-1.976294895730925,0.09135888719420779,-0.8813147145221315,-0.4866440867259622,GOOD,1,0,-0.03863906729440344,0,,0.3432772575381114,2.913097148269363,2.913097148269363
1.4193683548655733,-1.3420098615261835,0.43998672043956727,0.640453658995647,-0.8815841950767983,0.3023845682334613,-2.177677464271924,0.4640528954739388,0.2952204288389035,1.3501568029590845,GOOD,1,0,0.3638422165526889,1,0.0,0.6216730274319843,1.6085626299902605,0.33349708735576505
1.2522315626273022,-0.8847286012386693,1.175609480746336,0.4796962084572591,-0.5899674340661236,0.8621689184981025,-1.4726571262457677,0.6523101983645719,-0.1516899652786653,1.3432368831212602,GOOD,1,0,0.49701093805382285,1,0.0,0.7105011244389038,1.4074573080932404,0.2918026964418061
-0.9436975883785224,-0.7878701909688464,-1.041432014546035,-0.9819405159147886,0.850917690412449,-0.03764483160530487,-0.10897822398419477,0.2702901295410002,0.2317142588603142,-1.5288911390500586,BAD,1,1,-0.8241777827092833,0,,0.006846638936474333,146.05706672695501,146.05706672695501
-0.3876465197231077,-0.32107571525219936,0.14753580887585138,0.32032143845469147,2.4540699865725952,1.48165499306989,1.3912563489889982,0.6065672606903332,-1.3270484988969211,-0.3071043136579491,BAD,0,1,-0.135129435705309,1,1.0,0.05066948724066119,19.735743431749615,4.09173558341898
-1.2718116679596179,-0.24320231504242704,-0.5666412777157238,0.630742979769623,-0.12917328933680922,0.8308526010187456,-0.9537377215409267,0.46020710543895615,1.6608354030583428,-0.7640402478085184,BAD,0,1,-0.7466844454606,0,,0.008647746463530047,115.63706269804257,115.63706269804257
-0.8588749459851053,-0.3463984907059125,-0.8214498504599109,-0.44719966255470445,-0.2079123129196103,-0.8170059694342733,-0.48711735591105787,-1.067293741390219,-0.555455667235428,2.551148655934658,BAD,1,1,-0.6494079350965194,0,,0.011371735479602608,87.93732511573911,87.93732511573911
0.4034986202367131,-0.5206128104740664,-1.1247227521080672,-0.4160634652067836,0.4987641057674319,0.07212492808792567,-1.9213963222948693,1.3682078241753455,1.4363634524155202,1.1318256004478195,BAD,0,1,-0.04953168705536328,0,,0.06246018136394705,16.010200069275093,16.010200069275093
-1.2177516237871895,1.8870487752598704,-0.07542311139203546,0.06517237355439204,-1.9062464743660703,1.2815798098708513,-1.979542057417369,1.5123326979597742,0.96649543616414,-0.5523990931199767,BAD,1,1,-0.13708401767802597,0,,0.049855453790077574,20.05798611743905,20.05798611743905
-0.22390044893106312,-0.43578309799628634,-0.7403767357070694,-1.5385923002121764,-0.6266432544477267,-0.33366768918090645,-0.8794224977122373,-0.06989426329468218,-1.067437018396687,-1.0864211957731205,GOOD,0,0,-0.41767574727752316,0,,0.14241579477938168,7.021693075189547,7.021693075189547
0.16894697547463872,1.352116183331318,-0.42095692730695417,-0.40986067108185353,-1.368548419483016,-0.3202039435812321,-1.5066999564793035,0.4642317258002321,-0.0570462822413695,1.1885899804646345,GOOD,1,0,0.37921944812554587,1,0.0,0.635726143403946,1.5730043673295835,0.32612492987325603
-0.07145737231420544,-1.395001107132957,0.284581373873423,0.3867916033916992,-0.7267249384746718,-0.1849607732851202,-0.6748996601314392,-0.43674374808586897,0.674819738063599,-0.4055420715795304,BAD,1,1,-0.4372891283064379,0,,0.020862530725192327,47.932823355531866,47.932823355531866
0.63656697009173,1.5555203938608462,1.7816655874009395,0.23215015115032014,1.9414618283465657,-0.0013232837866166951,-0.41137252459850676,0.35486942122589726,2.5540189498465145,0.01317822458354068,BAD,1,1,1.0946628499705833,0,,0.6670662037321177,1.4991015800308523,1.4991015800308523
0.6570782667125122,0.6140449908704068,0.6999263889753075,-0.39075210726745396,-0.33498685695043634,-0.29992932647564663,1.0005530904853688,0.3917905339290322,1.157153665599304,-0.5962773394827267,BAD,1,1,0.5687611775718091,1,1.0,0.29296237757017024,3.4134075791369503,0.7076886310650885
0.40271751266444333,0.59519151467352,-0.04489492214522473,0.6453464430821444,-1.1274591498928925,0.2245144207327693,0.10571095020938731,-1.0013467840435817,-0.1861816445428681,1.9979515177687335,BAD,1,1,0.3710338930344578,0,,0.1874825835159198,5.333828781568324,5.333828781568324
-0.23623063578079628,-0.19237387601597802,0.6355857670152736,1.3387524515407794,1.733914404378866,-0.2823033089990523,-0.06746988975377592,0.12769130229012235,0.13357971925722345,-1.0170469446175625,BAD,1,1,0.04618179230719623,0,,0.08345364398181548,11.982700242758717,11.982700242758717
-0.16547206242113147,0.2012054588128514,0.2811453594691109,0.39240169308852674,-0.6792415991624081,0.17999789020040707,0.8855816495699065,-0.33215654994872906,-1.9295034254105479,0.5950764553059649,BAD,0,1,0.0018685309531415635,0,,0.07268082611484183,13.758786924352176,13.758786924352176
0.9769189134788021,-1.7441583701335999,-0.08863188512291398,0.8913763588996927,-0.1572049394963564,-0.6324641486176688,1.4104783822122322,-0.913259665328333,-1.3920229964440944,0.42096790941055034,BAD,1,1,0.00960639910475193,0,,0.0730170185722748,13.69543730425209,13.69543730425209
-1.2963918071501508,0.095139443565453,-0.42371509994342044,-1.185983564929173,-0.365461992676627,-1.271023040846661,1.5861709384232352,0.6933906585165882,-1.9580812342078666,-0.13480131198999493,BAD,1,1,-0.7441815806073775,0,,0.008669746146225406,115.34363095918043,115.34363095918043
-1.391686587007843,-0.3077629168466729,-0.1850699919161833,-0.787665859554054,1.3284164214511072,-0.3279770477674362,0.4817186813901732,0.304065612048452,0.19506017014262575,-1.9260575556405277,BAD,1,1,-0.7892262144284623,0,,0.007695917780077626,129.93901813617262,129.93901813617262
0.004831809736324765,-0.025616676700960912,-2.6574258955857846,1.793025284322296,0.8763798704993514,-0.2950982898132418,-0.6402731797731381,0.18406998905191826,-1.395905535284401,-0.08307465728395254,GOOD,1,0,-0.12856226134353413,0,,0.2823085872193294,3.5422231036248513,3.5422231036248513
1.4817424957390433,-0.5617427322898401,-0.25889326060596596,0.8407290046028003,0.7361110332320143,1.0690474556400018,-0.6736041740647852,-1.2723328698046543,0.9020555771117696,-2.524838325361492,GOOD,0,0,0.6517204479306296,0,,0.795025509383657,1.257821275162918,1.257821275162918
0.5422009876544758,0.021137383803465484,-0.3913427396826717,1.1754220486327704,-0.16241286336126254,-0.32967599007509557,-0.6698999135505094,0.7957538616832794,-2.065460023750255,1.6479521897098153,BAD,0,1,0.3067986874935185,0,,0.1606309523820523,6.225450233411755,6.225450233411755
-0.05523892035891771,0.9811207795163311,-0.018548563161073738,0.11966887273846367,0.4264017957621751,-0.4569513033075213,-0.4290207773620119,-0.05503716909872123,-1.0768954288108363,-0.35770273439052475,BAD,0,1,0.30565514500891794,1,1.0,0.16193260460258313,6.1754086056616675,1.2803236534423046
0.2916571756646966,-0.019980111378420894,-1.3456050941130138,0.9504594349064217,-0.06034007258187445,0.043937006309219324,-0.6160592529780259,1.454777413803014,0.4244787413274417,-0.9673240873130711,GOOD,0,0,0.06401167673909161,0,,0.4082813842623146,2.4492911960872434,2.4492911960872434
0.8100030867232416,0.6141880273253673,2.2115273174497565,2.0201763881177,2.2299768416162977,-1.8889332764473823,-0.045782660076622225,-0.48047895588042533,0.5145418501104667,-1.4761719350983622,BAD,0,1,1.043716176213438,1,1.0,0.6337504627810601,1.5779081179866012,0.3271416055878002
-0.30440284592936967,0.770818433376395,-0.23575096986827987,-0.17778292517384178,2.2886352913332426,-2.5289475108846853,0.5677535540962639,0.07355255089438108,0.7483241867237762,0.9146566431112833,BAD,1,1,0.16811743534379867,0,,0.11533381073368122,8.670484341396755,8.670484341396755
0.4842804471679413,-0.49578445261213927,0.43631693659620324,1.1314123105331726,1.024608665268313,0.036020263062874744,0.6796885131282481,0.35890998726974144,-1.4226899094997554,0.47430212858152954,BAD,1,1,0.2585399907546927,0,,0.1435759156026992,6.964956453888707,6.964956453888707
-1.075783773528473,1.4313943524632156,-1.1113450741458666,0.9022473025488862,-0.21681273301628526,0.9732413241937071,0.10062624722110004,-2.0612624557158252,-0.6861002515876168,-0.5859532263676643,GOOD,1,0,-0.18254992718798826,0,,0.2541833897386369,3.9341673782391764,3.9341673782391764
0.08866180909892728,-1.5821416138326991,-0.5709662442878659,-2.694436425421303,0.052526837781072915,0.7594804897706907,-0.16509680609535254,-0.7230063027801327,0.08723507627935545,1.8295774066917612,BAD,1,1,-0.6133632189960174,0,,0.012383546803779392,80.75230916031305,80.75230916031305
-0.028605526283796465,-1.2522775141080982,0.10659762229930986,0.5422573331869174,0.9912188508026412,0.2872129861981349,-0.6359698186412605,-0.3785028025591672,0.01632286834064877,-0.20958795245614859,GOOD,0,0,-0.29834711345486886,0,,0.19335247475574388,5.1719017367802955,5.1719017367802955
-1.5160263242689693,0.9009059073065512,-0.7226515773390619,0.4068217821722056,0.6492235961668581,1.2259146722541192,-0.3977962361012733,1.00738642473082,0.18251326463727047,0.15015854720955393,BAD,0,1,-0.513056227449866,0,,0.01725873502605287,57.94167408506204,57.94167408506204
0.8295332916510221,-0.06055097232820682,-0.30021119650801753,0.6702256319525405,1.9272745871783565,1.2119578185731572,-1.3186333063307527,-0.5454985632934162,1.2257950961785846,0.8152770176021618,GOOD,0,0,0.5150305011613849,1,0.0,0.7249103784761559,1.3794808705899808,0.28600244953318305
-1.2525300719713104,0.17099173202803972,2.7763254588000312,-1.2200783739047856,-0.34153074332485567,0.45476536272575707,0.23842571206455815,-0.11660753330508225,-0.4805370572197366,-0.14144979290748902,BAD,1,1,-0.3786003904339548,0,,0.02541527898515041,39.3464105030788,39.3464105030788
-0.633329859343282,0.547104791390735,-1.9973377532515293,-2.104713929788824,1.2706661750922694,-0.541203322897703,0.16569144238395783,-1.4710185539374043,1.7058668384970448,-1.3489404110565821,BAD,0,1,-0.3905949632840907,0,,0.024072372639770058,41.54139747520758,41.54139747520758
0.5404022758199989,-0.22359822709110108,0.2617010365210662,-0.8788256991222697,0.22338152449598941,0.2759418990779069,0.06464925530843595,0.25129617537815985,-0.23892745611740313,-1.2588940133861541,BAD,0,1,0.21334281084355233,0,,0.1266558694619769,7.895409855444622,7.895409855444622
0.12771181052702799,-0.8291825633597693,-0.5004744114139862,0.6876259510533493,1.5345529929213104,-1.0372415290485972,-1.1409669611458368,0.586065961267128,-0.7203819922636215,0.3136974470241752,GOOD,0,0,-0.11672290121462563,0,,0.29071238033968005,3.4398259848155064,3.4398259848155064
0.8985004597400191,0.48752899347214373,0.1194634791182613,0.6441508581759235,-1.968387659493763,0.5247070781616328,1.690664268920968,2.1709654613230214,-1.0136706919309186,0.6000468780314554,BAD,0,1,0.5679514690710291,0,,0.2897323430682645,3.451461405413022,3.451461405413022
0.892257884749868,0.14386099595965895,1.275597323305137,-0.46898715506363886,0.4741248277718854,0.66839521890313,-1.2047158798971238,-0.8511320881692872,0.8991245292770655,0.9371915337062796,BAD,0,1,0.6396254783796094,1,1.0,0.33869770647843606,2.952485301413363,0.6121273925703635
0.910258021261465,-0.8501736520620874,-1.1669610522389977,-1.259540927936699,0.29893708958149956,0.07303474450566955,1.5736935163071337,-0.4093475582750313,1.5280396914328835,0.4859663786134372,BAD,1,1,0.05413357602921134,0,,0.0820839983119516,12.182642421968838,12.182642421968838
-0.5732207905423437,-1.7756735671858839,-2.7743429256349788,-0.203481067272865,0.05171883427541955,1.074577822721548,0.8425893427526947,-0.9783414180126836,-0.5662391541683488,-0.4246048158085039,GOOD,0,0,-1.10817460535167,0,,0.02117732932610398,47.22030736743382,47.22030736743382
2.4744309546591454,-0.30399001086332034,-0.1987553130017557,0.18369621879632417,1.9831059949676175,1.3395367393210922,-2.0547931826501618,1.2600635406462883,0.29906146501252934,-0.21074865597329892,GOOD,1,0,1.273039132416908,1,0.0,0.9601908206799007,1.0414596541257402,0.21592181415502595
-0.9747412199681276,-0.4890620242859942,-0.4532417429962467,1.0439025873973815,1.347313938505102,1.7939472135885932,0.5530369221818904,-0.5142310726958585,-1.3046024982359716,-0.6575969610307728,BAD,0,1,-0.5652279867995676,0,,0.014774434284441217,67.68448664414097,67.68448664414097
-0.04170664725735867,1.9601718483900783,-0.3082204292991191,-0.9430039920399785,-0.892660368012725,-0.8805108446999613,-0.21894353343128872,2.125797853256168,1.9389350416637832,0.23729977991078524,BAD,0,1,0.46391878600462416,0,,0.23386117155845,4.276041180055687,4.276041180055687
-0.19377850082585324,-0.623942351291848,-0.5455478506313619,-1.4117917282955772,0.11890542517229938,0.8772795705501982,0.3784733896771146,-0.15536389622095742,-0.24045858125573163,-0.4891966007189248,BAD,1,1,-0.3972656007914619,0,,0.023425455473083244,42.68860433254067,42.68860433254067
-0.22152373597014857,-0.6934136691582945,-0.33832286309141063,-1.4916485021416166,-0.35164335030645694,1.6043510641677503,-1.3980473884145623,0.27904039053026175,-0.8693090649870361,1.3626516690835457,GOOD,1,0,-0.43874401137205815,0,,0.1353146134151514,7.390184805331811,7.390184805331811
0.7107651741007314,-0.5537962805296852,0.16346088438584017,0.10496050401054317,1.1501367433111191,0.5565616347521616,0.6090491700148777,-0.632513260808761,0.5803184139651022,-0.060656862955325866,BAD,1,1,0.2846604354465605,0,,0.1524671179070993,6.5587912575963845,6.5587912575963845
0.4189865207224278,-0.6448568401745624,1.0106043970307172,0.1977955123420279,1.5197336592954713,-0.6348063413719238,1.8652194267312159,0.20363657658428344,0.1988528412833094,0.1734356421533278,BAD,0,1,0.2148817348044688,0,,0.12881295321371652,7.763194423008663,7.763194423008663
1.7893962060023398,-0.38542737502404606,-0.33937719999794,-0.4653767839296524,-0.8543980754353178,0.17840259925316965,0.23731164772086583,0.742786166106298,0.24930998597507595,-1.9315293250980572,GOOD,1,0,0.7124228335046211,1,0.0,0.8200985974429813,1.2193655776487615,0.2528063632624638
-0.7014811472600427,0.5167863504871545,-0.4143994932544478,-0.5615847942521986,0.3437170326220349,1.7475220863842662,0.5398998770150264,-0.49519737438896855,0.46301689909689936,0.23737629933432333,BAD,0,1,-0.24442896065638517,0,,0.03680831526312307,27.167774261101922,27.167774261101922
0.6077192689730406,0.5614393396589403,0.5758643380026099,2.3036455913612075,-1.3521850848224095,0.40210659978009916,0.8990413385545436,-0.41057612192261933,-0.9382963538204352,1.4500512216749324,BAD,1,1,0.5997587948108215,1,1.0,0.3125849557081968,3.1991302899859217,0.663263346972302
-1.415042920852526,-0.6407599230105716,0.7796263036636958,-0.43812091634884287,2.0747931679465657,-0.34329768218246975,-0.6166293716831945,0.7631836460599923,0.19291719182330652,-0.3484589306523706,BAD,1,1,-0.7519894974402893,0,,0.008660589050357777,115.4655871772012,115.4655871772012
0.41680075873531786,-0.6575045305090914,1.4951196920790684,-0.2619036835541532,0.14332671267990338,0.40856170791345753,1.821563134570578,-0.6658197923569463,-1.029488426544686,-0.558484210951185,BAD,0,1,0.16850464387559697,0,,0.11342557071706025,8.816354140236129,8.816354140236129
0.3312854253521796,-1.94327028847757,0.11871279626399817,2.216791384854668,-0.0456555745358126,0.5001066856635897,0.9572926200414316,-1.1760025974824964,0.14570961888674075,0.30338447890178527,BAD,0,1,-0.289676786618185,0,,0.031948948449861986,31.29993469329097,31.29993469329097
1.2382624131362387,-1.2855738604138573,-0.780434179513625,-0.46617212638524397,0.096940343318409,-0.45823039827601697,-0.07936631605575531,-0.3182853136155345,0.9195436457578192,-0.5611773427197669,BAD,0,1,0.15839728321219584,0,,0.108171827703585,9.244551203666667,9.244551203666667
0.17936204011130033,-1.2998350276710988,-2.038694707932714,-1.0479715504602383,-0.10029381079401457,-0.42577371407978476,-0.48709448069526046,1.6198963494595437,0.3189244212705012,2.470511401629137,BAD,0,1,-0.5534944602041605,0,,0.014700396027769166,68.02537823545651,68.02537823545651
0.7016782959801339,-0.3630556403735696,-0.6231969238703199,0.5040572692304238,-1.727188347128479,0.5836978826797948,0.30592251074770666,0.9138458836391721,-0.2958115144046823,1.129846517200627,BAD,1,1,0.13890223228782297,0,,0.1029308064755513,9.715264401795254,9.715264401795254
0.5398129189913053,0.5431731800991405,0.9637445310773097,1.2537261342634507,-0.22013056376799178,-0.25227004044698115,0.01003713940839754,0.48028838228527204,-1.9569675522430627,-0.564484658307677,BAD,0,1,0.6010695677050328,0,,0.314820824008428,3.1764099568370017,3.1764099568370017
-1.7820673133478881,1.3422476930833915,-0.8368802848084969,0.4844840213841734,2.021143213769883,-1.7886373970999514,-0.6100830677983373,-0.21359128937633137,1.3047792526370554,0.8637146477472304,BAD,0,1,-0.4560764676166475,0,,0.020618900368243397,48.49919162227339,48.49919162227339
-1.0010898000168718,-0.24047102860608743,0.25538526919954585,0.28297478883800176,0.05020629227570034,-0.8557345994178097,-0.3842851979162807,0.08023790280266023,-0.28621289990793,-0.2708672756631451,BAD,0,1,-0.533296287107668,0,,0.016113065389316603,62.061437463229495,62.061437463229495
-0.4425368790048132,1.3291162068337181,-1.385684240835405,-0.13919576433460026,-1.3723823577478322,0.002803519238126999,-0.2918292935710012,-1.8617821074490928,1.2818872727038764,0.7126490965775344,BAD,1,1,-0.02462775598942314,0,,0.06720377363115043,14.880116784639574,14.880116784639574
1.5530953706229005,0.13891357638744206,0.8241731466944507,0.7727289375872731,0.02294779077262512,-0.2500804139603677,-0.19411851184900678,-0.4638100529627788,0.47184525606694827,0.11202699557935279,BAD,0,1,0.97161768199345,1,1.0,0.5746512909542292,1.740185771338761,0.36078600570432
-0.7620549262627957,-0.9072625409556404,-1.715814579847441,0.9264240026690949,1.2492190664175233,0.66107830142591,1.116793465534957,-0.6791269796667452,-1.4465952801077002,1.2931692177766863,BAD,1,1,-0.7203934118530451,0,,0.009299687924936476,107.53049006285131,107.53049006285131
-1.1523203752500624,0.23955298039021952,2.26909463593031,0.24280066301944475,0.27635216206675983,-0.3465462468702315,1.2865553035363415,-0.020410063636785953,1.4965416203358142,-0.017798817191895255,BAD,1,1,-0.25420442636679136,0,,0.03644953324672715,27.435193565607353,27.435193565607353
-1.4062687541526289,1.0822637852926102,-0.5827796663115654,0.755586072668648,1.2276030053707003,-1.5082961340548764,-0.1632010999930395,0.3667437999888524,-0.4612948552347179,-1.2676921752047654,BAD,1,1,-0.3421013848019715,0,,0.028383976555457796,35.23114522188807,35.23114522188807
0.18911314310958063,0.6538613747849276,-1.8218741881047422,1.5520578870956858,2.636419346647105,0.5527767754682709,0.8471757296462002,-0.9400333025740317,-1.6242442440522942,-1.56765520988923,BAD,1,1,0.3298493215697881,1,1.0,0.17270729182419517,5.790143481712024,1.20044812090072
1.8243643293802945,-0.9480842974626666,-0.17907621643171537,0.6488732865451622,-2.415277929830738,0.5644460066626728,-1.2189514192824145,0.6491554919069787,-0.07814405455485418,1.712469914106728,GOOD,1,0,0.554906793243102,1,0.0,0.7396542744446335,1.3519829933394842,0.2803014206764064
0.3287024560728353,1.4480014208760494,-0.43728724254382445,0.9114744851303214,-1.1268282836571295,1.114733892631557,-1.2265674316518074,1.3552725615328403,-0.08885766708388806,-0.694949123737318,BAD,0,1,0.5662509946758378,1,1.0,0.29159524482025445,3.4294112053041927,0.7110066011673395
-0.023876597295284383,1.285165082287723,0.36501060120400836,1.957147485251539,-1.5246206669302382,-0.5226247989378463,-0.8027494032332249,-0.5154219727994211,-0.5622819737026037,-0.6457140460803893,BAD,1,1,0.4490962458913122,0,,0.2270228587756758,4.404842778357015,4.404842778357015
-1.9567290798794694,0.09674317141923917,0.4793398619225984,0.3373236577018772,0.03161298322821929,-0.16714531392306786,-0.047847061965282045,-0.4962002374472135,0.2365723697803081,-1.4472320543806443,BAD,0,1,-0.8965392892342668,0,,0.005656389969964732,176.79120522276065,176.79120522276065
0.8880705034867753,0.36151564054381874,0.5555008268064853,-1.550398463510654,0.588399672826942,0.10758407655917065,-1.6578367310063638,-1.5755168444340246,-0.40011937071571574,0.6821168867230702,BAD,0,1,0.583166879439089,0,,0.3014096144484292,3.317744199467462,3.317744199467462
-1.5545166846266658,-0.622894695069416,0.37898274503459134,-0.021842146208187162,0.8842201885082098,-1.133061181870439,-2.995659233063915,0.3831997976998351,-1.4203007583099139,0.08024791004508894,BAD,0,1,-0.8954523116512257,0,,0.005653879727452746,176.8696980136385,176.8696980136385
1.60838184446633,0.4475746062394053,0.11174167310998608,0.5954838218462655,0.9193163441603939,-1.5788204864591329,0.9218688528119745,-0.3359200045181002,-1.5984894485599013,2.0144378085646624,BAD,0,1,1.057228833494345,1,1.0,0.6354611424667175,1.5736603439168988,0.32626093096961656
-0.38507447926985855,1.298981133921819,-0.17385947328690715,-1.1684047852234463,-1.821921974328939,1.1746905711623894,0.3906535323200916,0.9949376189760822,-0.5038829444383564,0.12121828145689056,BAD,1,1,0.043889678709175935,0,,0.08093948440118405,12.354909441273525,12.354909441273525
0.6135459844852981,0.4378424750970572,-1.1755094944337179,-0.7266980765572219,0.1123588034670643,-0.703394094108779,0.2398825848336165,2.1212524843862033,-0.09198885175717765,0.6106080379381148,BAD,1,1,0.3100625218813242,1,1.0,0.1609952939709081,6.2113616822905415,1.287777666182412
-0.27243804051413845,-0.18151912940746917,1.4007536572250008,-0.5649151769300904,0.21905490740933414,-0.3691726071103826,-2.0921637637900363,-1.077804250737976,0.6317860891851022,-0.46675757953711144,BAD,1,1,-0.06107989282696397,0,,0.06156662929271797,16.242565355421835,16.242565355421835
-0.08557406247183826,-0.5572952623443224,0.25779881222600043,0.34505513763730816,-0.18221012389787758,0.5045593500993454,0.6675869550912118,-0.09789701795265189,1.2654332789436438,-1.0121847307438963,BAD,0,1,-0.16817552836917832,0,,0.04527903122264631,22.08527817396963,22.08527817396963
-1.9003696914644261,-1.0239364192571805,0.2150680470083921,-0.52669820264485,-0.524434980542717,0.547052797574943,0.11873192576862869,-2.3053224234261522,0.719991138685963,-1.2845045596199125,BAD,0,1,-1.3048492565979333,0,,0.001682716784573463,594.2770697764694,594.2770697764694
0.3916330035957717,0.7640358161215552,-0.5322393144700547,0.050523570992351795,-1.5116701658801868,-2.1619030215398896,0.25510979221366514,-1.275648318622586,-0.5540881490540414,-0.2856799141912912,BAD,0,1,0.31948854774848445,0,,0.16462965881555336,6.074239643054677,6.074239643054677
-0.3295430326335301,0.4548291714968719,-0.15947032644385067,-0.6743311854863033,0.5601231610303146,0.9889128942913799,-0.446148032803478,-0.42788233263563014,-0.6510789642920245,-0.9385192820557556,BAD,0,1,-0.04210166468305804,0,,0.06474545412844614,15.445099790575822,15.445099790575822
-0.7385535329801526,0.19762742151241033,1.3557367974480028,0.5383065810535187,0.03551647259451544,-0.867003744799122,2.1780893391993934,-0.15880038306288738,-1.2309562517581967,0.2753602396027737,BAD,0,1,-0.1433074540683928,0,,0.049379209065866236,20.25143818456294,20.25143818456294
2.6474189892831026,0.1332902420274303,0.8100978673990902,-2.066453723784956,-0.3284080793917298,0.2854489945462638,0.9127282586749043,-0.8853951972314839,0.662893215100046,-1.548077411041423,BAD,0,1,1.3709734591635,1,1.0,0.8106862079316051,1.2335228972889678,0.2557415457519401
-0.4122993360714029,-0.8463871722742934,-0.14337045638837295,-1.059414755355806,0.101213444167104,-0.3637132856782697,-0.2976452626980163,1.111987731701143,0.9398902326051871,1.7141538531443048,BAD,1,1,-0.5199206281085389,0,,0.016506554339975704,60.58199545487165,60.58199545487165
1.2193532551041886,0.28262159055981007,-0.18766385053728105,-0.5931603309380915,0.22514518786077595,1.709284945735708,1.4732244673677761,-0.38130946655205095,-0.5706486803502027,1.8922686207919006,BAD,0,1,0.6846002194736283,0,,0.3662062797818137,2.730701397572433,2.730701397572433
-0.6488839514440822,-1.3718561093800559,2.3870154353349404,-0.17162990916382842,-1.8866187066724405,0.23636828949395472,1.5038921095265487,0.5231750895350372,1.4465452980762155,-0.12232719399095546,BAD,0,1,-0.6000135043282552,0,,0.013111805680205164,76.26714614217443,76.26714614217443
-0.008898663292110321,-0.5431980084071721,0.7530621876919789,-1.6094388961729544,1.943262263433996,-1.4474361123195851,0.13024845535270219,0.9493608646609868,-2.0151887171225265,-0.07954058693411101,BAD,0,1,-0.06883177329275823,0,,0.060276199012694966,16.590296275805095,16.590296275805095
2.4292769860115904,-0.1995728022892966,0.05569218919378835,1.158305503091577,-0.07187429024562479,1.15923252659992,-1.477175478900009,0.6231045419197534,0.02277106486052274,-0.21124065868172087,GOOD,1,0,1.2555837637528822,1,0.0,0.9578540833589163,1.0440003518002348,0.21644856720678662
0.25526965807017604,-0.884563515631581,-0.8061526759728307,-0.9269450087896994,0.13365491795789675,0.561275300784475,-0.737526289536093,-1.8950233424552287,1.358083620177934,-0.8350687266495506,GOOD,0,0,-0.2474686874178381,0,,0.21509943364985495,4.649012705574245,4.649012705574245
0.6177594707762792,2.8857517953922764,1.7598211003608997,1.0913309075290665,-2.2134606073911924,-0.023980761898605114,1.2372535126873845,-0.45619206614093344,2.124745399513117,0.2407422845881994,BAD,1,1,1.3275439255741304,1,1.0,0.7962513946373553,1.2558847704818652,0.260377746692214
-1.4586636248296623,-0.1948881577028968,0.012920265529686132,-0.632651296733968,0.07910798853031259,0.9664046241672664,2.3626992089649423,-0.06788278782022726,0.22262863581002282,0.21098015077189053,BAD,0,1,-0.8225546579020472,0,,0.006943615488808766,144.01719127617739,144.01719127617739
0.11616996929285858,0.5750302398284985,0.214722957979932,-0.29996616086755773,-1.5186983590180125,0.2286359948452643,-1.063350097426442,-0.11060042340561436,-0.12839314647428973,-1.683639629158327,GOOD,1,0,0.17783557074999154,0,,0.4907472397311821,2.037708863218003,2.037708863218003
0.39220770165005825,-0.305149440583084,-0.7144552557652005,0.02109134639943683,0.008674815359616077,-0.22908085663463973,1.019848347155118,-0.447440504912959,-2.272546165552454,-0.3393723167898309,BAD,1,1,0.04917442005639809,0,,0.08191489562587848,12.207791908411844,12.207791908411844
-0.5590820683847606,-1.513353110172908,0.15627796712173594,1.363542691987883,-1.1667620116463455,-0.5087076231368128,0.4937729367221049,-0.3155260300504874,-1.231323015876498,-0.9712489835043036,GOOD,1,0,-0.7088815254519886,0,,0.0663192074524921,15.078587914615113,15.078587914615113
-0.48152007909040123,0.12213336537981243,0.4667625263465448,0.29207422144612344,1.1905032745203572,-1.1644960047852317,-1.9118384764938943,0.5767659350881928,0.3129448076130652,-1.3664558272112886,BAD,1,1,-0.07953584643179866,0,,0.05894707613347377,16.96436983126528,16.96436983126528
-1.167556195829698,-0.6738105247345956,0.004756229885349788,0.7626357442152847,0.2898306892004116,0.19673546942673478,0.3565837285712942,-0.6061307634820841,-0.3696627070791759,0.6059321577503102,BAD,1,1,-0.7398771629665838,0,,0.008846201339319243,113.0428713571372,113.0428713571372
-0.16309013666903965,-0.5147867370947123,-0.5304094280300458,-1.1586206703649367,2.7226579854933752,-0.2879126895937779,2.7638556426243883,0.10416628741063334,0.8928517443370074,0.7447134032980525,BAD,0,1,-0.20739990795887248,0,,0.04097813881649015,24.403255708567873,24.403255708567873
-0.47311702441174824,0.7755272297057895,0.24621757457783364,0.5701021880202787,0.3941073109405108,0.6363232839983167,1.6663832527025801,1.6105027284060458,1.29522566609296,1.2087582168393727,BAD,1,1,0.07631854570711116,0,,0.09000130635556086,11.110949834987741,11.110949834987741
-0.6101245348759314,-0.8780771766537365,0.480175678626742,-0.11645437071570056,0.12168919181901225,-1.3636082486549548,-1.8545119950918543,1.4906647105765556,0.6465194369837144,0.7704199067960977,BAD,0,1,-0.5205263010963747,0,,0.016609475388437517,60.206597536255586,60.206597536255586
0.2284681945600287,-0.10045914128828248,-0.17659273382947657,0.6010736489376021,0.7151578275683298,-0.04873569244193566,-1.500581497738946,0.9724194822896269,0.10804191798610839,1.4828198642042125,BAD,1,1,0.1446273605370849,0,,0.10681754546375143,9.361757899027463,9.361757899027463
0.36295138311198694,-0.2449316579347589,-0.890627187960851,0.22746085677059893,-1.358874202170808,1.1208866152739076,-0.8122786693590682,-1.3654998780993912,-0.2010601851997522,-0.19413827519552213,GOOD,0,0,-0.021500526956227197,0,,0.3467567101881186,2.8838663265016304,2.8838663265016304
-1.0413287186178037,-1.8994347398217746,-2.2513351691435166,-0.5091252178684762,-0.4773688571263915,0.8826732417762103,0.2220474489058974,0.9023035325256057,0.5047301964557872,1.27770675903322,BAD,0,1,-1.3743990240524737,0,,0.0013379555979483153,747.4089585136065,747.4089585136065
-0.1944147552065173,-0.9800244986171608,0.8152375854417272,1.100160933834026,-1.2875273968952468,0.32397805545186426,-1.5431120431783973,-0.11604450506318349,-0.21073848869674736,0.5525218988244645,GOOD,1,0,-0.3128201404433715,0,,0.18579133013549853,5.382382478615633,5.382382478615633
0.9689045577333327,0.170770931967963,0.7079943796338916,1.3016102245353771,0.377426024051308,-0.787901129200937,0.9282123550423084,2.0333233170635046,0.5812629099886915,1.560723423781778,BAD,1,1,0.7137619627945277,1,1.0,0.3895723401620416,2.5669173524589874,0.5321890764882604
-0.039864702725365464,-0.7948278722843453,-0.7961770715467805,-0.6097011164560507,0.4878217108275914,0.08736172853578385,-0.43588811786844517,-0.08101601979140136,-0.630346688579106,1.4357604661484429,BAD,1,1,-0.3374558029440458,0,,0.02784960281391344,35.90715482306297,35.90715482306297
-0.5426344721669724,-0.9077853251360679,-1.8344258214845997,-2.189700557749177,0.8300700962365736,2.114972180111325,-0.36828110384225976,1.9408210391643,-0.8419015179841862,1.689279695660335,BAD,0,1,-0.7956336569846175,0,,0.007350236093373701,136.0500516305195,136.0500516305195
-1.0525009246066992,0.015828843130148314,-1.8813399134714743,-0.39914510372852396,0.8700739297582233,0.2831543918470395,0.4304975012420887,0.051890792275866834,0.711973506498264,0.11511101918419733,BAD,1,1,-0.6898712758853167,0,,0.010164045103717554,98.38602542547206,98.38602542547206
-0.5401858548179809,-0.10834784260106886,-0.8408623030902963,0.48073817168724686,-1.475534963196491,0.4171746410423148,1.5014811721094392,1.1179590978428897,-1.9376868674497207,-1.9697136001108857,BAD,0,1,-0.4311136116475799,0,,0.02125488102047935,47.04801683135686,47.04801683135686
-1.7312212505422666,0.48772490986113437,-0.8254071813819717,1.0434970637677063,-1.0037008333460102,-0.17643807390988836,1.9627839973740406,0.6846972157403733,-1.8963730611878598,-0.6843240807169767,BAD,1,1,-0.8080394856172656,0,,0.007246622148433571,137.9953279634098,137.9953279634098
1.5889355270575416,0.8025596678070541,0.34971084067282443,1.0340860109433332,-0.9906580008599427,-1.3258882342792235,-1.236157192357061,-0.18751598407183157,0.05089796352466335,0.3926704240548045,GOOD,1,0,1.1078075236095064,1,0.0,0.9368328091092326,1.067426322260029,0.22130538333017927
0.06581618993434415,1.253650683850298,0.20100174039756027,1.2262943516989004,0.6255021454270383,0.6857170790713547,-0.6496079842372976,-1.1432054506456542,1.8839452148810554,-1.5047721087806447,BAD,1,1,0.5373843940865056,1,1.0,0.27781322745697284,3.599540630781801,0.7462788789216944
-0.515844386180395,-0.5364118129973303,-0.027784983951119193,-0.6472069439552665,0.513092069602141,-0.1802942087798089,0.4389945242863542,-0.13760068751872676,0.0705648181512328,0.13150039586303316,BAD,0,1,-0.4266207488489779,0,,0.021765897853644384,45.94342979665158,45.94342979665158
0.8422578090621243,0.21319822408300687,0.6799541317450675,0.612648793673014,0.5952694519636597,-0.016001642670510897,0.2960826612014466,0.9049347694502657,-0.6010354787057175,0.5728107261751832,BAD,0,1,0.6351928952969741,0,,0.33626675862940697,2.9738294801303287,2.9738294801303287
0.7175283358464811,1.2965505381984606,-0.35458486574299486,0.30134810389252903,0.5087450441097501,1.6558199248490792,-0.6285283185235373,-0.865350802899046,0.9688869843141352,1.2843833844998855,BAD,0,1,0.7771251622795632,0,,0.4348504652697445,2.299641094737439,2.299641094737439
0.39732769667234163,-0.7990210676628261,-1.3423807705018769,1.0763558283616315,1.3760851746810474,-0.8971753387306997,-0.2107023756323717,-1.1173330164751742,-1.0607753509469786,1.2477197402767033,BAD,1,1,-0.04200976609107507,0,,0.0642606111610507,15.561632264806637,15.561632264806637
0.3140675748833244,-0.4388597280769225,0.44303140036437255,-0.3162956343409664,-0.2895246220550719,-0.005644637900944253,-1.0946980217906341,-1.2662731778200549,-0.4263136726073965,0.5186285787377752,BAD,1,1,0.05309181356046064,0,,0.08300123355171737,12.048013712674624,12.048013712674624
-0.17354717618796478,-1.3815349254342373,1.1180491462567999,0.5102169772653596,-1.4192022055526285,-1.3446029010376603,0.4032040976930982,1.0598535677041678,-1.2442190974180882,0.4807555726394024,BAD,1,1,-0.4296229138056049,0,,0.021351513788305736,46.835086725686956,46.835086725686956
-0.839278719673452,-0.9032612795228152,-1.0360155745433912,0.3584184300730976,1.6113278152934578,-1.1228714088538807,-0.00573629616464749,0.6785975071445123,0.7355141369648619,-1.1163298319323556,BAD,0,1,-0.7013368279769623,0,,0.009877095284230121,101.244340691601,101.244340691601
-0.32736159557559164,0.8426693214665916,0.8232300481964642,-0.4257158798774877,-0.10233911195944848,0.3300967135951671,0.5393129127166892,1.7192522683059028,-0.5572935996549744,-1.461235250356549,BAD,0,1,0.1554536711895907,0,,0.1105344161097257,9.046956008772113,9.046956008772113
0.48843220829071704,-0.47756825940893144,0.3764827219613796,0.2545873339241572,-0.2690378414815943,0.1273419395036818,0.6865082699832734,-0.3027387373729808,1.0800426342444311,1.532265249006984,BAD,0,1,0.1535054171904038,0,,0.10843760099909897,9.221893427984535,9.221893427984535
1.2956287647253946,0.5872607882420522,0.6214563569449616,-0.7618636269187073,1.5802607793269479,-0.46107039407025024,1.2674850226976473,0.9918757608541503,0.213208158745775,-0.42539393261142455,BAD,1,1,0.9549468334397078,0,,0.5648230313629348,1.7704660477228953,1.7704660477228953
-0.15162394516087355,0.08556965981153539,-1.0401989878686857,0.8212667366552351,0.05686376685022412,1.2629566479348135,0.5398574445528856,0.2982713999191231,1.0065185458367243,0.7184422852350684,BAD,0,1,-0.1013187796370143,0,,0.05462045731024336,18.308158687138324,18.308158687138324
-0.1846462299060448,1.3034169184403073,1.0139442850591334,1.1956678167282275,0.9050264189533831,0.5604533970480537,-0.8770332527050415,1.538379851802693,1.7335413254921535,0.33781442919692056,BAD,0,1,0.5176225608703063,0,,0.26795531151803675,3.7319655816290376,3.7319655816290376
0.3421770737151188,0.06430029220993591,-2.061498022104379,-0.38827991711771337,-0.13295242646086372,1.8307323417303063,-1.4732740619712523,1.0474075406899583,0.7556180978803672,0.15696581407372606,GOOD,1,0,-0.026437454925100773,0,,0.3439111166303412,2.9077280484505748,2.9077280484505748
0.7000452723146847,0.07455981071053643,-0.09180805144899466,-0.8105601159173703,1.9998578404574014,-0.790472710889662,1.2720349278692757,0.12340670941539608,-0.14471976544476078,0.06339992712334852,BAD,0,1,0.44032562509670053,0,,0.22228657769046473,4.4986971790645205,4.4986971790645205
0.7033701295324031,2.0181731054084193,-2.1184436022043336,0.9340750865112839,-1.2065215329274852,1.0973968223176775,0.45649848502097917,1.6812252448367369,0.7947226037501349,-0.0799031455189001,GOOD,0,0,0.760460370448237,1,0.0,0.8421876650008807,1.1873838118953621,0.24617570709254044
-1.4489402983150457,-0.04130758586254658,-1.0424983927869926,0.44974755044690523,-0.9116929224589377,-0.07094159654536941,-2.5051786140226127,0.8013650578390469,-0.5920304235247963,0.7272985686898272,GOOD,0,0,-0.8709461835558701,0,,0.042572428705258,23.48938104807943,23.48938104807943
-0.8276017374999237,2.2921936458109897,0.6278876784461687,0.9527052435093047,-0.8296277386100399,1.1604663708722947,-0.3115251054922687,-0.5393910228200474,0.540432755366913,0.1406950564673274,BAD,0,1,0.35320343987134667,0,,0.1836194732944837,5.446045465974235,5.446045465974235
-0.03959248222630848,0.5117263639182267,-0.12334897487341856,0.1296518834504745,-0.8848992469867147,0.6185634879717471,0.5803984999161552,1.1936487009639802,0.7401640566966233,-0.5097739340706294,BAD,0,1,0.09714830957645414,0,,0.09367713762350999,10.674963234028532,10.674963234028532
-0.15078404618427504,-2.3445521211027227,0.7327476996857669,1.3214804188862714,1.5637937908619364,-0.19334270600070233,1.377420919754685,-1.0318552452665208,0.2041881612695115,-0.4058240298575524,BAD,1,1,-0.563502498494925,0,,0.014714874948848709,67.95844364808822,67.95844364808822
-1.0671269924558355,1.1529992104137576,0.7260039527335047,-0.7626505911977558,-0.047033227571679624,3.0561678979457234,0.8662393324035239,0.2864241694969625,0.11736131348113127,-0.8288794420872951,BAD,1,1,-0.153353309121963,0,,0.04801402109199224,20.82724956703907,20.82724956703907
-0.06340532135397717,0.48905360189011937,0.7045354278052993,-1.0717355675879099,0.4137586484133794,-0.345025274037323,1.2401898182121198,0.10342901781618742,-2.1418516144035475,-0.6836501416815086,BAD,1,1,0.1643728256349806,0,,0.11277436314169904,8.86726355300732,8.86726355300732
0.26398123829502473,-0.5197107660650463,-1.1448937497074319,0.126764621889988,0.5869118609335081,-0.04948168266258349,-0.3144795928288083,0.23062779263181118,-0.8580571709185673,0.7996895796564567,BAD,1,1,-0.09146651727245658,0,,0.055798156439035816,17.92173906484857,17.92173906484857
-0.3704887551777182,-1.9260882651788052,-0.9895111468738925,-1.0938410824485512,-0.01527361681359736,-2.2724393778493805,2.5707645107660437,-0.055598926892828825,-0.7091400944632673,-0.7448891733298583,BAD,0,1,-0.9187757788871874,0,,0.005102811372859194,195.9704027702836,195.9704027702836
0.4648610136458135,0.2812340164992506,0.5967094745756008,0.4783672849815975,0.6263551184437018,-1.1332980152751044,1.1105481320471566,0.6689494790252959,0.9125826280563615,-0.3805198654675371,BAD,0,1,0.44885838620833435,0,,0.22700661941453673,4.405157887373761,4.405157887373761
1.197417347795924,-1.222505297396622,-2.023763530020729,0.0537117476660896,-0.5362903624231383,0.10714253527293145,0.6151521853927577,0.9050654404010442,1.6525856413988107,-0.8428196875999223,GOOD,0,0,0.02713194493137474,1,0.0,0.3765872068485906,2.6554274330462233,0.550539530195895
0.5872594680978843,-0.45186439475168905,0.4742240303458316,-0.09572608603916524,0.36767347630475355,-0.2759071848328467,0.7257751086155199,1.3525883572448814,-1.7155404770963167,0.6894265106536129,BAD,1,1,0.23533495747866642,0,,0.13433700437816684,7.443965306721736,7.443965306721736
0.6030536979033265,-1.0614676369216434,-1.5164304957203023,0.32928250529485964,-1.9836209428041778,0.16713678370411497,-0.1788939995187421,1.178239159200306,-0.44340798605665754,0.7389539007599524,GOOD,1,0,-0.23460379934112213,0,,0.21853317126884259,4.575964345338612,4.575964345338612
-1.1233933758108203,-0.5347192159032681,0.962257036743296,1.8023904254614564,-0.4794679378344072,0.20345737220567253,-0.8555403924827928,-0.1846259049531304,0.6614622257884801,-1.7333791969840164,BAD,0,1,-0.5647005646335403,0,,0.014779323356029876,67.66209628886737,67.66209628886737
-0.21732850560325967,1.739374573613236,-2.0811370893570533,0.842378831760531,0.9365571236883692,-0.5882091473335016,-1.2825674368280096,0.8677101841087078,-0.4774379339366215,-0.1315060937520766,BAD,0,1,0.30723214287148526,0,,0.1626732183043626,6.147293392382474,6.147293392382474
-0.01912275129904966,0.9929416493373554,-0.1295965590136684,-0.17083040768743868,0.7904280904722739,1.0918159072154612,-0.40508326392063543,0.5364439368681257,-2.1313146599852018,0.2630766894332881,BAD,0,1,0.3198953222667022,0,,0.1677873485263102,5.9599249215336,5.9599249215336
0.01607238501098876,-0.9213798087211472,-0.9148973206788631,-0.1855579414365509,1.0863329004667601,0.020014062490592847,-0.3616084388767292,1.4287649211257754,-1.3144334868031267,-0.7847709689467188,GOOD,1,0,-0.30884215248708186,0,,0.18771889736504316,5.327114179961186,5.327114179961186
0.5219979705833205,0.5639493394338968,-0.05818985492234964,1.0778035873134741,0.6791380636681087,0.49256225202705967,-0.10405164557505987,0.07530237581078959,-0.38465598282466923,-1.6645104329617095,BAD,0,1,0.5309100668211482,0,,0.2721425926309656,3.674544253923653,3.674544253923653
0.4152987016284749,2.565917360177608,1.3110909185719273,-0.20429550994058496,-0.5277830403219427,-0.05624642393738156,-0.18726676450257174,0.41535786515366957,-0.180323324487924,-1.2377573117811096,BAD,1,1,1.0991283268183314,1,1.0,0.667161447913995,1.4988875678093916,0.3107585796278417
0.7036806930550376,-0.3413695656005904,1.8197151790359813,-1.9045802635535631,-0.9828131651401433,-1.6409021775095132,1.5837432468618453,0.07284021251237921,-0.5816664608121738,0.7480059521509215,BAD,0,1,0.3074762836769396,0,,0.15985320917880128,6.255739281914984,6.255739281914984
-0.9643176933899287,0.347955545093867,1.4735983705778015,-0.8359863205473368,-0.5773502295426413,0.7187160398235002,0.539673037289212,-0.14018824801579935,0.9109874760500989,-0.7949707599812128,BAD,1,1,-0.29990004639879564,0,,0.03156439743140273,31.681263745751785,31.681263745751785
1.0994384715996157,2.0420753202115476,0.3412945090937264,-1.2451284750748055,0.6042965897730619,1.5532168103591544,1.7976325384859286,0.10129882011110349,0.11272865538094472,-1.3875090799274032,BAD,0,1,1.1968129203724378,0,,0.7256920596787952,1.377994958967332,1.377994958967332
1.3973125791335586,-0.3062544898706742,-0.7976219502118782,-0.40151386976975134,1.2623072067070402,1.8207914876493103,-1.0418678041321559,-1.589665213428925,0.5307364716391962,-0.7922803547040447,GOOD,0,0,0.5958375412808737,1,0.0,0.7666977078934286,1.304295017064275,0.27041445644314593
-0.7172101122622849,-0.6258061948132327,-0.04862094515232524,-0.2835219064516098,0.020754117929975585,-0.6006192810888252,-1.1833638011279208,0.9812209106546904,1.0562356622512707,-1.3510974100758113,GOOD,0,0,-0.5649765210539278,0,,0.09854855220399371,10.147282508321565,10.147282508321565
0.29950210736329086,0.08361582073075834,1.857782860912462,0.5313699140284313,-0.09266556751861033,1.7685456712520207,1.1405056678571437,0.9961028356042567,-1.2375443219342774,-2.2097727877045124,BAD,1,1,0.3979686061834367,0,,0.20217320636665095,4.946253848229777,4.946253848229777
-0.9893371686522084,1.2260588180066483,0.24832602576701898,1.540463539679037,2.0058065401383764,0.5336409989243953,0.781746325693859,-0.8192884301262437,-0.27062910186445505,-1.0784285665634306,BAD,0,1,0.07564044904142456,0,,0.09157706968325943,10.919764122817341,10.919764122817341
1.0209239802272385,-0.5123607632950907,-0.04100745586155637,-0.33997777557902475,0.57406693541952,2.6628271918309028,-1.3683019563925773,-0.5927440624976305,-0.4985029881803607,-1.4491328383391289,GOOD,1,0,0.38555997496306055,1,0.0,0.6393762163137925,1.5640243951602055,0.32426314687072444
-0.26693774818874144,-0.8608237181758934,0.3449333957057997,-0.06903364793907009,-0.964957629695019,2.1111934051759405,-1.0729103973098801,-0.16065930935765935,1.148955304830059,-0.06831955046278945,BAD,0,1,-0.4034416924931733,0,,0.023040733498050452,43.401396057317925,43.401396057317925
-0.5823025209771246,0.9127226771904288,0.14259926524344224,-2.1993720292739343,-1.4901370676836174,-0.23818797618809043,0.9623630636161675,1.085227007296458,1.2711674445358774,-0.5620074592982766,BAD,0,1,-0.17813292436944395,0,,0.04381125394275878,22.82518554037603,22.82518554037603
0.953586651699464,-2.205103464575495,-2.281305792694086,-0.6116310759188245,2.8097011435732293,0.17584571165005292,-0.6307555906525206,1.8555455403701624,0.16029074988453906,-1.4228495469631228,GOOD,0,0,-0.2924861257795736,0,,0.19320637065156368,5.17581276759989,5.17581276759989
-0.08985101768707786,1.0251448309701119,-0.019482394208877433,-0.7048056277502418,-0.19776492953636807,0.6609550877737689,-0.16572132238818135,-0.5269147362081124,0.8005240452151636,1.9901147977037512,BAD,1,1,0.22970796786929248,0,,0.13310366672296597,7.51294103776525,7.51294103776525
0.08997749833181144,0.2079298817136974,-0.7486011036085105,0.9493274501703401,-0.8289357282021943,-0.19681459852310887,-0.724746689579827,-0.6302720004061237,-0.47343760655377526,-0.7494823318357938,GOOD,1,0,0.052186980903372045,1,0.0,0.40015169686864926,2.4990522539961946,0.5181188673161186
-1.2768418032135684,-1.4794523507233939,-0.1685525212259554,-1.0534077869037715,0.44210387411914803,1.9197425585151304,0.9729328493326022,-0.1293144508869995,0.6322480767243195,0.6500211894577178,BAD,0,1,-1.1411972758362245,0,,0.0027063461858828275,369.5018786644228,369.5018786644228
-1.4977203810831696,-1.193885976791938,1.2962625863990573,0.9522756260818906,-1.2172541306410147,-0.15726516737513793,-1.5075851602643862,0.10788413080661359,0.7470556550991475,0.4296764358626096,GOOD,1,0,-1.0017917669570569,0,,0.029530378229589996,33.86343352006176,33.86343352006176
-1.7497654730546974,0.34268040332750216,1.153035802563644,-0.25243603652138985,0.9813207869512318,0.5142188413943822,0.22117966922140045,-1.0700433305682933,-0.18949583082317534,0.25500144427338167,BAD,1,1,-0.6313233692761314,0,,0.01235323618553363,80.95044771920244,80.95044771920244
-0.030533940298362296,0.9233991991879635,-0.12246297949795093,0.8541179237336668,0.6776668792362285,0.5485190063560196,0.40768874438722547,-0.7297724805483177,-1.1203688063640278,1.628790519552699,BAD,1,1,0.33920686377927134,0,,0.17622621886656117,5.67452451985707,5.67452451985707
-0.6684965113908482,-2.503950962457007,1.1451668513443543,-0.6981061507169981,-0.030832901164907126,0.1402548250932912,1.8109037901487315,-1.06899305996407,0.0003403475576645703,0.2148840583685121,BAD,0,1,-1.0143786240382924,0,,0.0039014182802951393,256.3170437403986,256.3170437403986
-1.0451012166365874,-0.16057434224098666,0.10943621735141401,-1.1829168191064703,-1.8488067570730307,-1.0668611439289608,0.48162835049875424,-0.38585088908351173,0.7407983751780983,0.07047790903175123,BAD,0,1,-0.711746483371076,0,,0.009428817382943128,106.05783942841178,106.05783942841178
0.31611636397073506,-0.6855865825345617,0.6630525931066529,-1.296776393403824,1.2772191443082848,-0.25759205669569346,0.6140905894514174,1.325467379189292,2.1299625440970833,0.2561313626182929,BAD,1,1,0.028654094857267085,0,,0.07818362383811689,12.790402272355015,12.790402272355015
0.061340310505685544,-0.5818584104767531,0.8542356870588906,-0.49011057428257937,0.0019749163454156602,-0.6478885818679447,-0.016157495018359638,-1.0363738615793667,1.7534621789309606,-1.0209336107741496,BAD,1,1,-0.0732128016580212,0,,0.05902106207021193,16.943104121210016,16.943104121210016
-0.5558744255462802,-0.20939878024355807,1.8398709351830922,-0.012035767922212968,1.5442495615683325,-2.1851538032579825,-0.9052536407792096,0.21306591909620448,-0.9657156624472772,1.0094897718684082,BAD,0,1,-0.07878444872694691,1,1.0,0.059474459468537064,16.813940117085316,3.485969368849602
-0.20620865774219288,-0.7141422968437623,0.6805490424988868,0.5611295123531476,-0.702886015094273,2.303227109888897,-0.7938350941150584,-0.003668261661087651,-1.7196112563937436,-1.6131025460098376,GOOD,0,0,-0.2499380048567334,0,,0.21592823222461602,4.631168373386975,4.631168373386975
0.30104946378806546,-1.6848999616851803,0.22239080944544856,-0.6849217352472301,-0.12620118371357705,1.9902736497540905,0.5229978045207515,-0.016345402757487165,-0.4158163358406501,-1.3585029367598,BAD,0,1,-0.36479085523986904,0,,0.025575763357715834,39.09951722705139,39.09951722705139
-0.5484922802752095,-0.0526349697724523,3.1733905239619795,3.334203517597432,1.6033719963489919,1.0128962309550167,1.8445232062556762,-0.3361436284769567,0.4987504888042279,-1.0778260770671821,BAD,1,1,0.2758614475116071,0,,0.15474352213215284,6.462306054698613,6.462306054698613
-0.9776929901140474,1.4188300580666091,-0.2781944221117003,-0.16190688032374848,-1.1331764079801991,1.3931222000348855,-1.074632809220136,0.4766162783669306,-0.8085699629929692,0.8081312990211369,BAD,0,1,-0.15027637771746483,0,,0.04798337510667467,20.840551498864784,20.840551498864784
0.2473026171050936,-0.22969359436015035,0.8092988485296644,-0.870211619132613,-0.8241577975193707,1.0073936160679373,0.10869000584188943,-1.0532314140018069,1.0016266894570012,0.013307761991401499,BAD,0,1,0.06547769984611207,0,,0.08568082101457802,11.671223363159145,11.671223363159145
1.1099203139593419,-0.4721635113162338,-0.41778623258996234,0.8155378335763852,-1.157048459385082,0.45206428978803836,0.3971699557177166,-1.239243897261917,0.16083740517604497,-0.42861482375967813,GOOD,1,0,0.37892223697188987,1,0.0,0.63249983709267,1.5810280751953556,0.3277884542851372
0.5397480768896284,0.39088606986927693,-0.8810036123482284,-0.5130851371053993,-1.2452219420652897,-1.3947611590235895,1.5806695869774903,-0.0006720379849098784,-0.08369416433756069,1.3675180294726665,BAD,1,1,0.23197682049694748,0,,0.1315820823619467,7.599818927088192,7.599818927088192
0.7797333821701757,2.025669087091465,-0.2116520854891289,0.7373581394820369,2.6088273481016024,-1.0472722219613295,1.8176876017318875,-2.8064866543055857,-1.3190843332651632,1.3419139603377028,BAD,0,1,1.1689463719659567,0,,0.7131474341493974,1.4022345900925022,1.4022345900925022
0.8847485723887643,2.7316574039070765,-0.4853456974491458,0.47743331367039116,-0.23737694521216424,0.19447986216594013,0.31853145199722527,-0.45436438842782406,-0.9267772011473071,-0.45957604931739243,BAD,0,1,1.258344436670645,1,1.0,0.7605331346187074,1.3148671037210615,0.27260632640305693
-0.03850183629652526,-0.8831810933826825,-0.13261465381720608,1.245927327198678,-0.02921535061609547,-1.2447555297812523,0.7090071647807351,1.0932651544462924,-2.1179586882142183,0.5546032137785528,BAD,1,1,-0.22984947322965812,0,,0.03804097513873541,26.287443903659163,26.287443903659163
-1.5820542590986817,-0.18275779202562703,2.9492855374096734,0.9639575319355081,0.1574353015012195,-0.7690873631719648,-1.1812334748461104,0.3535715383323811,0.956346932713027,-1.5133217667667775,BAD,0,1,-0.5045955028911148,0,,0.01789839966099044,55.870916894290836,55.870916894290836
1.0219251961145952,0.19299500589830051,-0.47729389928282157,-0.27166980167059496,-0.24751855177125084,-1.1322412716856916,-0.8110222905403106,-0.10473605798933078,-0.035928362941471184,-0.6534723222613076,GOOD,0,0,0.5201211893109291,1,0.0,0.7241421928668135,1.380944253560327,0.2863058470815268
-1.1714643194965078,-0.14725439039293362,0.4787937153788015,0.07153122744181217,0.12938721272814788,1.5375078356133993,-1.0144495934670166,-0.1082471409701019,-0.3936801912470466,-1.7035865853850598,GOOD,0,0,-0.576618210275862,1,0.0,0.09653216884840918,10.359240985980184,2.1477414877291867
0.14981245977246474,1.801887921827897,-0.6558657470753952,-0.8615854718369378,0.742825485455494,0.36674573322669757,0.9937448942550707,-0.8162585565710976,-0.4139333574351458,1.392037061218852,BAD,1,1,0.5629004815750785,0,,0.2914049040450652,3.4316512389419223,3.4316512389419223
0.7639716190422291,0.6679012758720593,-0.5904520304946151,-0.5156731011864352,-0.7443296880130964,0.5748585941515966,-0.2105860388687647,-0.006983067446841861,-0.9670082111058426,-0.025930634569429938,BAD,0,1,0.4845032040040955,0,,0.2424154613578101,4.1251494207458155,4.1251494207458155
0.10011845364190239,0.7045091995263103,0.4337143542952584,-0.6301649907495974,0.20479266970356372,-1.692338844445318,0.3847395431932847,0.21755165324757852,1.8486585402635474,1.2451768851066742,BAD,1,1,0.2983888435168572,0,,0.15844148161017244,6.311478470394441,6.311478470394441
-0.09244045209207905,-0.06552827105219217,-1.0100869454852848,0.607509156352355,-0.8388868710236042,-0.05923912787861739,0.6028140820889752,1.2152177337713563,-0.96462867485975,-0.3146384344471143,BAD,1,1,-0.16816184503202136,0,,0.04496843861430035,22.237819030745516,22.237819030745516
2.6606277672419796,1.1377096548596732,0.317280727479626,-0.0944544297770226,1.0949187731553738,0.49889004555144395,0.1958029548889917,1.5673165762414485,0.6581687012466166,-1.2026720729140012,BAD,1,1,1.8012311609103908,1,1.0,0.9393301168712874,1.0645884572835707,0.22071701972759852
-2.5055621691037677,-0.33917079652490056,0.48349270599591304,-0.3323784630878313,0.7942499554780703,0.06333222100800502,0.5545025154210302,-0.7619025738249727,-1.0742220300731435,-1.2499063145267277,BAD,0,1,-1.3062218132188221,0,,0.0017097735950386797,584.8727591195355,584.8727591195355
1.2873044171502868,0.7833891410029102,0.1887986632099001,-1.8999145956106052,-0.9844606553326755,0.12413603818360215,-0.764739415497138,-0.6631730995692068,-0.7028579962485934,-1.536502458144873,BAD,1,1,0.7853076662277199,0,,0.4352593639700771,2.2974807270745985,2.2974807270745985
0.00986687347309526,0.9534203375812441,-0.5552469227740526,0.5227703235567119,-1.0407069691024984,0.00048299060133975326,1.0035073370534753,-1.2488077336524008,0.07328162495380929,-1.3741109817047519,BAD,1,1,0.2254781632992664,0,,0.1310393018221542,7.631298290624246,7.631298290624246
0.39058426076124503,1.3925260779906183,0.16841451395907342,-0.3925687758796,-0.30229931902300344,-0.5383113936858084,-0.40544947525878355,2.308417411264717,-1.161481950236712,0.365229811440301,BAD,1,1,0.616975341271246,0,,0.32410490283568,3.0854207734925763,3.0854207734925763
-2.2292589330885986,-0.46273031364217426,1.6282076357873105,-0.0758997670485449,-1.3945327153213618,-0.7799983027126963,0.6986307702990094,0.4729134646484038,-0.2724518087709634,0.18479275551351085,BAD,1,1,-1.1812664439494014,0,,0.002441098849937079,409.6515796669912,409.6515796669912
0.9458112722616882,-2.927304704348112,0.8014166734215404,-0.5663108224809246,1.0189672270394743,0.11324150930846172,0.5381268052348954,1.4988954072433454,1.1793068449570414,0.7155930932214164,BAD,1,1,-0.29210544797567933,0,,0.031433330461212154,31.813364518722313,31.813364518722313
1.0895413618467062,0.04122581703700495,0.6586131177687307,1.4414269837476597,-0.007376305333465804,0.9929573232032222,0.48410162661282996,-1.006348111134418,-2.51871608248123,0.7742923546357803,BAD,0,1,0.7195201279658936,1,1.0,0.392621090056804,2.546984931082844,0.5280565644250329
0.9109405191834493,-1.6183651685960208,0.6946638681652921,0.5935776933812216,-0.7653660119018684,-0.3425847712581116,0.46655071850645147,-0.3843449737116728,-1.0419584407777072,-0.4110881281806746,BAD,1,1,0.0480156376352709,0,,0.0810696546603084,12.335071663868808,12.335071663868808
-0.46919444871189425,1.4303692003116184,-1.4773807428821402,0.6476951797552701,1.8538518716216243,-1.1156574730094724,0.8172734547761792,-1.3771492158574932,-0.3180510664048204,-0.4655565377344759,BAD,0,1,0.17964824808524288,0,,0.1186939938825824,8.42502613054917,8.42502613054917
1.6189816606752598,1.541605174513407,-0.251879139213213,-0.8424357382512976,0.18451869056394285,0.9370822011089522,0.7310003438348087,1.361556125145331,-0.32623805920230253,0.055676014854776905,BAD,1,1,1.2512844032622188,1,1.0,0.7542207280245785,1.325871807606184,0.27488788922471913
-1.358916133121404,1.3304175909504286,0.9293131092505473,-0.04460441452114735,0.9508983777841045,-0.6324254613406857,-1.0611504135468595,0.3716595214338401,0.0959623504816614,1.3977308654404967,BAD,0,1,-0.14427989416232068,0,,0.04989389645455781,20.042531673403712,20.042531673403712
-0.5338887250649933,1.0825071824161614,-2.212788342102181,-0.05705078534083213,0.457390833113439,0.5169550578981938,0.31582375749697444,-1.3950605689071869,-0.8740949934097919,0.6432385983110587,BAD,1,1,-0.1360516555973125,0,,0.04969981231929857,20.120800327684485,20.120800327684485
-1.5773715548911829,-0.12928023961540164,-0.9546656013151076,0.30735420707644684,0.4230144032849985,-0.06494287131141628,-0.2607054314308963,1.4136760380383426,-0.060127599037072835,0.6785252953793146,BAD,0,1,-0.8968155789660114,0,,0.005598353925790052,178.62393361614374,178.62393361614374
-0.16261039078205347,-1.0619730492079746,-1.0893833522229708,0.040468211698730217,-2.3783881661016473,0.4230799287707293,-0.018561333872210383,-1.2032723623855786,0.9986900087512932,-0.012914993209844287,GOOD,0,0,-0.6181607590214603,0,,0.08335520589107229,11.99685117815904,11.99685117815904
-0.2724014495064676,0.3994450386798553,0.7221275341358864,0.8509706508402413,-0.1649762963450529,-2.828130839035651,-0.8525632915864112,0.9481930155134397,-0.8229046821037809,-0.1926273103751093,BAD,0,1,0.09936994387544355,0,,0.09535128736947839,10.487535381930213,10.487535381930213
-0.6618428060827076,1.1769223305637033,-0.36447638495207324,0.5845368093821824,-0.6850728421642271,0.44984557061249175,-0.022235076161645974,-0.39713889021961873,1.0537798566617114,0.8847677006845723,BAD,1,1,-0.011476879849061792,0,,0.07054339429764805,14.175671725982435,14.175671725982435
0.19642833108711708,-0.5674900836700337,-0.458424439842189,-0.684362341481011,-0.3019656836452457,1.0335806682941213,-0.37794528332812827,-0.5340562744600054,0.4607755517480087,-0.5450185582941974,BAD,1,1,-0.15556911823234454,0,,0.04644227762861326,21.53210503577663,21.53210503577663
1.0101338828657191,0.8726631262318649,1.0376123351490436,0.3025477016355275,-1.2981174812942935,0.8478637181249223,-0.2688763993683177,0.3019829920059975,-2.2719054986176683,0.7576049876525334,BAD,1,1,0.8498386395307894,1,1.0,0.4855368423285575,2.0595759432057905,0.4270039384486338
1.5190033138842483,0.5524984188665393,-0.6926816136990898,-1.0600082591583286,1.4671555504106528,-0.1679131727874871,0.7597959068113311,-0.2086217318530937,-0.04822163559467566,-0.18337459189215977,BAD,0,1,0.906894397216378,0,,0.5271249706530688,1.897083340144319,1.897083340144319
0.11108254244933571,0.3419804166006587,0.16518761240475535,-0.46709306413711094,0.2006377249932489,-0.2522202464496181,-0.348900726843459,-1.695827187014135,0.04252844430408998,-0.3546352850532605,BAD,0,1,0.17485548962781747,0,,0.11543172468839871,8.663129678599557,8.663129678599557
-0.3075880047618622,1.2263811337443575,-0.1555354070758753,0.8620873242502682,0.8507747430608485,-0.7666236339521493,0.41424975264252123,-0.3756562553951425,-0.9288736426372136,-0.7787769782942963,BAD,0,1,0.29475524780316786,0,,0.15871972669551837,6.300414074668616,6.300414074668616
0.73234414567467,-0.4877074394233113,-0.3780061774568042,1.0227559867193143,-0.4004869925487385,0.5153459553966526,0.48196935625066345,-1.275951962850246,0.4213172421373329,0.5798484767980296,BAD,0,1,0.2317733412045265,0,,0.13228591905020332,7.559383547242802,7.559383547242802
-0.5444391616724643,-0.6681717368134277,0.007314563228903049,-0.6129387354781626,1.299748074755309,-1.733095623653281,-0.98331009912963,0.3575077531673654,-1.6135785028221759,1.4707138666121289,BAD,0,1,-0.4377847476211091,0,,0.02118162213976139,47.21073737420872,47.21073737420872
0.16248231239452327,-0.8433681189649502,0.41692176537744935,0.12846095470876076,-0.3341555736804149,-1.0673711314317165,-1.2211887429362764,0.9638747837473036,2.4218234907467986,1.203877944343488,BAD,1,1,-0.13019024970836085,1,1.0,0.05013977924796348,19.944244170971633,4.13496323768973
-0.20382070564307203,-1.4998108066034772,1.0703602857427903,-0.8967074445531364,-0.128159420941155,0.20593400544691434,0.9031031588253989,0.50933313967243,-1.2009578826836254,1.2790884841236505,BAD,1,1,-0.4930924468370506,0,,0.017834984678996434,56.0695743785898,56.0695743785898
-1.2753823944478306,-0.012742997750521413,0.13416460556865975,-0.29194311372863735,-0.3480679639613787,1.0615181391567656,-0.06611326127524787,1.558440700912101,1.4219445976652503,-0.10046770431771714,BAD,0,1,-0.6649108767613622,0,,0.010979238802760052,91.08099550112816,91.08099550112816
2.135839579661295,-0.012045236853271031,-0.29108659019024025,0.5624562546330725,0.7315635547473112,0.2080936834521666,0.14688445026802582,0.5095493726194038,1.5405555309799355,1.6862402750755072,BAD,1,1,1.136830509864403,0,,0.6855251332989295,1.458735721603282,1.458735721603282
-1.7420131119651328,-1.0024514330292011,-1.7415268889798203,1.7822132576402199,-0.9904711343329962,-0.10908591451768135,1.3060240939669268,-0.2110933736364886,-0.45708753515689166,-1.301451370703162,GOOD,0,0,-1.320779141583574,0,,0.011666054387813686,85.71878432562393,85.71878432562393
-1.3340145897738582,-0.40134564691807384,-1.035809984241503,0.07866249867006612,-0.1224765509407554,-0.5223796446578067,-0.8387447289475078,-1.2506844517244984,1.0648318779849195,-1.7349258929443434,GOOD,1,0,-0.9008240004888634,0,,0.039167125883750195,25.531615543301424,25.531615543301424
0.12207306986972125,-0.31628495384432037,-1.302327888537662,0.2418478440802933,0.12365707251804829,0.014682473135692015,-2.124533789493936,0.8485152428055726,-0.8866957885331845,0.26631313525128736,GOOD,1,0,-0.13500106137766113,0,,0.2773120478788885,3.606045996374213,3.606045996374213
0.24399211847151137,0.5805792939489636,-0.17567464975869782,1.235751613598738,1.5255943408340638,-0.1304548476848545,0.6426995894409823,-1.6911207690090926,0.41180989594059364,0.01056344343516304,BAD,1,1,0.4307589300506696,0,,0.21918782702048706,4.562297156705386,4.562297156705386
0.7700576179578281,-0.19746261726843023,-0.6644065727778787,-0.3481715616670139,-0.15522471302753557,-0.8805854360258659,-0.8052075881828131,-1.1161556656902292,0.6933407947688037,-0.25452208281281885,BAD,1,1,0.25425887241664863,0,,0.13968893283751577,7.158763258383441,7.158763258383441
0.07169915686160251,0.3893148498230126,1.2381498220937583,0.5426349173834273,0.4176054720783757,-0.2490561286573809,1.7616558697903575,-0.7777266438374596,1.5845692748476627,0.24618496271496182,BAD,0,1,0.33742077897695516,0,,0.17551976082328316,5.697364190273825,5.697364190273825
0.36522540717596585,0.3231095013887879,0.5824042646735971,-0.008457486200020091,-1.7236514338073596,-1.0255372547670172,0.5349275937487872,-1.6500251948243565,0.6689473090641462,0.2803223035037342,BAD,1,1,0.2703431256516518,0,,0.14593162777992957,6.852524125257054,6.852524125257054
-0.28559377932836877,-0.5989226257921202,-0.3823403780460225,-0.9859808115749349,-1.3644765720109107,-0.823533424001803,-1.6813868155498577,-0.9162199391704404,0.5436279322698345,1.5248626005482613,BAD,0,1,-0.47142092712487754,0,,0.018796551603921234,53.201247817785124,53.201247817785124
1.341842596536238,0.11796790090878521,-0.13874495728770458,1.6517922308533635,-1.608530349514279,-0.044910810955597825,-0.7014405687043651,1.3790738297089216,0.23468493582500863,0.2890514011742336,GOOD,1,0,0.7248158667667924,1,0.0,0.8268387073029406,1.2094257213258592,0.25074557117975654
-1.0069633092095855,-1.2688817610198302,-0.32042678881723646,1.0352039943343663,1.452287979486792,-0.9663420310866527,2.010059685469909,0.6382535885768728,-0.3721075714225364,0.10177233182573647,BAD,0,1,-0.800762977779969,0,,0.007421997060243283,134.73462625801974,134.73462625801974
0.410244576062888,0.04419924239694415,0.16167364778029608,-0.1435669655052282,1.6920541519991985,2.135564018817387,0.5626403510541814,1.4259140976836726,0.8588103068988386,-0.09780720162058408,BAD,1,1,0.32615302010138103,0,,0.17016006337137343,5.876819626104072,5.876819626104072
0.09258761536292157,0.6169556462548613,-0.9101072640028659,0.9343665114365438,-0.9505276476924995,2.117065496124798,-0.4248871186220045,0.1847056781891817,0.017190882825145106,0.7410800609108512,BAD,1,1,0.1549869828012457,0,,0.10892883744104788,9.180305449796052,9.180305449796052
-0.5364912567801339,1.02388871112381,-0.17773979821252014,0.7349322928680153,0.21762562625293616,-1.3454961307000244,-0.23246046381217153,1.2701984850473267,1.3061053422646105,-1.3303550582969932,BAD,0,1,0.07645326656223407,0,,0.0899627413395458,11.11571285078682,11.11571285078682
-0.32895483981010215,1.2339188513065202,0.3917174983573824,-1.1176152662525722,-0.22723305643787453,1.7112023064348805,-0.8564867541445508,0.9515378629816534,-1.3700175254082163,0.6077233198545922,BAD,1,1,0.18975353037455128,1,1.0,0.12051821622537602,8.297500836968432,1.7202888528361182
1.4362901237563246,0.9729826951781718,1.3742180951336622,-1.2577357193446648,0.4426747226684248,-1.1052352429148984,0.751514201601818,1.0575306323740594,-0.5007833154550765,0.4599371511844827,BAD,0,1,1.1395819243237184,1,1.0,0.6899127101012956,1.4494587291386125,0.3005106891069842
-1.2481546949398916,-0.9859583884476978,1.1816118267601945,0.3619839178005535,-0.0929899127774421,-0.2622626427981286,0.48954760187343505,1.4799111661020217,0.03221247025304714,-1.1149337031094837,BAD,0,1,-0.7967841525063235,0,,0.0075010973091595295,133.31382846865725,133.31382846865725
-0.9763357630885623,0.8571913894615482,1.292514294557284,1.4746662077841246,-0.2852483446709177,-1.1948064341746663,-1.9011197332287124,1.6671130760643076,0.20898972573566402,-0.03779952942285314,BAD,1,1,-0.04006610164709205,0,,0.06615691057482136,15.115578876208735,15.115578876208735
0.6989365584245133,0.25216685749132517,0.01965559559330921,-0.133940652757172,1.356673649685611,0.046488368079762546,-0.6391052342367627,-1.3425929807001573,-1.374046180486352,0.41402652545069546,BAD,1,1,0.5072894935268689,0,,0.2581218964747843,3.8741385897793803,3.8741385897793803
0.2775084367267199,1.7193589899585644,-1.0744851296060567,0.799637193772772,0.19991711057482608,-0.7913141460439347,0.17239772600582337,-0.5503397276419503,-0.7596014536234962,-3.068659654824797,GOOD,1,0,0.6176906162214936,1,0.0,0.78088970892125,1.2805905732596183,0.26549990551497393
-0.5805234866700252,-0.06592809584333788,-1.8782160695505932,0.5113405349702048,0.19802932566382084,-0.1791752027236751,-0.6224688949563009,0.9238862675295604,2.090526850028451,-0.7760461547307413,BAD,0,1,-0.4597812855491429,0,,0.019693155238003184,50.77906449801573,50.77906449801573
-0.577767286047327,0.6621944758480329,1.693880047264184,-0.5040508183134497,-0.22241764838241196,1.2586548498477939,0.4237732801660336,-1.5455453843851645,-1.5424247431798708,0.798947708688245,BAD,0,1,0.04968668382351149,0,,0.0837926965419339,11.934214332147096,11.934214332147096
0.09393433118919128,1.3798058574511836,0.9320936859359807,0.7405267372459768,-0.9253201312780667,0.4575769581654376,-1.0408250476481782,0.23149694961783987,0.3218488824342476,-2.5265502576633057,GOOD,1,0,0.5636357319943162,0,,0.75291523933699,1.3281707525014244,1.3281707525014244
1.5235848315795288,-0.0696156591485477,1.3655901991926498,-0.5586953357167566,0.2753934759411781,2.4009183113212806,-1.0110351209554707,0.9425068791712249,-2.2215108237005237,-2.585767588999438,GOOD,0,0,0.8932991774990775,1,0.0,0.8879022389847735,1.126250116390515,0.23350109373895023
-0.20045977763241093,-0.13256540194324484,0.5178001413289276,2.503713546833672,-0.30176617166128705,0.06743204078346297,2.0526147582424676,-0.5897792005238489,0.020426850454107713,1.0606505933391785,BAD,0,1,0.02979616221719154,0,,0.07908962428656827,12.643883556415242,12.643883556415242
1.4615204935611668,-0.1153949084782389,-0.5695798703804731,1.2530915575604789,0.6802627426004971,-1.516694618985209,-0.2337037289283086,-0.3186524934457429,0.9391096222694991,-2.6669162211499486,GOOD,1,0,0.7637089163181254,1,0.0,0.843847653299597,1.1850480309921099,0.24569143864478932
-0.4804325339895928,-1.670011788423922,1.54015320346067,0.7026359395168148,-0.8216451961328126,-0.19949613625229912,1.818413133350673,0.6265407863780736,0.862952212302623,0.2517312752937742,BAD,1,1,-0.5936583613524309,0,,0.013388509660909383,74.69091223198008,74.69091223198008
-0.533225584780326,-0.012471050483270565,1.2587677724980035,0.24730211968121227,-0.6332233371715508,-0.3315962572331058,0.7019863891662613,1.4191198637260645,-0.35301065614124605,0.8853777404194053,BAD,0,1,-0.15867472084980547,0,,0.04689853988380983,21.322625447987924,21.322625447987924
-0.5048968657263729,-0.5741063142205304,2.4562806547826597,-1.1358355605605877,1.5098834541384574,-1.0281415907846758,0.09602740416267615,-0.5997750592199222,1.1586515388555279,-1.6730006973822096,BAD,1,1,-0.15941217532907243,0,,0.04735976721169708,21.11496865113426,21.11496865113426
-0.1378586963310319,-0.07149411774529733,-0.3862199054892904,1.344950271944199,-1.081258571215189,-0.06307879670506915,-0.50356048600791,-2.050905763049373,0.087257980752205,-1.3294456177962388,GOOD,1,0,-0.1058211735332441,0,,0.29569986710544993,3.3818074042062003,3.3818074042062003
0.12013451362438661,-1.7935064934012361,0.11983894124354368,-0.0725889201113567,1.7093833638922722,0.5380230552346682,-0.6103805298783314,-0.10035809078078846,-1.1263184979843532,1.500886748926178,BAD,0,1,-0.38090612513985916,0,,0.024773435917399167,40.36581777894072,40.36581777894072
-1.1370972957407584,-0.5271279798347696,1.053343720422922,0.9484743697402703,1.7891834702245595,-0.9676922532899956,1.0676735669727062,-0.532244326262086,1.9989106811487594,-1.7191863601105428,BAD,1,1,-0.49234425120221964,0,,0.018454430220373238,54.187530476883786,54.187530476883786
-0.27009563032083855,0.6396810471627973,-0.6384296064851015,1.0048676733594226,-0.42708309660137933,0.05793637913866141,1.4315300484729685,-0.6475779000423997,-0.6465294110172473,0.16367264651409272,BAD,1,1,0.03216787145803975,0,,0.07909506381164236,12.643014011359904,12.643014011359904
0.8689901671267567,-1.0252645261497746,0.9865925140038365,0.5788650010124305,-0.9746369258878008,-1.2146061266504387,0.6004166629735128,0.6444028590617756,0.32492515934217214,0.6026797686870663,BAD,1,1,0.22507806931133378,0,,0.12976304237615455,7.706354457236134,7.706354457236134
-1.949630543776907,0.2406530695047059,-0.003747825693963896,-0.6451351056518659,1.171762217011991,-1.1411290409541617,0.2084185938174562,1.2045787622771371,-0.339842677387262,0.19388181547746636,BAD,1,1,-0.8909808010219886,0,,0.005763655847130201,173.50099078138277,173.50099078138277
