X1,X2,X3,X4,X5,X6,X7,X8,X9,X10,BAD,B1
-1.2490502553982856,-0.35208141046470076,-0.7820220930894413,0.617826417710527,-0.09572834556383959,-0.490484700122345,-1.1893702305575986,-0.4032458787304182,0.30562771528481253,-0.4480630012499793,GOOD,1
1.5851989744076145,0.14504744006622558,-1.535664156648175,-0.9111347195747762,-1.65728997826716,0.26957779157288864,-1.211857126643753,0.836707017915773,0.49511111399740154,1.8017067873558714,GOOD,0
-0.8106250246873502,1.0069906096837027,0.08999068837409971,0.10272571289226011,-0.475907761364144,-0.8321299612767319,-1.9674599064834444,-1.0621311221316174,0.10196919308047675,0.006226684260274963,GOOD,0
0.3593770805852839,-0.4515607809564461,-1.2063036065141917,0.6104736794698743,-0.05003530244547877,0.6800911816236259,1.5109804448118171,-1.5691286607624775,-0.7846524095399988,0.218391725876423,BAD,1
0.9371605137585963,2.188329826539088,0.6077409070139935,0.35053503308080153,0.580762259655672,-1.8199356619024767,0.3724931985067792,-1.9162617215710445,0.4414153453168653,-0.6551525212737785,BAD,0
-1.1464029781477771,1.224131923873695,1.0423762133250964,-1.9610576443840446,-0.8429388035953882,-0.06666592468320875,-0.8117156841861971,-0.573189678103477,1.0161358669744782,-1.2006695376630125,BAD,0
-0.19000279066378753,-2.2905841678362866,-0.6191668139935752,-1.9002749365336036,0.2787484205120585,-1.3438834268324185,-1.3659981935712882,2.2974747937907005,0.9257350611511133,0.6530538266124225,GOOD,0
-1.1395262450814345,0.9975204412438675,-1.7132099659584505,1.0997038406376756,0.06078839703413538,-0.2596609339163702,-0.8523513151765881,-0.08691216634671778,1.1843436811499235,1.3229444081739097,BAD,0
0.2715187083808111,0.004299364312088348,-1.979508794315469,-0.5757179184720986,0.4181513192743856,-0.5722172837233725,-0.3603186003028285,0.4623445328270493,-1.14218253397128,1.7778737963467435,GOOD,1
0.15817286105706554,1.6169381690414113,0.6405659788427692,-0.16672497793569888,-0.06402812526643369,-1.0471839057996009,0.14492395445744916,-1.6971594757913884,1.4554204645566353,1.4517533250212515,BAD,0
-1.3062633593788588,0.5112229135377662,0.2888932912125898,-2.030945709821959,0.4268236277021499,2.087285545860123,0.25057959198492025,1.2874274857828147,-1.3963499029281299,-1.3091265298817294,BAD,0
-0.8060317078024728,1.172272288802031,-0.7052348210652483,0.03806599117992537,-0.9985410589532071,-1.1583203459970093,-0.9789423457117027,0.07812983851734015,0.7955375343042045,0.0761460958246734,BAD,1
0.275249928763198,-0.44533530568788,0.5999641332330209,-0.714828670406707,-0.5183228205460251,1.2428429075115641,-0.8008096938105509,-0.09318318423157516,1.444402920271762,0.16603183021871984,GOOD,1
1.1475242009051971,0.9171833579901617,-0.3207001934082406,-0.3647918688659974,-0.8474557995616894,1.4036947070153678,-2.70765220606313,-0.24580387795737224,1.341683872582771,-0.18582452406947236,GOOD,0
-1.078723055909799,-0.48439725636120695,0.9558349191892254,-0.25502083298795997,-0.7151153600278337,-0.11850884755901005,-0.5985129969980715,-0.5403940457048994,1.274411751013112,-0.31504580069363125,BAD,0
1.3956601136399756,-0.4718558356916999,-1.7489792767083137,-0.6071449803654926,-1.08231597886246,-0.9469633066605769,0.5771385247254768,0.051309838700422696,0.7952427988832943,0.6813348820822633,BAD,0
0.6474951975758069,-0.0745812821131417,-0.5569341594282083,0.01052778312158525,-1.2500727973261863,-1.4515104414632742,-0.3618044623056918,-0.012688146694047801,-0.32254964000525604,0.9649288283588624,BAD,0
-0.4594391542138712,-0.5601041018718232,-1.2026167148015412,0.01471257172210579,0.8946230706580016,1.4694302112841517,0.23630009122382087,0.3369628248903319,-0.7342749877481054,-0.8697962409516636,BAD,1
0.3424096393101174,-0.1630570281082878,-0.7198133545304567,-0.4749447132566273,-0.6243349458114215,-0.09325960217461465,-1.1630487757157741,-2.44003434446489,-0.14292386955841702,-0.2849873614586209,GOOD,0
1.020473079675437,-2.0474775050413365,2.0058828996559668,-0.8544950881857024,0.1574090652862214,0.290971849488243,-0.40573949704265416,1.1855838717681508,-0.3048275824070705,-1.1219964049724336,GOOD,0
-0.7029022467632218,0.45740905210821725,-0.9922040551640328,-0.4625915763227092,0.6255105278858737,-0.5367889544438483,-0.8074163026700245,-1.1667651212431709,0.04818604198405177,1.6781832788878799,BAD,0
-0.1990173786039818,-0.377255173461318,1.0318208114250504,0.6478175608291985,-1.8086525155836117,-0.11763980302819284,0.6488686225359203,1.57657493806642,-1.501345718742877,0.15424962462422734,BAD,1
-1.738033575091536,-1.2131893958961353,0.8615692255523273,0.45190790445939927,0.2998595583809731,-1.062221785863384,2.123730528505069,-0.36613971958700275,0.9417440434067592,-1.4417260297716838,BAD,0
-0.3874390635104747,0.32390046288294744,1.1841394019129474,-0.4023889780027821,0.9318416700114699,0.0867184479150972,2.214570009440703,0.6389487622201029,0.25592875221500927,1.5216760779565865,BAD,1
-0.07439850853746865,0.04951206192783818,0.8989248289597858,0.4209610692384954,-0.10624487755766371,1.0910643270109015,1.3413649901301137,0.689187640021122,-0.9411377513584528,0.26052392936689855,BAD,1
1.21488380626721,0.9529221942974857,0.5371842615194475,-0.36000923340826857,0.45631192417504296,0.1832777373497534,-1.1607640343352568,0.6530680730209711,1.6300272621184317,1.4995537937647556,BAD,0
0.9905811834651089,0.3191848973250147,-0.15676404580500344,0.7175438739646713,-0.3459277354088541,-0.14057300707929887,1.1100116076160107,1.592019845034769,-0.8260648496435921,0.16146390993786588,BAD,0
-0.6658382909985457,0.24512765789857183,-0.4406356826580683,1.2422095537722213,-0.9703069527179218,0.9000279329777253,-0.40699034897749997,-0.2496386002741528,0.6215439033857258,-1.2592323539469534,GOOD,0
0.18337241527704212,-1.360150178306346,-0.9636289367799674,1.3167912218590367,-1.3778059082966827,-0.5766729634197444,-0.40412062422712114,-0.2960982908297523,-0.628994240342221,0.05008507446414731,GOOD,1
0.3971505030608067,-0.30459523729494714,-0.18118425707260927,0.9009012989550492,-0.03390338947823819,-0.017108812308801503,-0.07284169525338555,-0.2997630302217151,0.5949912080614298,1.1770679284301435,BAD,1
-1.762351230598147,0.32493014716318974,-0.10924507662236164,0.8643317252011454,-0.6978752911942894,-0.10145912925930313,1.2053030049805187,-0.10437552918436503,0.27474019700226704,1.1160822275899636,BAD,0
0.3477724409780596,-0.7311124293168295,0.3963578186629906,-0.7079245805403236,-1.0974837776294595,-1.821860680723218,0.5273205928999654,1.0280222330602844,0.7961944778596265,-1.230528826997194,BAD,1
0.2499423457729349,-0.07358625558525264,-0.7086729288748604,-2.4910847001130785,0.00041192215883445124,1.5243135980022386,0.5241304413388376,-0.34182586675951493,0.013752910920647846,-0.46663389273653344,BAD,1
1.0817712401444795,0.9216854401369586,0.14027287563950294,0.2778345872329183,-0.3216681606892165,-0.10082455237596213,0.7763151185421174,0.5412655633459653,0.758397938415641,0.16901852017897448,BAD,1
-1.17630051214219,-0.5068370245709832,0.6140631750122013,1.3698986044392165,0.143403438079544,-0.6466601162236727,0.31890393463767175,0.24338754018662864,-0.5086653905195592,1.0073056188063336,BAD,1
-1.0060922561776715,-0.45999750243390375,-0.19315830308739734,0.5283656994947961,0.9867129432349264,0.47291934436033467,-0.03947859284490217,0.18646815443603296,0.9086790414499719,0.5081871488821892,BAD,0
0.1888416316241566,-0.523958094278963,0.3995707938165208,-0.06711647007720863,0.7524677225653079,0.6072700574155803,0.8733209765788297,-1.06102477473457,0.780636703682341,-0.5943762864513925,BAD,0
-0.5088963917503145,0.43584813207639317,-0.5569708660388998,-0.290026552274237,-0.8546027614207438,0.3972067677745913,-1.1860593185836195,1.8575324600472791,0.4223507811826826,-1.8259285613174576,GOOD,1
0.7006843392673635,0.44995249284452754,0.6282312575834323,-0.5679946020667479,0.8528894566597846,-1.2548254280839972,-1.7443530869455202,-1.328263980119904,0.11083482372796293,0.5240870639212402,BAD,1
1.4092741743624997,-0.7174509654310575,-1.0370861091041743,1.1960269080036998,0.3476727829355432,-0.4305279622822753,1.4116251836150588,0.24567090526170818,-1.6777945802664986,0.1819292925582589,GOOD,1
-1.0989885060834435,-2.0998715953118614,-0.27881069944416503,0.25370945229399483,-1.028561751727705,-0.8651368035206699,0.9225383508954921,-2.482455479817131,-1.0521934974042366,-1.3910124357047058,BAD,1
0.1630675231707936,-0.2655364049626756,1.0356673085359658,-0.5164449626223082,-0.25447700397894973,0.5302052948915655,0.990553299851105,-1.3281212258588344,-1.0976435828467945,-0.057937941537649515,BAD,1
-0.6655367535169259,-1.9900611021187742,0.09952834837616142,-0.29306467802907793,0.8204600062193438,-0.8765460936572482,-0.6355126699685997,-1.0075779882983191,0.08861910992290478,1.484855251823409,GOOD,0
0.3303301361144982,0.06314267140136717,0.9334987789206772,0.9691312642837203,-0.7741987599463004,-0.9093069787642686,-0.3139543109634366,0.4640732444555452,-0.7040724855615457,-0.6005118936051099,BAD,0
-0.17151591160408958,-1.2288971588385615,-0.6953585958486652,-0.6247471521324498,-0.3954101284605169,0.14557608103474812,0.09810732013935855,-0.5754706480232648,0.1804449838619958,-0.8930003899512775,GOOD,0
-1.3759933415612222,2.229563207509036,-1.115885617777581,-0.8664745528159016,0.08631525967941664,0.24200061943935156,0.4693117320742479,1.114256419856361,1.4342346868607887,-1.207379137057662,BAD,1
1.186013899449667,-0.964996669439278,1.4591831305789003,-0.6772612707951411,0.09153320596602638,0.5534500047747604,0.386182998904187,-0.8617167569007652,0.3159292480745806,-0.09011678875722262,BAD,1
0.8859641055916149,0.5169370626830465,0.10586777771194705,-0.5066121674944678,1.414146578561001,0.07551022484843016,-0.5898913132158979,-0.7839555225006847,0.500283406403965,-0.7766373294248323,BAD,1
0.1428160409667588,-0.7495068238754561,0.5004657997656965,0.6180957767322076,0.1595031204284263,-0.056798833018835614,0.019854528985941634,-0.19353491164870354,-0.16478627999003567,1.3146482493510403,BAD,0
1.347151062209871,-0.09789044699196378,0.7942586174283214,0.9369197772702131,0.4356372774603443,0.03720841258857485,1.4737640805542245,-0.0060073680559276236,1.1057185597079422,-0.4322116324828891,BAD,0
-0.13727452461299725,-1.351224774037178,1.244568753031468,0.4425990948213297,1.111899616030273,1.9769541061988758,-0.9504677104715337,-0.19340403545674448,0.2279715519003605,-1.0150422351086523,GOOD,1
-0.2798222388265298,0.1668388612229167,-2.076096315350565,-1.8174312877285275,1.062531807799262,-0.06585869424279674,0.46130263161933427,1.0390719054446236,0.8452688211385031,0.36382068765554465,BAD,0
-1.2544478311798553,0.4929981337939727,0.608257518504322,-1.2931710895756356,-0.1192808635485597,0.1390124714807195,-2.8391544829506463,1.7900278206517561,0.1389008716301353,0.7899723995721533,BAD,1
-1.8897899524517738,-1.5785343642501162,0.8348808295292817,1.0842116081904383,-0.825235564816383,0.614967212100727,0.6504003267264502,-1.4096930764714113,-0.3738717678063518,1.0355636209953942,BAD,0
1.3914774343067648,0.7103869881302131,0.22431969656713205,-0.016259050172630116,-0.011980536689718125,-0.8891465350044767,-2.4153248905629234,-0.4111441972712373,-0.27502092237922227,1.4342211556215378,BAD,1
0.24632175708246298,0.108822605769541,1.1743281801998662,-0.9057577221158252,0.03392678557683543,0.4115581975885385,0.5066550621542645,-0.48917137791346443,-0.23002988635748042,0.8524375175952088,BAD,0
0.8382062749097379,-0.14451283120807096,-0.030054792892819236,0.7712291599278749,-1.5941537244416977,-1.5649246982278742,-1.0653445499057972,0.23915238301463088,-0.6467263302258479,0.11846038233168815,GOOD,1
-0.9631373409454146,0.4588098728939312,-0.12831218647621392,-1.0216858557572837,0.8780260987906565,-0.8480439338085543,-0.12872546279020528,-1.8889591856915777,-0.9027437416836234,-0.3501435015908111,BAD,0
-0.6896939362813177,0.7103439468343119,0.9456728110082667,0.11237897791840935,-2.1162363488879676,-0.7825434817952658,0.09714014290984684,-0.3380563468124907,-0.565433219849974,-0.06472880411155452,BAD,0
-0.38469774825618225,-0.07603334930062099,-0.8738384337352664,1.0303955380278274,-0.9231705602682332,-1.13110388501219,1.1108601360995294,0.21351572863112647,0.8547659133807811,0.2867789444542197,BAD,1
-1.0302040766462275,0.018987119238495744,0.4402006692334349,1.3848377668358254,-1.803090622887724,-0.7678030543716552,0.5894555441261796,-0.029621414459630437,1.2487516470799886,-1.4458290173644104,BAD,1
1.3813120848874167,0.19192890360896964,1.4992222710842582,0.42142679033354585,-0.744702133039813,2.0526814520815595,-0.44128458964031164,0.004023090967863691,-0.12171052541424453,-0.6046383201806137,BAD,1
-0.9309818710517799,-1.53712644721579,0.6325477585596427,0.27134559681166776,-0.058965013651808215,0.6340896311873478,-0.49295656308305874,0.4013565560378957,-0.4362142300496337,0.8481546528096442,BAD,0
0.5656393043452822,-0.07073589966786589,-0.7009202426492565,-0.7939949093306963,0.8018006973940981,0.03638895425589754,0.9218586544408881,1.3196747857799191,-0.23540567893850528,1.945385382890242,BAD,0
-0.24005432920133785,-1.568374204791148,-1.8422836048264473,-1.8154781960567836,0.18491855471905302,1.2009067204528434,-0.8411114540579515,-1.2182315170283256,1.2123866604436215,1.1632225909106095,GOOD,0
-0.9996772693321966,-1.936502887305917,-2.144028792298355,-1.6586141518694486,-0.8404473131303829,0.42895444691728524,1.01792034271601,-0.3163036271278264,-2.328224995483004,1.265285998179076,GOOD,0
1.2549081152231236,1.51115137404343,-0.02818807748536555,-2.12520523855651,-1.36675097916653,-0.2416370079996926,0.30732653090791506,-0.9673099999825919,1.552749900280288,0.7817951223949434,BAD,1
0.17227060671777,-1.5564995914147697,-0.3326859080853455,-1.1438355746303865,-1.5360223910308277,1.12992793364529,0.0644320784939046,1.5515111684876417,-0.3052525823241509,1.075278281181592,BAD,1
-0.3884342266313473,-1.3644007197836276,-0.12220938406661563,1.7995649488011307,0.8004478410058317,-1.8429296761777447,-1.577970975064081,0.47744530915613465,2.3298534509885123,0.43998837769238963,GOOD,1
-1.40437783875065,-0.9829605008000588,0.9370715345475441,0.6226747167230511,-1.0726132383295783,1.2477272811399238,1.5110011991923182,-0.07004757566299007,-0.537657715636729,1.884514327675212,BAD,0
0.4667116342917898,0.19289925157546947,0.8772661538785317,-8.776744735445426e-05,0.08691721914946017,-1.1860332564112197,1.1947098405577352,-1.0821689898768063,-0.3045552293113725,-0.03399156191261594,BAD,1
0.9240112487836925,0.495073725677285,0.5059164828052244,1.4834130916148696,0.25145268633871515,1.7600877982504484,1.4278544204669057,0.32970338984533554,1.2251453887665158,-0.5832365471818219,BAD,1
1.281495739250903,-0.30473939632532987,1.1206333876569392,-0.9413277717889181,0.2841375180979227,-0.3331446453702685,0.46144496035259686,-0.12969113972397234,0.4159680816229186,-0.05762965090682919,BAD,1
0.4130360813606187,-0.776545210071086,0.2773666904098303,0.26637610323088556,0.2639981953546271,0.10872634069740215,0.9904282161680231,0.03414767149025523,0.018493700240438674,0.7670223322172607,BAD,1
-1.8365911992250978,0.9275355241636948,-1.1039780461149857,2.0365683191086745,0.7464536744120706,-1.0558272652106897,1.4777052791827672,0.6905847695368182,-0.8347317758701116,0.13169769254114277,BAD,0
-0.7006978678731599,-0.1988825211748569,2.0419070631538996,0.8864884414015927,0.5741249396501389,-0.8743428565799415,1.0421106359907983,-2.919898035734804,0.403491209048727,-0.39324045336653307,BAD,1
0.04884195307163702,0.32718611042744744,-0.5649900708621424,0.42902931291148844,0.37706432066110757,-1.23043287195493,0.741136590096771,0.30307578690966075,-0.7635620743060428,1.9193877303128148,BAD,0
-0.3303279432594148,-1.7653947722770045,0.17262684109538565,0.06290130756575867,-0.32260494381621374,-0.13549413869605184,-0.08917911495168056,0.7872461934415691,2.965916725224745,-1.289084292985594,BAD,1
0.3445093593656116,1.120923372231786,1.76574850095704,1.0741573183187862,0.11630203020531567,0.3631077512812208,-0.08801097177667502,1.1628462562124902,0.15326451634188343,1.8296964751765852,BAD,0
1.2046818816849485,0.029492618026597327,0.08058799389783898,0.13173768381354237,-1.0326253713552562,-0.1601651716974621,0.13035685743898293,-0.7998441618055919,0.41516132011800877,0.9208230150508188,BAD,0
-0.49696754056229564,-1.728905080524497,0.5890045784722365,-0.293262301138754,0.2665087730661974,0.48760714802979893,0.7704316369161874,-1.0817482133800638,-0.5247723381395885,-0.7772972321596828,BAD,0
1.814117823030479,0.5164278814659755,-0.3889416534008947,0.09836032103420574,0.7421889231875782,0.8650690044446382,-0.13796146568104123,-0.6594336827880471,0.393110026485192,-0.5372380133796022,BAD,1
-1.8989662399254852,-0.42067481520659095,-1.8823993575193123,-2.023190032440645,1.212659994124937,-0.7315355061540543,-1.3180237819402816,0.6387950447647612,-0.1596649513142165,-0.9925674535555621,GOOD,1
-0.9380935968822488,-0.011724631541018667,-1.59807541953825,-0.9289900608937471,-0.47664077904214186,2.4073761042805186,-0.1199907551073768,-0.4857094285176,0.8806941056079226,0.3936285882724614,BAD,0
-0.6850115611134739,-1.8655575948456236,-0.41561028444678094,-0.4939584548082252,0.8688355396801115,0.30120904903545836,-2.918532693094652,-1.768494346855022,-0.46690329055053414,0.8861966884068995,GOOD,0
2.2173524463093948,0.4682314497249244,-2.087472976449144,0.6103503218828819,0.9927606960688533,0.3953756301064457,-0.7873408808912299,2.0524151990364,-0.46325601828284174,-0.5617439701626787,GOOD,0
0.5315155321651848,0.7532824205801635,1.1081198908834424,-0.4455414278699841,1.319903113465696,0.18479375740208215,-0.6530867726188678,0.35443074460344065,0.033665561085675845,-0.0908185014675775,BAD,0
-0.7432408858839384,0.784132847678121,-1.2631183363918093,-1.431961328051266,-0.7462725696537198,0.9222083396885495,-1.76406429890364,-0.6698352829380012,-3.060619648748144,-0.42758181713999616,GOOD,1
0.9222921312234741,1.438253747456272,0.16918481791091666,-0.814926772769209,0.5894600046137504,0.23903858630519254,-0.2776797522813916,0.6190985216734135,0.2427941369589185,-0.8961491892259826,BAD,0
0.004308122915477441,1.74439781220216,-0.0037462726275488798,-0.5834021776503491,-0.846330838256071,-0.2998900105450947,0.5858967264360488,1.20151614261962,1.3233801221500003,1.0147884376429097,BAD,1
-1.6404539729825902,-1.5806108726864976,-0.21308575631948928,-0.9575484508721512,0.2544050103679174,0.14722299153208215,-0.6271581916269724,1.124122637941641,0.5300305243719645,0.535779556465397,BAD,1
1.7584162595691544,-1.001949571426034,1.8206064951914431,-0.4826076043785395,-0.5303824307677315,0.44071809123491607,0.6819945821067513,1.5611658378771243,-2.0076390111055735,0.9867540493629137,BAD,0
1.7120645539712562,0.7265005189683105,0.23565025443465334,-0.0675789073608197,0.8855416285192848,0.3206680998179086,0.4328033103616876,0.9635007319219123,1.6302422032397996,-1.2071043699281458,BAD,0
0.5959461698401948,-0.09976594543014923,-1.0474816323993115,0.20960210880641963,1.2471701701594191,0.10056363736227045,0.22355997181041504,0.703796723344575,1.7850892052510976,0.9335399003102058,BAD,1
0.8381425847455278,-0.30485739373636583,0.36687918478412734,-0.5250691839161884,2.0428211986197202,-1.8716519605090471,0.15074223329649372,0.3686322013563339,-0.06583311578781484,0.47473889944164516,BAD,0
0.5395384696173874,-0.9647207353807353,-0.37112527507385495,-0.8636442450393113,0.1831886716804061,2.3618575505099555,0.13781648310670291,-1.4107215270777778,0.8903777068364832,0.7597153714042904,BAD,1
0.5875095492211035,1.3822605050479793,1.4569561206173232,-2.1989393420608736,-0.31892374159642684,2.3725397474174676,1.1278543836990746,0.6377340599770207,-0.9736176130803381,1.1089122780620644,BAD,1
1.6109405352473551,1.8674434815497392,-1.0272765209739265,2.7033095998580716,0.12206847470259884,2.256991258530703,-0.8842246789308795,-1.185484449282004,-0.8636007042605851,0.36300290019098214,BAD,1
0.5518634099260371,-0.8395118853278409,1.251789465155082,-0.6836388149909614,0.28441633220534907,0.9630668695737814,-2.440277730868876,1.8583327799868488,1.7915422930046854,-1.623579103673658,GOOD,1
-0.6137948069605879,0.9643663730112747,-1.4794282404539798,-0.7642114269246559,-0.8968857158965148,1.1511340358167352,1.2440917599478605,-2.097435172601981,-0.1308183516551124,-2.242660416853064,GOOD,0
-2.4756195910733334,0.4832491991944629,-0.8879195460401224,0.5621082197837284,-0.8984843773830032,0.08974086643175329,0.6957548542316128,1.9058781536440195,0.49448743454533867,0.36058086127531436,BAD,1
-0.5058974268538006,0.11393512907023166,0.08758698592488899,1.3719278052160782,-0.3037479369312573,-0.8036725980760782,-0.39806565366794017,1.6383776713232083,-0.6054387782379729,0.05270955154131126,BAD,1
-0.39791745277869683,1.2725028638882676,0.8566516443679463,0.04644168581465525,-0.6475369348182858,-0.6502109086424122,-0.4682175817206997,-0.3168202446934878,-1.31971377535264,0.11811339184079335,BAD,0
0.39471081427296784,-0.20455385857103053,0.03302221656024318,-0.27172348442999295,0.6319391934880189,0.5471634182709906,-0.31991339980247335,-1.9901516633742435,-0.29391922887124217,-0.015003165335471719,GOOD,1
1.0216046547362192,-1.2833479636925373,-0.9698074303519125,-0.15556185047608165,0.5540599278937495,-0.07137322000292909,-0.6888706687251356,1.1943551270052202,-0.023407672834084563,-0.4887675604022812,GOOD,1
-0.746067190831895,-0.19678023373987796,0.036231628955309986,-0.2708876670981327,-0.30279374450692387,1.7411476258606937,0.1754004410004935,0.06565778462498498,0.9342163100601376,-0.4446942389020854,BAD,1
-0.8259409269331959,-0.07084279342458802,1.8798261965620113,0.5730592011558353,0.8060973057866556,-0.4766684184525962,-1.2040631247763474,-1.8883577716128095,0.4342292761847961,-0.7581430290670549,BAD,1
0.3203018667574589,0.014709112581752382,1.0703004496263748,0.46333173288200824,1.2431997072781138,-1.3355695966612842,0.725767859036895,0.8669771019288256,-0.5986824555979541,-0.5278626245160092,BAD,0
0.029737850305571387,0.8409501128598129,-1.5512780077398527,0.057075962982132286,-0.060900198693692335,0.05334742147816694,-1.1552568891709367,1.3635191103512365,0.8119386667365363,0.10757550126450655,BAD,1
1.7609046115183924,-0.28588499503151477,1.3732381256578938,0.312148993082117,0.06570684699343594,-1.1385980007157506,-0.44907938078901877,0.4539412217758453,-1.1835289549140189,-0.748552435260881,BAD,1
1.7602987650960364,1.0449946270112245,0.38907820057162096,1.5053619103984524,1.1094364769288516,-1.2186226881485056,-1.9907793862316514,-0.06439809794799006,-0.2529575620838712,-0.27699973198326905,BAD,1
-0.6478666724188931,-0.1268596330130108,1.8644340909320187,1.5245878258328347,1.3723082483593119,0.3848500020798521,0.15748438127404313,0.26896503264544674,0.3274138886841218,0.7593279074424866,BAD,0
-0.9157172051332221,0.3478194003985857,-0.7155944317999559,-1.3681434782267945,2.127289951367546,0.7818864110170276,0.8628500583786386,0.45935768124195997,0.5772442606778639,0.1405004382947991,BAD,1
-0.8995126522641902,-1.6099278519292333,-0.3301579646926293,-1.0304568468969855,-1.119754328112502,-0.7614063320133126,-0.4786534105015058,0.8021220334230315,-0.26245704291326727,2.31741922194141,GOOD,1
-1.768508829410606,-0.26602683088348883,1.0631713757647279,-0.5294832431318856,-0.300157771670778,1.0933465842975376,-0.1399607855731234,1.012999387253864,-0.019126993991038295,-1.779076342013384,BAD,0
-0.5143234400254366,-0.025011153045965646,-0.040998125252153066,-1.1137742154707517,-1.5213895467858523,0.2991655898511152,0.40284175075129625,0.2536512761749695,0.5466821707036554,0.9292842088242057,BAD,0
0.9241706430247408,-1.2611921816888712,0.0179864010815326,0.2555266628384202,-0.29882020084620076,0.7501419486247937,0.05892056855863474,-0.4802329124814364,0.3031003178091411,-1.002921286644949,GOOD,1
-0.7999320034912923,-0.6936241391118023,0.15629285371848337,-0.7701929448664139,-1.6591509677704066,0.9980562865185574,1.1925115128062913,0.7366233097130828,-1.2441178367193293,-1.1479232096317435,BAD,1
-0.08955500064438522,-0.9932822297193691,-1.5752463748645558,0.8505540874096691,0.7113836324759338,-0.6702654228897805,-0.41930947526683476,-0.026203432029718022,2.155246132838493,0.0959288801650916,GOOD,1
-1.8466773772821075,-0.3169952986503061,-0.37024929900494924,-0.32371631383340393,-0.6475303947195692,0.2674429175578274,1.823662871873117,0.1733275388583133,1.1249139603831806,-0.15462173051504577,BAD,1
0.5710749334223653,-0.7388344236923611,-0.43002543192142323,-0.770645355456704,-1.3177274608664533,-1.0975074513115717,-0.698067773796751,0.49036124093559463,0.32749161343755795,-0.8471807607120144,GOOD,1
-0.5929454436611327,-1.2168641958154602,-0.5248852860315067,-0.03972217841633519,-0.14103203177666468,-0.4178160595851306,-0.7370304496749442,0.7240774265100758,0.7839613478844578,-1.7480525920904761,BAD,0
1.8380808667743533,-0.7546717882822693,-0.19466921293665254,-1.7842644904781748,-0.1821567947970396,-1.7261694926494864,-0.007440461463801794,0.3179966042310554,-0.22032566287508543,0.5533009417911035,BAD,1
0.2755247490602557,0.25145904398686264,2.136895495151711,-0.2993097021037808,0.4326810632549245,0.39329447863324984,-0.5248266688973376,-0.023099769671101625,0.7669334853244828,0.10535083524423589,BAD,1
0.19707112179665695,0.3591176183658386,0.05574757403566288,1.8949138623044377,1.4005877234975703,0.6630362312288554,-0.5339181509915939,-0.5647072291839508,-0.0664236522821306,-0.677861928825713,BAD,1
-2.26832114970469,1.1652712115280661,0.20927071136365183,-0.6042720204001261,1.9170704509086536,0.6843953483152118,1.4343768235475818,1.254958128555202,-1.317467871930174,-0.15638464715148664,BAD,0
0.03576303108839756,-0.9665685600321176,-0.1268646945628363,-1.0813813347330319,0.35213589231984466,0.3724382466762844,-0.45976233037378456,-0.9743405182818142,-0.3817516470250098,0.5822301613659081,GOOD,0
-1.3759698300413867,0.7922497740662098,0.019226026749043904,1.3295136621510688,-0.13820979241039155,-0.6191904049847017,0.7392303913573881,-1.4102604064201936,0.3106056449007894,0.6167862584693992,BAD,0
-1.1878728250048096,0.5102774985410938,0.4390262328540647,-1.1310969879282233,-1.8105964502301017,0.08226724448133312,-0.8692771126376478,1.7505759373426248,1.3917850091290915,1.2862444542584444,BAD,0
-1.186778298551158,-2.071395791659757,0.5803429257462249,-0.2032564000475346,-1.6390632901743518,-0.520923921102131,0.028673382558251703,-0.42963776697426376,-0.09549696374676739,0.2545725923771438,GOOD,1
1.317870520551476,1.953962937966393,-0.36878049191084183,1.7216253257416758,0.30811259366660415,-1.3690347370968492,0.09459676542659966,-0.19935036757843558,1.1523581802459464,0.8533614678744413,BAD,0
-0.7502817984287992,-0.08020360494134411,-0.6642171803596975,-0.34057895966413093,0.08480942389345884,-1.0365967541495127,-1.5979149810172923,0.4712477780037519,-0.47686625901118257,0.9413265602822833,BAD,0
-2.6510608643627926,-0.417767113016859,2.452725141593292,0.5784041862847147,-1.1487524338280701,1.3835466720504335,-0.046409262749476314,-0.24569330955771593,0.6901465042687952,-0.23510464888445592,BAD,0
-0.813486135983692,0.23374872766303373,-2.0577244788073688,-0.2844146709256669,1.9549404687251657,-0.16446324416832941,-0.933125294497543,0.8858075961476477,2.1115043055207794,1.2840290198816593,GOOD,1
2.7155368852613804,1.1476053704620017,-0.6940826798899161,0.3558365794382478,0.1922770206456694,0.7712680473370658,0.423503554413783,-0.18552003356389143,-1.3811183794673167,0.5541578492451082,GOOD,0
-0.535391629575487,-0.2310312593905555,0.8855133199325448,0.7668562244724788,-1.0171335313936354,0.39197491605856144,-2.0084327572759713,0.0639982579315148,1.4091747412576572,-2.3787576340308854,GOOD,1
0.04845178195831027,-0.17833245951623225,-1.6448589932818103,-1.7110056450159017,0.07277769267414821,-1.3738116551706516,1.0872583840930454,0.9008005645668326,-0.42498777302758695,-0.6259308233031387,BAD,1
-0.20360086074313358,0.8729555747386495,-0.6745919680118938,-0.3134338948995904,2.0889218569750034,0.6357447803237358,-1.1153077563446179,0.02733437535375281,0.30971442661828397,-0.6952103169284691,BAD,1
0.45956253385916934,0.0864301003868225,-1.246484137095564,-0.2167202441140568,-0.9573444388753927,-0.2400634607772603,-2.4339796956534823,0.28637159186254096,-0.30422759632950197,-0.852075358795198,BAD,0
0.23965505125694334,-0.8323866645748353,-1.7407825342149008,1.3138687777071576,0.18310694460486918,-1.0945370072127762,1.1792692379734928,-1.4033519148522398,0.6394707749119943,1.7244463285889107,BAD,0
-1.3837251369268335,1.5779662313131904,-0.4310425010476848,-1.010193732242859,-0.29295983954970944,0.031016618291817122,-0.1487334099969871,1.3251074244031904,-0.7600749444842612,0.2004073335065123,BAD,0
-1.5113648764389285,1.7571574794482199,-2.2611360650424093,-0.21159784379596275,-1.626170793678072,0.5488621111122636,1.808179518008018,-0.2511379685977535,-0.8913183525011362,-0.5182803993372548,BAD,0
0.7455853675790074,0.2092790756521711,-2.335844821324569,-0.14480040452263832,0.3835034557914177,-0.7465924365457737,0.8059406727295022,-0.7030084638774139,-1.1422287212691145,0.08845230370221262,BAD,1
-0.7047833000683494,0.3620881805002182,-3.569954604545594,-1.481110134638993,0.6218524363504071,-2.2508397013459542,-0.6604094659678985,0.5193253917476652,0.3251669785201209,-0.08004325777336184,BAD,0
-0.2831808673594206,0.3009765326018351,-2.2679444092480687,-0.06682563856414643,-0.8834185885459128,0.0004325077473169247,-0.22856088139208885,-0.03379226578122644,-0.18327210486304757,-0.10360307925287007,BAD,1
1.637651725621054,-0.4225736287843613,0.9568746887423033,0.4412749611306552,1.1872356990801602,0.6602001821005427,-0.03879412759201091,-1.2695002442235799,-2.148660644669258,-1.039115841738882,GOOD,1
-0.47580583915180197,-0.3618433772343493,0.31366342887206267,-1.0081164836417562,-1.9591475676916998,-0.6561180791700538,0.9856644168876891,-1.8167527195015096,0.3613490111102722,0.26625725182093246,BAD,0
-0.9859688238222237,-0.36175436309799514,-0.5480626509960619,-0.14330370441590315,-0.1131745905213944,-0.9743380498590148,0.40276552272680927,-1.6695580516132218,-0.488430403163449,0.7911616832640543,BAD,0
-1.473869348862176,0.08150252091280685,-0.05519169753555302,-1.2377719219052465,-0.770515748528161,-0.6573683693136539,-1.9234242942028736,-0.6678356950452409,1.9124350036603326,0.3509841971239749,BAD,0
-1.5820254120817472,-0.5339836338638152,-0.4842249094767265,-0.13416759826456748,0.5552861163867533,0.19567108232010014,0.3186622240337967,0.033905201034659,0.13957603399633217,1.2592517048854226,BAD,0
2.1758845176380484,-1.0361341661495875,-0.05080145818678358,1.0503153965027208,-0.7126486948035867,-0.41049634387229406,1.7089327418767983,0.31082926949676404,-1.3220025253654433,0.33119651342183887,BAD,1
-1.111989894173588,-2.1574013330582074,0.39043685324963445,1.450007720664361,0.9465172844034099,-2.183869462391399,-1.256297133823028,0.8962401926546631,-0.16762755804132207,-2.2385799594451905,GOOD,1
0.16766529371879788,-1.7163203868765615,-2.324965763810959,0.298427064923683,0.719023182633421,-0.6940826009528496,-0.45791046735156266,1.405686644247449,-1.647177463007029,-0.18810383534482678,GOOD,0
-0.9960662150086532,-1.0371255056635096,-1.648434514878455,1.3152811465508862,-1.1472521424371553,0.18360106726796038,-0.12224404239526213,1.1941815034515488,1.1840749315690715,0.14202326996113004,GOOD,1
1.285530838030809,-0.9197958305349276,-0.045023855333672855,-0.5068563825388029,0.42249655427573324,-0.051054866568086874,0.368276989774091,0.8116067532415554,1.0678922534550976,1.4268326178456476,BAD,0
1.2799823607519247,1.4986158495322985,1.0199687537676718,-1.621094458071957,1.3249054572817394,-0.6491188579103622,0.30728208718633576,-0.3364988022211301,-1.9693099182380045,-0.3389483479315216,BAD,0
0.6426748565769561,0.7450948601155025,0.5300754208951943,-0.4236493794940919,-0.44154625622794896,1.1678496131490452,-0.364587946851421,-1.018815973996869,-0.26509913731449586,-0.4445120765197981,BAD,0
1.3293204779052412,0.9597356835263662,-0.5126488982812974,-0.5820894268947792,-0.08850796130998471,-0.12590860222379185,-0.16451647166880057,0.7003129145923307,1.0181404329658195,-0.6502249013797378,BAD,1
0.8008435301524071,-0.5525475884504967,0.23744045640597666,-1.3480967980197343,-0.32119636263055734,1.8419623482354317,-0.23974640350655987,-0.4391898037019781,-1.2007028616832944,0.3754616168910453,BAD,1
-0.8133597658793003,-1.3009683628872475,-0.4029279919500954,-1.2815054058159938,0.17665843720575092,-0.35463408768771737,-0.24100953027904098,-0.6812058608796254,1.040210976521532,-0.8325277074552054,BAD,0
-1.1933968089470897,0.7778895460297329,0.12860529706448415,0.5917335399869827,-0.8290656543169439,-1.509383526928962,1.509919524332104,-0.5775805867240534,-0.2517744196815508,-0.2983784029311505,BAD,1
0.7222323475859297,0.8674180153639999,1.8633937697964944,-0.4777949360144053,-1.2106319461698192,-0.8134622118006879,0.41200382839505584,1.5892712398271853,0.7436139966040064,-0.19241621913059986,BAD,0
-0.6239408934503408,0.43000659232922306,1.0069899519633967,-0.13988664950273114,-0.0345231805931021,0.9728176883628936,0.7203100791252867,0.496970779458124,0.43059940427144006,-1.1832117215402644,BAD,1
0.5649705186718861,1.2973257361562283,-0.07588907872753388,2.2491566361328776,0.07880195046891315,-1.1050572942195678,-0.3878959246457174,-0.3493686473092724,-0.45771090351479293,-0.36748602079213316,BAD,0
0.4729060358773239,0.42968381411504225,1.3001529881809246,0.8363024443042355,0.6658555974146338,0.17639199991861687,-0.03684049700473352,-1.2598340724246713,-0.20442646927786068,-0.3134248636683076,BAD,0
0.6398427184200846,0.7580374648255309,0.4741308075514591,1.4815225907198966,0.007661138379985302,-0.31722460325497,0.48046249073588393,-0.12489022681215027,0.8220899794813615,-0.9277810573072233,BAD,1
0.21306434916957642,0.4912773209537014,0.6583654665513824,-1.110930309845439,0.6841100400928605,-0.9420096466323772,-0.9637972933766248,-0.844676634102515,0.22447526745222315,-0.20310216374029544,BAD,1
-2.7430548198809257,0.8041320732667698,0.2214117620421498,0.4401174153399181,0.21844464674139075,-0.5515909738530395,1.6571289221443761,-1.8729942772593058,1.0186493119128006,0.0642429931343349,BAD,0
1.0507886764170842,1.258056362735128,1.2482360137475637,0.4325723228738536,-0.18088322814279967,-0.8720650348893975,1.267913553897491,0.3407000592701933,0.22073986145805527,0.709741034441345,BAD,1
-1.2752713516515626,-1.2138418045990504,-2.185865529493224,-0.049037670653977385,-0.011586400630757016,-0.4217859691327154,1.4729809904895779,0.8959462278801501,-0.4715779298899531,-0.5932654772770357,BAD,1
-1.2367229669798485,-0.272518288090049,1.5039179047574958,1.9012756940880997,0.5256558406396397,0.07454197106152016,-0.6026738797429496,0.6172340634895516,0.47960944984744175,-0.26546225051321015,BAD,0
-1.0316824259786268,0.43686889448869193,0.3378940675693298,-1.5508184489463406,-0.42629599875667573,2.1748167948561963,0.8772142903838769,-1.6509595432050046,0.8405248279368895,-1.6401645518496892,BAD,0
1.0758236210797492,-0.9291779746677191,-2.5713626554058613,0.7925085655231325,-0.47537773661666366,0.5915184158354365,0.3871707411438161,0.7432766767665363,-0.2693574254055754,1.3545984410281382,BAD,1
0.3605401568534218,0.37088677352145705,1.4800836889170237,0.3566866058990899,0.6909122515837293,-0.057341742431967026,0.2990137308373332,-0.46133262145555837,-0.21019232804708934,-0.4849482553600071,BAD,1
-0.9590546921570443,0.7353031795753281,0.04944492944714019,-0.259284569772173,-1.2943668538326003,1.5190102254909206,1.062061226953075,-0.14757919717492052,-0.8019069576421923,1.582074280994135,BAD,0
-1.1883587279346115,0.5510257502326746,0.6176891925199788,0.2851526725910957,2.3221007306521297,-0.6547405878766409,-0.6810063328436494,-0.3197677637639192,-0.27227633582351807,-0.9085627708690929,BAD,0
0.9731970200337856,-0.6080126590568787,-1.4867671027690625,-0.8665374451183515,0.9559210581101637,0.19034544053688293,1.0274126944348163,-0.4687608099001637,-1.8191789301296404,-0.5148503144669778,GOOD,0
-1.2220695914268878,0.08136378228379615,0.9029095475978979,1.146390590914087,0.6133345474916719,-1.1409263897367479,0.701007350292381,0.44531962004337805,0.9552761524359498,-1.6704824928833824,BAD,0
0.9139964322823314,-1.1422377004636195,-2.1047433559519653,1.8555710163453538,-0.9234512447845953,0.5636085193414467,-1.5814531939625267,0.9200818503405963,0.6890448902291242,1.4224094420293576,GOOD,1
1.0205066385173864,-0.6467510361472174,0.5941469104442695,1.2130749452278975,-0.018222006738396572,0.8971382942557466,-0.5426734822322543,2.241758213310858,1.399223428380816,-1.5904157810869368,GOOD,1
0.4411012147450416,-0.2460622818363171,0.44207395813457256,-1.25571575788003,-1.2178620115316243,1.05115100314687,0.26171816704276935,-0.7576960403984836,-1.0399907817425604,-1.0028449116098674,GOOD,0
-0.41845963461552743,0.09878443859611293,0.9590573353266229,-1.5471998129925992,0.5009032369529636,-1.2230743264481585,-2.3089335076018145,-0.6487446969740849,0.945429104903421,-0.069927677330238,GOOD,0
-0.15218488789017715,-1.4100802317597747,-0.09898476353236103,-0.14564603781390767,0.5439345562900831,-0.653680432470937,1.0406532870858394,-0.4476066215903323,-1.8105727782580672,0.00400297525330975,GOOD,1
-0.6043527972891047,1.5011469339247185,-0.9670812574214541,1.9956743864354178,-0.11914538954005419,-0.5801712883933862,1.1505370707096823,-0.2632561340388368,-0.2700903849363824,-0.6327433595023435,BAD,1
-0.7980489334989889,1.3225028385735889,0.8479921257490168,0.04934831480921835,-0.8250889723789244,0.982157603756298,0.2825739704721385,-0.6652263339057704,-2.0174248113556414,0.8055324567073121,BAD,0
-1.8241946375504392,-2.434765216051548,-0.30588737636258956,0.33538946340018566,0.13418893764652726,0.6745139951565178,0.9557701515406348,1.3046585057910798,-0.7254459775330582,0.47511830022476387,BAD,1
-0.21766017629202106,1.5390552594412488,0.41084371773370787,1.4035288095698086,0.40327237938429494,0.7251540768813781,-0.013555702290616747,1.303247916325051,-0.2970417945458359,-1.7064513909885093,BAD,0
-2.091888898526225,-0.7930152038314674,0.5636757469072251,0.7224446064459105,-1.2679838265820544,0.7773565834926149,0.06291525639984678,-0.11004527197179265,-0.7076631376774946,-0.5719138006700367,BAD,0
-1.165476110104536,0.16901118451975256,0.7364742864696595,-1.817101622025824,-0.9093311473804132,0.285768670043513,0.07659653019739891,-1.66435135804765,-0.8575045949318008,0.09600256926162126,BAD,0
1.3727803262834377,0.3477638082750962,-0.7322409483955178,0.1301095069563679,0.9191699634013281,-0.8660550186139842,1.3835590930492818,-1.3819394258569946,0.9129212129957108,-2.6660718072234793,BAD,1
-1.5132761761694151,0.5121695724400177,-0.0418904788132986,-0.7765877887748742,0.7148525895714734,-1.0896693209102963,-0.947314175934191,2.0434218363676693,-1.261290598528687,-0.13921886593780539,BAD,1
0.9679373150807719,-0.5540956604211171,0.0821333520520737,0.09503032795798766,0.15174825930598965,-0.8403048827223699,-0.932949460034321,-0.6381583500002473,0.39359702196500135,-0.9046780451593582,GOOD,1
-0.6243484145818764,-0.5016391084594288,1.3881154453126487,-0.2311097111869336,0.06059492566853072,1.169301199545551,0.5855258849166068,-2.2104469696541114,0.20701734678924696,-0.8225163778171195,BAD,0
-1.463112359952756,0.295059156223796,-1.3110615676960555,-0.888107772031874,-0.6366682325256969,1.927015675937048,-0.9593906328187892,0.09438841931245631,0.8008675131795097,-1.0048902989039707,GOOD,0
-0.44315765672597274,0.3267178578732535,0.5806076117648844,-0.5471660470282653,-0.7646783317802069,2.2084813899100815,0.20222537999195064,0.23039535858909074,-0.6510823576974043,-1.3746680060682455,BAD,1
1.6339921205388905,0.40680248244211653,-0.9063252867662142,1.3234184436815009,2.364674036897325,-0.7120866874794068,2.1939284567538344,-0.1076031542008166,0.16112890892778922,0.21646037282311645,BAD,1
0.15092720435329182,-0.08493105516650509,-1.505799021393735,-0.060376937451584,-0.21178436362647415,0.45707791915795604,0.5456660884829345,0.2911400006160507,-0.02378883203452443,-0.9024885307561441,GOOD,0
-0.9838433338484522,-0.6427754432639876,-0.5294364774465236,-0.15934331455807885,-0.14230491328613284,0.6595012363681723,-1.9326636493314975,0.36675874728553626,-0.03150399557091379,0.5529798625957033,BAD,0
0.5143512598105328,-1.4177107811150917,0.5838233959588697,1.470547301478567,0.7268605942847947,2.0573940057510742,1.7214896997231774,0.1328412107075277,0.9223016653808815,-0.8184220551542359,BAD,1
-1.257035124195476,-0.6510307264812595,-0.2866103590648913,-0.3410548183716207,-1.0564921705851003,0.9505299016801065,1.9525045279323106,-0.4006141303626015,0.4346076678431819,0.24823780287671582,BAD,0
0.7005349001236231,-0.5226600123874137,0.24383809842368415,1.320858291288116,0.37167385384245016,0.4446373187182506,-0.5317799551939683,2.0524612405315925,0.17851016753651455,-0.31391911741306944,BAD,0
-0.36206391635242546,0.018948513359324896,-2.994973182054824,1.1081705148936218,0.9427664968998299,-0.1729446854183645,0.10531516543831047,0.743833244554253,0.20968632842613824,0.273410059417849,BAD,0
0.40799802128990253,0.08488494257412547,0.7409716123996828,0.7339906753835284,-1.1285252306487097,0.2689453476537454,0.5618954841639993,1.3153199363763433,-0.5171184401725502,0.6538020049040373,BAD,0
0.8233237910543434,-0.3472010739962579,-1.417926120950014,1.1317596024389975,-1.6362572453289683,0.17127692713391005,-0.5227357974389817,-0.488011588520266,1.8863443164031908,-0.7686797553701591,GOOD,1
0.5558863285522071,-1.5645862452604853,0.5379903319884054,-1.190814671982356,1.0907113034789853,-0.3503372483606913,0.09973604092826718,-1.056067148691852,-0.7486923572752983,-0.9106988259240903,BAD,0
0.6202722035612667,-0.3027052856455801,-1.2694095721506364,-1.2041338877073404,1.1911202433918713,0.5021040324683873,0.49174134719500656,-1.5805539645499438,0.8949360351281168,1.1096436126219165,BAD,1
0.8280744760368481,-0.8883780958351521,0.40605065156599063,-0.49494543703913346,0.44049683937465156,0.46322779310737394,0.5544154900207819,0.6762757771835312,-1.6431077682074935,-0.46524554273771135,BAD,0
1.2097447659329383,1.0775972192399927,-0.6734506119310424,-0.2755453724266417,-0.9610978563664431,1.3472602311389765,-0.06750389313497994,-0.1762462217640127,-0.8186114392230581,-0.19184146570229732,GOOD,0
0.5150971615175773,-0.03291888371701306,-0.13443076153760933,1.5709485712587414,0.302145517195002,-0.3762920753666953,-0.8014059035981747,-0.23093045554892447,0.6395179700705725,1.5424405021630623,BAD,0
0.4760777625801302,-0.6521973124094091,-0.6958579543601537,-1.4056276850722318,1.2311039491970328,-0.9842056172631792,1.1577003907480072,-0.19118023971087994,-0.44246779315491414,1.2603566801969293,BAD,0
-0.9335123470324166,-0.1761125569166837,0.01454179457344645,1.2734762875277388,-1.4423479904090957,0.9584907031782078,0.9016252317965864,-1.6686619180697573,1.2650757158793744,0.9934815648923608,GOOD,1
1.7108476461020563,-0.7456958753182502,-0.9957595352405234,1.2365755282112199,-0.16981916714977158,1.557879058799714,0.7071293934552111,-1.0813313835327922,0.19774902629296853,-1.1653068643820013,GOOD,1
0.6323522263427811,0.06989324813641412,-1.4862625566426464,0.5215675220923157,2.241654964500081,-0.49146991111653215,0.8595972024489176,0.17755577638008113,1.338505665650167,0.13364340966322932,BAD,1
-1.0310264143356653,-1.0131729998419712,1.0485270448084578,0.4482093813361836,0.6286824240269427,-0.4498049656414948,1.0572293788032796,0.08247607497044973,0.5153003312321772,-1.3621712902392964,BAD,0
1.1306075737224848,-0.8349677202777005,-0.0884256642425411,0.3184521663388998,-0.3418052902976897,-1.138026126988503,0.41471994534372464,-1.2311017546580687,-1.535523295324934,-0.31485380010232356,BAD,1
0.6532047537123825,-0.17042470134717225,1.1835943809501097,2.6931185337004635,0.6410798739062125,1.7258296738002479,0.2402772837676001,0.2550052340685751,0.43999933489969695,-0.4965847748438642,BAD,0
1.5368956935881146,-0.6824195766662177,1.0014999960898152,-1.409968640449013,-0.5867645145423638,0.1509368712160873,1.436397389555197,1.0896054775607729,-0.03763713350359887,-0.8007871232468242,BAD,1
-0.4870688535974013,-0.43326563919206,1.2400712781865353,-0.053636515304165286,-0.1506532430525633,-0.3329622708470131,1.4173943000677467,-3.6327864957367613,-0.5161374372027918,1.3345083136493425,BAD,1
1.2209790850350188,-0.00806061583776638,0.07009637584255089,0.7927379625278376,-0.6441263863148865,-0.028307235436635686,0.7206787538689083,-0.49034131649955703,0.7686828761762051,-0.44092740794183066,BAD,0
-0.36781129198471935,0.4558126398613907,-0.5228328446314661,-1.8301020499311553,-0.8396988927431838,-1.1526881757462855,0.10314330966396269,1.3333058517958645,0.44386957922072895,0.0667150645256396,BAD,1
1.5955387502184142,-0.5178711582977726,-0.27058935885666646,-1.0859686272828604,1.1909193233587299,0.41039006018627067,0.6762864268252907,-0.3721205636641799,-0.3462106770502123,0.5249842791265527,BAD,0
-1.159529345739809,0.13376852537521308,0.37669156683950616,-0.13356073104859462,-0.8227094886681531,-1.4672877287185946,-1.7822156113946837,-2.0485469549950595,1.1469260523378633,-0.07702248244605567,GOOD,0
-0.37488274878599637,1.5621056513181841,0.9204976776069809,-0.8846110668149244,1.2026890635806307,1.266160175534077,0.06574255439132425,0.7869738036575222,0.6115302215680846,-0.25332863262591077,BAD,0
0.5610571326895882,2.0058887516163186,-1.2786244924922514,0.5798505068712523,1.2474738890371695,1.707147697850633,-1.8470611102655579,-1.3816351624245378,-1.783843561690679,-0.8733563869948027,GOOD,1
-2.7879455456579243,-0.09128520882078378,-0.9297088653851963,-0.333563919395564,-0.2626544589942114,-0.6792240236456875,-0.394959112973597,0.33123247829710517,0.02207489853592328,0.1306253052363299,BAD,0
1.0868162192671396,-0.9654689312015972,0.07245221183524515,0.4079656230940959,0.42215224541570695,1.1249289996150478,0.7419628534473891,-1.127712196388951,0.9943015156948146,-0.15693157745040334,BAD,1
-1.0264674158576341,-1.2015425214019924,-2.8882830382680607,0.5525163224451064,-0.8550953261437565,0.12564056807697865,-0.3755529526832992,0.1589039948647371,-0.013115481392428078,-1.37603482888716,GOOD,1
0.789231570880166,0.25308117295846255,-0.5453731680467516,0.4926220736091259,0.1677197988442887,0.7883776911992055,1.426043398603908,0.6314860947732128,-0.05049651497047091,-2.2260326303566895,BAD,1
-0.19289115226505713,-1.3268927271018536,-0.6393719390405886,0.45913070624731284,-0.5087814813662872,0.33308898879260296,0.5698208205800477,-1.2842801587494042,-0.46335567915584663,0.31508534012549794,BAD,1
-1.6164597770485647,0.5410038664883041,0.056872528174227714,0.13982089639227585,0.8823949301391972,0.10556522108910955,-0.3865095089930697,0.500491020486225,-0.9642220051538611,-0.09711874862122304,BAD,0
-0.8932618010346343,0.3707594907559856,0.2193248423332021,-1.8021536485532783,-0.39114301010819036,0.8295480984246976,1.116005044763871,-2.1131898999915983,-0.22245736756468054,-0.9101227229290297,BAD,0
0.2708305476539263,-0.4126449457364312,1.381087375270163,0.9657824372194079,0.7356273245695285,-0.4536543087336913,-0.3404449134355502,0.32570444854090236,-0.5689190279836266,0.2799239510583648,BAD,0
-0.2091229430210083,-0.570301871569864,-2.290142248702597,-0.9419393874291551,1.2480858784965028,-2.1482484659701533,0.6560142995251537,0.2753790983997817,-0.21257914455762356,-0.820009136063195,BAD,0
-0.8723387058812964,-1.0629353565383346,0.13957398711508123,0.5221062727312846,-0.9785129557051948,1.2547017214642062,-0.14136426900300558,-0.11805955594692298,-0.4595992089306726,-0.3229722712596051,GOOD,1
-0.3043328062119114,1.2245812569888546,0.04788732697101589,-0.5096096387096462,-0.992780766016819,-0.6574273886633676,0.6947862059099283,1.1131449132954185,0.465715277744213,0.292456841097378,BAD,1
-2.405770932659209,0.2824997856875719,0.0936233625349938,-0.14334505362156869,-0.5956512222422163,0.4460682708628931,-0.5324244194762044,0.1303351507916378,-0.7698665636348492,-0.6534523582764676,BAD,1
0.8412087830698055,2.052607142918507,-0.6904430716185741,-0.1719325217687151,-0.1385495893848968,-0.13916317561570732,0.8840825714343856,0.02079682487283566,0.9162938945323488,0.8221502655168504,BAD,1
-0.9920656030530578,1.2983839539021005,0.5331781885035609,0.3928765581890056,0.042311091733160805,0.30514832966805705,1.3138374616920458,1.165293659396282,-0.05789822542423925,0.308221593479911,BAD,1
0.28030576749620967,0.03497526388047576,0.6205073087421141,-0.3349758231497771,0.4964445305975079,0.13605422960516872,-0.06200725952901598,-1.738805778454855,-1.5573201148297253,-1.0774080928285652,GOOD,0
0.22559417585919225,-0.42553722913554,-0.41232236884364887,-0.9705495536411137,-0.9008039393163559,-0.08804117396563935,-1.5099545768387261,-1.3015315426320393,-1.14678778103858,0.860758353061879,BAD,0
0.6242665497447951,0.10447751670660728,-1.8339038921918462,-0.35929564010011794,-1.2350142735646652,0.019589006242475275,0.5959750605337361,1.1593332279199227,-0.06971919324069371,0.2581171485794707,GOOD,0
-0.6636350756628148,-1.0982231167700156,-0.20028696285159586,-0.45652415278719094,1.9926499820336856,1.4218139098049554,0.13907116643628167,-1.3467226187835457,-0.7777156799839241,-1.7724327521137824,BAD,0
0.36261287997975516,0.9904843007705305,0.1999663593780425,0.5763080946033794,-0.29104129550584423,1.9381546077022556,-1.4708537407088735,0.7386700475336306,-1.5434667972210596,1.041395168953895,BAD,1
0.44862684192945257,-0.8528076258152761,-0.33759705374373455,-0.5088870742013729,1.3617595704171221,-0.39154770322048643,0.22551516506086822,0.0006107096625473583,-2.193789017925331,2.1802628357988367,BAD,0
-0.8115147291879587,0.12009530603448598,0.9150433080348669,-0.16853697272957976,1.0416122584370238,-1.360507810358409,1.8103251992326501,-0.8781807269901513,-0.4132922595759204,-0.733687511601716,BAD,1
-1.0866923303255054,-2.295065303243982,1.8920938450161553,0.32509742372139655,0.27296642685936573,0.9855353124140656,0.5564908931922457,-0.6502974183353452,0.5756323845450808,1.1505083555915976,BAD,1
-0.33192380977394237,0.8407922074347421,0.991091254992338,-0.07733229702550116,-0.27254088173508834,1.2203816097465185,-0.40315448741162735,1.2460211915889425,-0.22735794250959532,-0.17163338651130539,BAD,0
-0.7969869349207542,-0.44564901911597404,-0.5552388986687405,0.049567443638724444,-0.887976869123829,0.04333743255446237,-0.8887043787286002,-1.3878817223209532,-0.14629939128481476,-1.396908014400229,GOOD,0
1.3436439079607616,-0.23934123052091588,-0.503604389620828,0.3057656704809448,-1.7789195161320384,0.7572303527429876,0.13030398475144067,1.2501889965087376,-0.7833518498109333,-0.8610501001247408,BAD,0
0.6279565123636595,0.23654455941676888,-1.0441524859742615,0.1418384595842572,1.8174418267742325,-0.46853284389079664,-1.0597436871199148,-0.38659367077799006,0.6710538817338485,0.9557402352218362,BAD,1
1.0964898430122505,0.9248529452255999,-0.8118968432891456,0.6554398531558523,-1.830785216753908,-0.9213989901975085,-0.5576285028473777,-0.41397911481900096,0.766723626862311,-0.3779929664747858,GOOD,1
-0.34919475179508874,2.329668960535124,-2.0853278138724813,1.3191437018778172,0.4464957787519183,1.4766975427617226,-0.8344034211514814,0.14275778701673816,0.2438349883508578,0.38133754209084747,BAD,0
-2.360171328393679,0.6703833462991324,0.2265223876764583,-1.5344416038749609,-0.40050395507987985,2.0104196623369397,-0.25139866833658137,0.21365147889970806,0.37624273906830774,-0.3101400118710991,BAD,1
1.092338164409514,0.5277250391460766,0.06425630212202958,0.2426428783264436,-0.020158326184821617,2.1047635231905435,-1.6293417373872505,-0.27433317206586527,-1.0307308649115485,0.6517780734057447,GOOD,0
-0.2508068002413182,1.5678408699974733,-1.002411092606614,-1.164612138246708,0.18140748285819067,-1.9009260490050515,-0.3529072897477909,-0.6102040466715072,-1.1165540761534103,-1.1699801278890756,BAD,0
0.10373819278922607,0.2978050943630585,-1.4669679116261922,-0.6017857117295575,-1.168653572147786,-0.13372424613618042,0.8966624318446291,-0.5511492133097917,1.6470145947857828,0.9820895283909842,BAD,1
-0.25542905017419343,-1.3659185302101857,-0.8229296834244396,-0.914132884377465,-1.5040285211539572,-0.5793678313024477,1.1298625208545745,-1.6109569035279327,1.0717949278652028,1.4313252701310595,BAD,0
-0.11460628230803077,-0.09281842254063004,-0.6190546585653599,-0.3837703907775368,-1.940987891060249,0.6767607343143266,-0.027967954258572833,-2.441125714332579,-1.3328355450868545,1.2435237424971959,GOOD,1
0.5829008213797806,0.5236918719200347,2.0751632707879497,1.0912818040728383,-1.1047126937178575,-0.36415612808594666,-0.9377505495679145,-2.5575322916980037,-0.6987679283486923,-0.7686182825229745,GOOD,0
-0.7638771581823676,0.7166346186260621,0.015241362169038384,0.7564063053893306,-0.25391040874216697,0.35101298743150233,0.8530843426067249,-0.08089386905615996,-0.29123725310595444,1.369076279344306,BAD,1
-0.488874240365964,0.5768043098562874,-0.4194806498657576,0.6857500577268935,-0.3271587218341877,-0.07068730705650016,0.0394525707916992,0.8901733872342799,-0.9347112115585715,-0.968986492552343,BAD,0
-0.12769632897058575,-0.5261933518168808,0.13323345020535884,0.6242146581202365,-0.9508725915840032,0.7989081770372152,-0.5159947789472352,-2.4756861064391185,0.2559519046126157,-0.013676078610401566,GOOD,0
0.09997141809699754,-0.6450653540868548,0.7991357691405095,0.21815182735552735,-0.4744697125073198,1.8722472071270841,-1.4929738323796724,1.3252564478678508,-0.016232084639721343,-1.7003327237861814,GOOD,0
0.12107249075612027,1.307689411292178,1.371384119737791,0.7571667528182017,-0.04716417449004852,-1.2024922252913401,1.0671936161788491,-0.4540509575825651,1.3495215658533875,-0.5055022216987075,BAD,0
0.03630154093364804,-1.2452540916535513,2.361763242810734,1.2316741325163996,0.05411803561975388,0.30193700282334085,-1.806985888158535,-0.24022232759626333,-0.5160486363885008,0.7158768299127733,BAD,1
1.1922191141563496,0.3233844481093983,-1.7409320679969238,1.7309930349512133,-1.2571879220894706,-0.395262032118158,1.334838972128242,0.464783283287727,-0.6009130894425441,1.0118582926348512,BAD,0
-1.0474401599291918,0.38931156450788656,-2.4353996363339308,-0.47931749371595234,0.5283469900048795,-1.0848207246925443,0.6436720057692418,-0.5360462792801963,-0.42309315383036994,1.4125620683998388,BAD,1
-1.350350191206829,0.07041260807525657,1.7125081779342983,1.916472442415453,0.2624614056433337,0.7066802262634784,-0.7691527703250997,1.016079191822631,-0.9975730191321788,0.7698071028418089,BAD,1
-1.0414686858216056,0.09077646966056356,-1.068509060472008,0.4532756417985333,-0.47761551790392465,0.773759388382252,0.14441007954149948,0.6909610974894087,-0.1732283009900259,-1.4420270498891659,GOOD,1
1.5507157208395024,-0.5788372203399074,0.5198099256891395,0.6454394290515478,-0.04435663723498636,0.7213837896214509,0.5682185943439074,-0.7263462814253406,0.6713380575662687,-0.34247356595621925,BAD,1
-1.3831951648404786,-0.838275572305275,0.7140499312517824,2.0694880198146293,1.2339032972906723,-1.2441999455353363,1.5329150807987002,0.4995520478648168,0.2489057124582548,0.2863272878195817,BAD,1
-0.3858436810178164,0.8652477438494094,0.46956652067217824,-1.7712269305177324,-2.284801220476059,1.98280742474311,-0.025370635037302327,0.16865023211752664,1.2895578251764046,-0.6806041619853687,BAD,1
-0.5075042092043366,-0.2970060478047302,0.0810249470552005,-0.21829576678821333,0.24538441378566422,0.5293135617904898,-0.6636561474259738,-0.07474535415216477,0.7991583480018586,-0.990569115975483,BAD,1
0.9700142851940593,0.21780458927037746,-0.2512326229812616,-1.1374566420725065,-0.5230107584088219,0.5124283191713028,-0.3645715347154513,0.25773113145039095,0.6715450420764931,-1.4233146898040547,GOOD,1
-1.209400374941573,1.024660616051092,-1.4166168192149455,-0.2718494016719546,0.8837141653860199,0.37616587099081383,-0.062099775839724175,-1.6873920590655715,-0.9262502555135901,0.7932637460994415,BAD,1
-3.3740720586855124,-1.1601448349601844,-0.5267781396430448,1.1145415590361547,-0.4325849254926041,2.678493103482479,-0.10141517477525695,0.6348109756375069,-0.009304463210977667,0.6942906239703563,BAD,1
0.6719955861502155,-0.8464069883034048,1.4276223672232986,0.8509841289768059,1.002231283162852,-1.7247229566351292,0.47704186116835023,-0.09175799046972813,0.8070144641928254,-0.892724041830572,BAD,0
-1.8159824490022494,-0.06419391201638956,-0.2082032478749288,-2.418088413887709,-0.5189845144650149,0.7921528995808321,-0.08742529898820921,0.1432148173012711,0.7743392244276022,-0.1996097184582742,BAD,0
-1.1567035267978403,-1.5424317118651854,1.2864202161176912,0.1870487289314288,0.7798268030141355,0.7293595434734456,-0.054578081558909496,-0.07736573119797571,-1.9424441383797346,-0.5953348713886266,BAD,0
0.056178102212256824,-0.11067861870784526,0.3487451296340851,-0.3104549033413441,0.10895184520530925,0.8881808542515601,-0.325844433131488,-0.5007623434310423,0.059980714880369844,1.3326365104534974,BAD,0
0.2509044313484218,-0.2300483801215886,0.3968551604708795,-0.484360754621353,0.0802920405452814,1.5911265330349393,-0.7773144988506142,-1.141869118589465,-1.8580604014359507,-1.0856547985411906,GOOD,0
-0.4151620141240511,-1.102576166506301,-0.47514718996687305,-1.305035038292261,-0.6558616329445737,1.7118596871412917,-0.9531479181033463,-0.9792146705072128,-0.4135394467760764,-0.8954241957505428,GOOD,1
0.7621955110847026,0.1081171121408715,-0.8283142355898547,0.9324738957341525,0.4467398800897176,0.4826548872621682,1.0842438768201235,0.17331064649908212,-0.908088183879778,-0.3239005020890842,BAD,0
1.3840937409000038,0.09055184749660324,0.30765136428687273,0.8864323361847488,1.2590996979449673,-0.6849908525374522,2.6377469152151924,0.23076713823204242,-2.3343451735342993,0.8978531789876527,BAD,1
0.9775588285411833,-0.48222862585207377,-2.207821592776328,0.0900114911945349,-1.0220775005240084,0.7584481732622801,0.042126788172346184,-0.02240098664423017,0.5565309420124955,1.6346434794486668,GOOD,0
-1.1182207739635546,0.33633423162833825,0.6951428686849886,1.3173848802092933,-0.3274687998758745,-0.32752746582713316,-0.7953788873200562,0.2739051542130149,-1.2698939538985903,-0.28332698954537716,BAD,0
1.1662357292279435,0.4212226552286721,-0.9096845077452425,1.0399472062972726,1.460166224905262,-0.029311863035511334,-1.725720397676781,1.1299351153392971,0.47609299419333456,0.6911021384334932,BAD,0
-0.48313200931174216,-0.18016459866024082,2.3722630892033316,2.111886255246195,-0.33245973989706246,-0.5559454100632584,-0.3164777306568526,2.0455172386749867,-0.13694449111060514,1.6985948260849482,BAD,1
-0.4922726383501567,1.521158908630281,0.13009011086600575,0.6987713034654293,0.2303633311473254,1.974364596575695,-1.1904856789975968,0.24633639683761377,1.6731386649072972,0.5008906867457005,BAD,0
-0.02533772633607127,0.8125216611539041,-2.3939891039686696,-0.5879493969307508,-0.5422155479284129,0.4361168985284435,0.6695269306069275,2.034507948407656,-0.6163681056255803,0.04790404387895719,BAD,1
1.1604077529106778,-1.2488726610180736,0.13989363416102146,1.6130165480377299,0.2508727732193554,0.7628709050798687,-0.21062424963492712,0.8432185484229893,0.21232444892589175,0.7092636771433326,BAD,0
1.0018801350380921,-0.8278139637820108,-0.02567090444012546,-0.7774327690062072,0.9920136378557906,0.8059161604478463,-1.2677361206264972,-0.44244930313738806,-0.6074798537452969,-0.34025259939915065,BAD,0
-0.030379796395175688,1.2435896770929635,0.5687704443734157,0.8682646217128858,-0.839908599664797,-0.2773696416848658,0.12611689408385715,0.5933620902075337,-0.9373316186451286,1.1219182253162492,BAD,0
-1.1938685524284545,2.0337218770309744,0.2180860726015296,1.3389375196276472,-0.2202415877781605,-0.2468861952448978,0.8328884851031326,-1.2446763985461184,0.1445804995212982,2.034485927624759,BAD,0
1.0723540866220684,0.07288396219166184,-1.9800036715542324,1.5454682345726691,0.7028588951928083,-0.14775582350870528,1.7766732525044524,0.2740022659853023,2.8329614306304407,0.8184258080822877,BAD,1
-0.6610642100344094,0.40842533233968,-1.033500325854522,1.611156232534847,-0.5209089001654336,-1.0871700723315172,-1.2848993645102351,-1.0100941496001052,-0.12507234311752113,0.9899487695987521,GOOD,0
-1.8595386124830897,-2.265468043827954,-0.7501493703929817,-0.8517830381939676,0.9758059576577638,-0.2547551037170507,1.2393895871577056,-0.8584904119517723,-1.569049851508919,-0.5329701396670369,BAD,0
-1.1517904638730332,0.13972973576356112,-0.21380614138951476,-3.1909575570097575,1.3631008593888152,0.583387815768238,0.5490902852545146,-0.040474996849225627,0.21966497332720894,0.12630451246906146,BAD,1
1.9535347233397309,1.3577272104074898,0.21350550070430427,0.7618479855766476,0.7642510544816007,0.589117943642518,-0.9260951044951322,-0.05873321954716397,-0.021385842517716542,1.6564633927247459,BAD,0
-0.8871941362912239,0.0010963711882855023,-0.6486185269325119,-1.2552244605501148,-0.3229643592196247,1.4267210348879402,-0.684978569746176,-1.0298017499824321,0.037627521659494845,0.4004180184592838,BAD,0
0.33668776866369987,1.455042265911864,1.0725613066438475,0.4258966989366886,0.48966733157411196,0.03097921493615787,0.4161048094956794,-1.222002723553151,-0.653696963157801,-0.5708027704330212,BAD,1
0.013639284897721524,1.6940285230872991,0.06727065986305818,-0.028385942686005364,0.7385709712378183,-2.344443530577089,-2.00058146124629,0.6012996925708572,-0.3355392096123497,0.6212303880022999,BAD,1
1.1138888124619255,0.027046894615274177,1.1909912427583564,0.09904937640482295,0.3324578241071517,0.7162495937213479,-0.9106508998539443,-0.6447406642773983,-1.9777977512408143,0.7942583653427099,BAD,0
0.5795261743125489,-1.2324110627103129,0.7440670811769989,-0.578378634606303,-0.7572325654040764,-0.20383666116529717,-0.09403426662935692,-0.384209799143702,-0.2568828357656857,-0.8312338773337022,GOOD,1
-0.7668364038566085,0.07229364665194579,0.9655917697596055,-0.8380056420586509,0.41245694691262885,-0.5478558683501691,-0.09472900197794062,-0.6462210857934586,0.01824810393940588,0.17044877912186712,BAD,1
-0.3647854519468848,-0.4710853946622531,-0.7282927465254881,0.9616698002973787,-1.264803366018296,-0.5319271906778449,0.193602972813024,-0.7163107317200615,0.8896911684213112,0.9235300860914831,BAD,0
-2.0495731314095624,-1.9581851985186993,1.5110448331317974,0.9588989954007391,-0.9434215363523984,-0.16976159546355563,0.189874953438418,-0.17409094872632389,-1.47108640905299,0.11606022760862136,BAD,0
-0.501383412006815,-0.44583085422770324,-0.9677674552030261,1.444523821789219,0.2916073662349129,-0.8986578043613124,-0.08984561523922462,-1.0097894817063602,0.6886870086614536,-0.655352616611631,BAD,0
-0.6572230852654851,-2.0122248203612703,-0.8582567699413339,0.2303626834573903,0.5044618392295155,-0.4372660043955523,-1.7537517987012414,0.2629620956928442,0.09606009187238863,0.09572714913179305,GOOD,1
-1.0756096227027554,0.6249560469658885,0.4015896110613464,-0.3429789425520056,0.9227018032672226,-0.9309554686644151,-0.5029355505081625,1.1416340589875174,0.7094164865061846,-1.4738878333742789,BAD,0
-0.06156215094918149,0.07548002830347851,-0.06114210758104564,-1.6029497107134036,-0.14883839239724156,-1.4379429797668397,-1.9949251154347065,-0.5768581040712235,-0.4024921240153206,0.09164585384216516,GOOD,0
-1.6698002210567036,-0.9742710530082227,0.17490493158737347,1.8102513645522418,1.7435955465503736,0.4463502481971281,1.5019728806361243,0.6881746837284411,-0.17801852910766652,-0.048925294947272505,BAD,0
-0.4095051701885658,0.3663751597731857,-0.16231367490889428,-0.2564027930736608,-0.6981536896961447,0.2992861847510461,0.7174434635849303,0.27517874040317514,-0.29616458258359396,1.0991829833187001,BAD,0
-0.22412300080108594,0.9074629477935874,0.6927679930179533,1.2051420183179646,-1.3818500895068284,-0.36717225474962645,0.09117025900717009,0.20895844940829347,0.18278360897936716,0.631668758945375,BAD,0
1.5011558811247863,-0.15307942007662556,0.7045444304303664,-0.026879779413554905,-0.8813719882224516,-0.15153354891512458,-1.2049061136561143,1.514663134348172,-2.1317509589016694,-0.3170172734619453,GOOD,1
-0.26164222270848525,-0.6369273451940402,-0.5902270080169866,-2.438386175899809,-0.8954369060287832,-0.716663287843189,0.42196323196438873,1.0592885204764872,-0.7864308492198122,0.4820711891642505,BAD,0
-2.597743076421936,1.143005932310994,0.06596611594020615,-0.6114113253524416,0.5061528896682722,0.3964295840401844,-0.5672099627953581,-0.9860864188511989,0.25481668950460173,0.3286152796561238,BAD,0
0.78637309197845,0.3179951438332687,0.08156176342949639,-1.737017342292338,-1.0555908341903664,0.6863055026605106,0.106666935803332,0.07411665534433198,1.1272958652698934,1.101633749178418,BAD,1
-0.4210750562007384,0.5643160506429409,-1.1085169913501423,0.10773239579379178,-1.5358787945817565,0.6951999566429452,-1.2922675777442505,0.6427654735009923,-1.428321305430207,0.022096998529294382,GOOD,0
0.4027295018867098,-0.813137308766736,-0.2283009101925155,1.4055031637400908,0.006676622052456279,-0.03531245203293163,0.15698035554529755,-0.2762292909385649,0.1372956607890971,0.5701139787335892,BAD,1
-0.6277587177857376,0.898910267835782,0.5011899084137071,-0.20058972797226543,-1.3420974331561928,1.2670007480639602,-0.8487685934025998,-0.12159061205973734,0.8661171519676453,0.5782690733970898,BAD,1
-0.1893549588167314,0.5242076959234967,0.5773052395114331,-0.25396322707158125,1.6354834529850153,0.3170185931589808,-1.4942132659524128,1.6083707673409577,-1.0191604105434675,0.6183577372374518,BAD,0
-0.010349794445383628,-0.23631013447355984,0.2814100123015018,1.0120897698281022,1.2765917892925955,-0.8332736527821976,0.5406317686275326,0.7216956045982892,0.5377417387052329,-0.806612664207598,BAD,0
0.2211670425490165,-0.6021352058880621,-0.09445498402782089,-0.6528437271029764,-0.09870873343082774,0.8101753967741425,-1.244997159842003,1.5561578345864897,0.28044773324869643,-0.33195791025742905,GOOD,0
0.7077264209511006,-1.1882983592601222,-1.487994504617165,-0.3043393323148628,1.157816995312692,-0.4965717072039397,0.06623793511398039,0.4266615031794558,-2.5096583037035174,0.28269002128290505,BAD,0
-0.3831328253697864,0.3851178612947905,0.5174379304962561,1.1553177977605313,-0.5325321060191464,1.3158976546660979,1.023208699158177,0.9160089238349602,-0.3596201668134454,-0.3365215768143629,BAD,1
1.4285209254056106,-1.23280439966165,2.1816645925019067,-1.0959711825137641,1.466602593133892,-0.7893902915992476,-0.04479597981045369,0.3209231320810353,-0.07925808481933427,-2.3848916276411014,BAD,1
0.29608592624072394,0.28527700138649326,-1.864233825276606,-0.027434369192037247,0.6756779183113735,-0.6959886464262763,1.8264304933415163,1.116489717997921,0.11428178060155848,0.22753676401344428,BAD,0
0.5923511470958255,-1.0607003100272336,-0.16248372956622145,-1.3444830998144026,0.6497069458762808,-0.036010614215713894,-1.64752226635693,0.3189858130057994,2.0296650210838596,-0.5419504118693871,GOOD,0
-0.7316149546606526,-3.005108743926017,0.6541620956361148,0.09573830301757338,0.5950147062671041,0.6406525394391819,0.7747276989119918,0.6563331394714034,0.29694365280663143,1.276098474150477,BAD,0
0.7116056331680045,1.314961367692849,1.0779850564208968,0.7972871472495375,1.2362838343503642,-0.5410362143179842,-1.239627286721419,0.5812893829361937,0.6980034213651023,0.7574704219326036,BAD,1
1.6237625343986095,-1.5572482698660197,0.20818843019124927,-0.09590118249912316,-0.5492539997532289,1.4243291910192368,-0.27019293110260534,-0.511808884966525,0.7927286195618479,-0.6712256730147297,GOOD,1
0.07458416428728518,0.7581381531264498,1.072554952610649,-0.02944244484327562,0.30860601814184657,0.848468005874253,0.27986288732856834,-1.636397692275823,0.35774852311022143,0.5225077003145896,BAD,0
-1.3793335358993666,-0.11899498275955937,-0.9311097918494725,0.3724637239549161,-0.6479782871782944,-0.10988472240764811,-0.4172326382017349,0.9444508805723563,-0.8805768950867064,0.19259632029935103,GOOD,0
1.525593699615584,-1.4245113558545837,0.49102962832021324,-0.1255067347520134,-0.5301045309226448,-1.3889828698172164,0.3400073434017538,-0.24406328327306184,0.17215807421343318,-0.1738146980692857,BAD,0
1.7249812303408707,0.23275351589848864,-0.33095074104670574,-0.3141908183096445,1.2417377416688316,0.6686685966666456,0.2781515296973905,-0.96533616759561,-0.09126762423667029,-1.2360948657275768,BAD,1
-1.0663031053254484,-0.8339316513920078,-0.03634865622509324,1.1554129471186105,-0.4006862257118831,0.2126724509447467,-1.1977236114743122,0.4534440606607756,-1.143129994997494,-0.5050373037020133,BAD,0
3.3764264393503405,-0.6283995029628157,0.07610223192263506,1.1205484710687394,0.1527971481363619,0.4944975123394605,-0.7852670747133553,1.6983564833152087,0.8536788379754735,1.676844086263165,BAD,0
2.2225495202578105,-0.9582489192025869,-1.497535011195925,-3.062147686481506,-0.9394720113380544,-0.23957702972442307,-0.7316450408663416,-0.16166254401244384,-0.2991065334746665,-0.5977814706036895,GOOD,0
-2.2376838133144425,-0.2384379638311247,-1.4069686005512114,0.0033732855755073863,-0.44586237187025785,-0.31495416799022075,0.36740679998072945,-1.1439316730174676,-1.687273902436908,1.4055809593679442,BAD,1
-0.4431191648004539,0.8363757132180064,1.155348649499832,-0.6819175775113312,0.2288422695970717,-1.1039234301804064,0.2594264066259846,-0.6129409976805211,0.19195407758360641,0.39127831224990706,BAD,0
0.8741023632789164,2.1174253811225583,0.28894659741521955,-0.40888966131741894,1.342416308750525,-0.9517558155137175,-0.5092944333373159,1.1992586335955264,1.0767097769737228,0.40234995265711,BAD,0
0.3715855200883113,-0.3930228138926029,-0.34921704830825206,1.5877743707588203,0.07901408041447336,-2.245908500478589,0.5967423079795692,-2.8420279700528193,-0.5437783673860436,0.7569401539591328,BAD,0
-0.22591972930267948,-2.1042918645835726,0.040386439044754044,-0.350046572907863,0.008266522069862529,-0.05672518977119124,-0.3796811610400406,1.0785323119005208,0.04564310249255551,-0.307745620228027,GOOD,1
1.1253478690282759,1.1789527344562294,-1.6327696711330848,0.31386161213198005,-0.19397388696857162,0.7045990517859226,0.8599203227573815,-1.2343252467747547,0.04296581917185109,0.1909832504513372,BAD,1
0.1846924252681776,-0.8219240187189838,1.3063717877746308,-0.8942220707582008,-0.5754716765722278,-0.12496321105258942,-1.12003958782446,1.8765784952362108,-0.5574733641342957,-0.3838906097254046,BAD,1
1.4719048959214471,-0.4309593637080847,-0.0030669673541570347,-2.2306385199551406,0.467032768221278,0.32854780675639605,0.8358488549282928,-0.4314894251256574,-0.8586650426557063,1.6685265557839508,BAD,0
0.3408642860002758,-0.7100446482647009,0.7798643073460818,0.004968642018929745,-0.3854783791475887,0.21300113277397364,0.8855802362093986,1.0686615938190873,-1.1713090969968158,-0.5640837813938839,BAD,1
0.22962391393524456,-0.6198389799422911,-0.009990576375593236,0.17396468358374478,-1.288509743315784,1.1115825063464773,1.7540322671189637,3.0584694414098084,1.0358832829130713,0.2146936902655073,BAD,0
0.4664473256970305,-1.3665275322048054,1.6104471389133466,-0.7091503241177378,-0.058273546721687636,-0.7483678026829054,0.33523703257507625,-1.6695986198461648,1.5573657556877374,-0.673385086234495,BAD,0
-1.222232358448645,-0.04173561968180693,-0.8912628988324476,0.6025388221196002,1.9769842395049833,-1.1903934200472102,-1.0425812798776515,-0.6858018816853976,1.2708121214046348,-0.37951206222882444,GOOD,1
-0.23419912143306482,-0.07727515642088251,-0.7276817424860281,-0.37429852098763383,2.034685815094525,0.3265396332488845,0.08337866759768138,-1.6599593153243575,-0.4443307271256942,-0.303275750439124,BAD,0
-0.298538659675485,0.2683673631489188,0.5483564695245811,0.43757513388027125,1.1854578745326563,-0.2968932302601275,-0.4480667663474544,0.1632316108399331,1.002030975933544,-0.25631849772350945,BAD,1
-0.3511505849831597,-0.018951830063559216,0.25235671785222363,-0.7931592172540621,-0.9877735673543272,-0.20552516437062837,-0.06318543505717686,0.4604908259503629,1.747060197897606,1.582354738676801,BAD,0
0.3209536613779434,-1.1812578882142253,-1.5712482734171933,-0.09190042972995145,-0.5351136672776976,-0.16779620337140375,0.1557386490201989,-0.4392996820640255,0.18106858496636252,1.0355167056614498,GOOD,0
0.4322838531328916,0.6378434584084295,0.3152875057898292,-0.888172133261679,0.039341362364827506,-0.07168533372738715,0.3892529562407468,-0.1840947992069392,0.14223527947716064,0.14353342634373195,BAD,1
-0.6885860155784557,0.36005403978710787,0.534305186320164,-0.9583854997793327,0.025046040241787856,-0.9194323743680873,-0.22335496124666565,1.053494578804972,-0.45294412600022205,0.5548443488072063,BAD,1
0.3420571339087798,-1.1136787476371315,-0.7696905948648138,1.492003983687026,1.0479184568988367,-0.656508496493968,1.494966525483702,0.9120172093499203,-2.2499962381254837,-0.8894809770134017,BAD,1
-0.39524024782297096,-1.6568726405742873,0.2824026796258258,1.1442322372326654,-1.3572994951292316,-0.9967103497002926,0.11164511705667303,-0.6243295376485689,-0.5080502301409343,-0.7784733515582213,GOOD,0
0.2761257976602141,-0.1475267682911234,0.4061653237734877,1.222915647460147,-1.6558788032503162,-1.1808493239319675,-0.1736755138704505,1.5917968477142008,-1.8554297730753284,-0.300623620536665,BAD,0
-1.5434047174358476,-2.2957483674334314,-0.11180229922179427,0.8204865191825352,-0.505219906470123,-0.9771566943648189,0.06622622694683482,0.3943000364357249,1.3090300566432513,0.846798799990419,BAD,0
0.4104509811190375,-0.5654738930671932,-1.037130686109645,-0.49638580259137066,-1.1900960416555502,0.5634124359288769,0.48668610831558445,1.7557915260518229,-0.969823245081628,-0.8994038107890223,GOOD,0
-2.036633616777407,1.0467285697219528,0.4380126590323107,-1.1212036107937629,-1.395753543688044,1.0327527883939538,-0.7813514432930219,-1.5319614579289231,0.632395945702063,1.1348309054622903,BAD,1
1.2790634071081617,-0.9511875582480079,-1.1336386151871878,-0.17381589244579282,-0.5619107029927175,1.0080907375032915,0.9557169610691634,-1.7436299623600064,-0.7612433350777864,1.6934121817731758,GOOD,0
0.3748572217257139,0.3362321347122191,-0.9631496410364121,0.99263807795196,-0.4273742076103904,0.16936152578287164,0.7939845278138775,0.4984290061592038,0.9614860100860584,0.025881473559841123,BAD,1
-1.0272858771757036,1.2311530171420946,-0.6427174895803225,0.2734329661942891,1.2618131654813642,-0.323143002372641,1.748562008962035,-0.4505729898101433,-0.34469119644765017,-0.6369048358840461,BAD,0
-1.4275206153188256,0.8341749939612997,0.020635988571196237,0.348366547163236,0.24031242150466786,2.191688021016538,0.5750685632639893,0.19546533342408565,-0.44039866715680115,1.12155788591645,BAD,1
-0.6372698121030975,1.2579855588256514,1.2006401585219608,0.38153837794720197,-0.8228391908775557,-0.1683705066773068,1.183523572802755,-1.0487550935763061,2.259691724678269,0.2870266662063943,BAD,0
-0.9245332024068704,0.5341262796165909,1.583467939886315,0.0871650455978477,0.46238982762829,0.8110324026255189,-0.16864159086637107,-0.29009467122425947,-0.08521220689306871,-0.1735030546208185,BAD,0
0.8847831711028825,1.2770104241368456,1.5336773320599595,1.1424722559178229,0.13566116813909335,-0.8864934549817857,-0.7360188489675027,-0.18134024712991265,-0.2128250800990663,-0.7938522120257614,BAD,0
-0.4158176463995082,0.3803498039205998,0.2513943649414059,0.7483865723812774,0.24146157246058947,-0.023739156659796656,0.8805487050761682,2.1330139950698292,-0.5690047332976054,-1.5954027630688423,BAD,1
0.4416330803370945,-0.8826318861186816,-1.1280887312480197,0.7634010131187172,-1.3715315171977258,0.6883826126699527,-0.4964071754575992,-0.38906452457432916,-0.02401255626539923,-1.168130765402111,GOOD,1
1.3661185283906299,0.7762303459615814,-0.21789210859115343,-0.8930393669781075,-2.1970416466640037,-0.6882476762366305,-0.14521601695469388,-0.48433373238905125,-0.9034676606896379,0.23194162960231524,BAD,1
-0.328233953359246,1.55238806384967,0.16182517699577423,-0.8083893562077884,-1.0977602592544855,1.6729601321455005,0.6458452152178505,0.9067711417966069,-0.4440987578993628,-0.08977018957646431,BAD,1
0.5929547196523431,-1.0221342252517283,2.1925468162068458,0.20983035629756155,0.8360412714919844,1.3371342626001441,1.8524974118206055,0.41758163553056404,0.06429284713825688,0.14099234042443226,BAD,1
-1.0162076242444082,0.5306102923660115,-0.0665957790287034,1.464350792615754,0.7338321202290955,0.7796607750943326,0.5767036620891186,0.8088508086761989,1.3412456722453967,0.3713525858693469,BAD,0
-0.06175963707251618,0.26654151109539564,-0.05335104222555546,-0.8732925022519862,2.6262299552019863,2.6297078439565467,0.6526908257661609,-0.13207051488856233,0.43945229799233476,0.8758660621102575,BAD,1
0.6220802363579555,0.4686063768127617,1.7376529677454755,-1.3779501751148528,0.8760171502864816,-0.1578859823119009,-0.059993408865132256,-0.46561640946407695,0.0341797826214153,1.0314222190682296,BAD,0
0.05839735569345901,0.4258608709768695,0.5486738863250538,0.6913423097887719,1.127203715231082,1.4381437154484675,0.39239851460573527,1.0722937207962369,0.05020964956795241,-0.8801940079582993,BAD,0
1.4458816531929186,-1.5320411706788468,-1.458050933648577,0.17140911268956,1.6605688152319795,-0.976306668543945,-0.9472977385805625,0.8515026333439732,-0.3107754097533418,-2.4118933942546987,GOOD,0
-0.718988306132714,-0.1317826864712952,0.23930402371677983,-1.888726563657063,-1.0255607539184781,-0.2500093834455522,0.4767887163813762,-1.8741912788114239,0.1814414074726061,0.9993678640248138,BAD,0
0.831011305757931,-1.1851734068300037,1.0287220492969114,0.3909552674974412,1.8449305101339772,1.353365549909122,0.9843032504988652,-0.9371170228408202,-0.2144310834857477,0.05801016258087122,BAD,1
-3.134154179551885,1.4813937215519561,-0.5605722030194162,0.10231246550285401,-0.14342663088448285,-0.6544238466848615,2.799668161434241,0.08654875357861724,0.7845863111283681,0.5649924428515962,BAD,1
-1.2014563179443627,-0.3977459389006856,-0.6838019109772435,-0.7283190313161317,0.7835731733765016,-0.5399225111563024,-0.3260886847158132,0.824790561813781,0.5753440835048216,1.495175361706672,BAD,1
-2.0294948288780463,1.5522628376990688,-0.06659930121611457,-0.6007103831717844,0.1049359338383895,1.0145484556738142,0.21164720509249188,0.0377832324397591,0.2451033773210837,-0.720635585920554,BAD,1
-1.6989254576892718,1.252191216220336,-1.3960236066131442,-1.0783437909808635,0.32602576123618454,-0.9894267747053059,0.4866580057001776,-0.0024040175645501866,1.4141629851611106,-1.6952140174818853,BAD,1
-0.18368389202394195,1.2273200207792767,0.34143257613900174,0.35521522112989173,-1.4814570748480744,-1.5221663834752706,-0.9404417458678791,1.2214009440964555,-1.0601349681331507,-0.8846217597969281,GOOD,0
0.4423958239376232,-0.46173731038469307,-0.4495762552412054,-0.7836924915821762,-0.23894529786923527,0.3595227028657348,-0.1807089291364254,-0.8633259212790799,1.9678644115950499,0.8010552425424716,GOOD,1
0.3106096165841035,-0.6010024245172618,1.5438888762959944,0.7929833237677433,-0.47761345357668716,0.7296097553734888,-1.777341464630093,1.1997563913211524,0.7844020629035963,1.899125089553332,BAD,1
-0.19653262126930043,1.2046417788160995,1.2462500050676537,1.7762375125197523,-0.6496958789671489,-0.008488183088746963,1.3590583689221878,0.2700977849637384,0.1826377122362586,-1.0604182077621742,BAD,0
-0.3581311394925984,-0.7460343274673776,0.41977818685421664,-1.4970650541525818,-0.6492684674119708,0.804238667180665,-1.4743321811014476,0.1356166013880138,-2.2301186833764564,-0.8681002157873513,GOOD,1
-1.1533483769602426,-0.1334609861486703,0.4643878107347558,-0.7966301997424625,-0.5152920566048239,-0.9181494014190279,-1.2343793286491247,-0.880375690430962,1.571119736049034,1.0120824241592268,BAD,0
-0.2728789395270829,-0.11995752072913392,-0.00875677729071018,-0.8689641102897901,1.370909714340723,-0.09204664744977531,0.03428658733503704,-0.1784279880465334,0.18603327644050857,-0.5185462234759672,BAD,1
0.6762998347185071,-0.08810915657130572,0.2498954220994438,-1.3302426028588918,-0.24589029772175458,0.27884445268194047,-0.7326739474489335,1.423079843209904,0.7171313834783783,-1.0693317585797701,BAD,0
0.7853802411010544,0.08358853618216308,0.8964913531972746,-1.483549738417802,0.5770626603352,0.6978455658181578,1.3363518077356977,-2.090033423417579,-0.37210489657970297,0.500447211001444,BAD,1
-0.2769562219305488,0.004346653034997099,-0.6772230237270391,-0.35247596266031617,2.2678839698860753,2.747671411135866,0.31529889746535666,0.4206204731807821,0.43323875584375504,-1.497281368149114,BAD,0
-0.2792725037426252,-0.6133721233190016,0.8747988319996257,0.4702085366539624,1.1109654135911924,-0.7569907526265778,0.23945237372859055,-0.5106642493942297,-0.2974796086786985,-0.9986221745373118,BAD,0
0.6048990190879993,-1.6829945528823689,0.3835351087525854,0.6492895547566819,0.9381182328551836,0.6810861628246495,0.7013252361278146,-0.8965735260217392,0.23772443642821361,1.5508230661518936,BAD,1
-0.7603000336126172,0.07246700640415159,-1.521246643761298,0.8486353686774212,0.8745355359042946,1.5312843489062689,-1.6787537409894886,0.02086303022171979,0.1607339497002588,0.494734810177982,GOOD,0
0.22390969057074897,-0.14422643911129754,1.304748689517672,1.499534338955832,0.1967295322966363,1.6556699694209556,-0.6488183325851278,-0.033527897602532886,-0.9691438415270236,-0.8863964161946877,BAD,1
-1.6396339880665514,0.5839061674711314,-0.2700588991535524,2.391501660721617,1.6913798781553606,0.7334295596094879,0.5936171785542229,0.5272242313458503,-0.5690668148840008,-0.01576553056176617,BAD,1
-1.9830048936340552,-1.9312721466802825,0.2538438261277426,-0.2192619437782992,-0.5461142982321067,-2.7874854632861963,0.380616718698743,-0.7613157925859393,-0.11223263210980093,1.2800443494691085,BAD,0
-0.15032019509447558,-1.9173029938613246,1.2054873232791534,-0.8590512888509331,-0.7375360018898605,-0.9883577813544333,-1.9198199844583503,-0.4280974665682046,0.20323159897447052,2.7181909928318713,BAD,0
1.289120385648423,0.40914915470623664,0.95910067408576,-0.7724840110099269,0.21758800997203695,1.150188624540208,0.7681149238154382,-0.3838484090972477,-0.1996790967880693,0.6214059231724129,BAD,0
-0.9461073962146601,-0.4860342414341912,-0.31046481200985715,-0.1490442811534938,-0.5473857621294962,0.5795104542359144,1.3250550655402002,-1.3347722547412668,-0.23517805746379816,0.2675720976795119,BAD,1
1.1250909407024896,-0.33331279753751764,-0.21231365552986226,-1.3414430880823376,0.7631895378059143,-0.5715485404466861,1.6127999263600046,-1.02657681955442,0.2785039491573062,0.29342006971441337,BAD,1
-0.7132042200677426,0.026216246888741943,-1.3066325846523863,-0.7359867893402137,-0.36222108214307286,-2.258510535452365,1.5773879575411573,-0.5636717001580033,0.6674525633496706,-0.3707026126318379,BAD,0
0.734668412275994,-0.3348255241120815,-1.52271048175022,0.2558572123314313,-0.7815453434464397,0.39706676631633764,-1.0685908488099223,-1.8282448155871698,-0.17849197966535724,-0.2268831974823442,GOOD,1
-0.7689546426510885,0.387138360578395,-0.7377058069951924,0.37766533518499257,-0.0347097332761124,0.4642900235207522,0.47277500927477084,-0.3965165281760615,-1.3770167218203608,-3.7984190729807836,BAD,1
-0.7613626926094889,-0.4001313465009045,1.441337806418882,0.41613991309953535,-0.9438486512766913,0.23733946937875192,-0.45508541141677356,0.8462736502076507,0.03023052471892084,-0.5189008600234695,BAD,0
0.49133674318323184,-0.5760382780742463,-0.25107116363472637,-1.5822961032733296,-1.8703879192229467,-0.8344614594412231,-1.7084102177338873,-0.3482405045240825,0.7865431076744571,1.7277710688811903,GOOD,0
-0.22201853606537678,-0.7749188783032358,-0.8178506282848966,0.3084574261202856,1.6141596301909371,0.18276470385642157,-0.05300912282546087,0.06823113304533246,2.795924531027775,-1.608995775351856,BAD,0
1.40160065283504,0.16747062532448662,-1.2706246796888423,0.8046336974264563,0.8581807133862158,-0.44565262520643284,-1.7757944109523518,-1.1852663256276619,-0.6226316336966581,-0.06273133882086668,GOOD,1
-0.6692068783979902,0.11612416007012118,-1.4027367706263008,-1.3621085550271013,-0.023198975603935742,2.661634109339122,0.6702695497074842,0.9984335366217788,-0.1953287778753175,-0.980252787700164,GOOD,1
0.3442810154000032,-0.032892577371938805,0.369315445472168,0.547802232487873,0.5105384789914794,1.072397804708988,0.646863930107746,1.0653624251174427,-0.45068879071716833,-0.6567080628239135,BAD,1
-1.7540992845052976,-0.760448648929269,-0.06177860958310054,0.5334934823530695,0.298832850730554,-0.49013021565396697,0.06812288243431938,1.477278082699985,-0.42543007211059036,0.729594515883899,BAD,0
-0.04992536963630441,0.49859063846983337,-0.6160831067182941,-0.42781789744960796,-0.5556613302081028,1.6194349577747196,0.33627704884262766,0.46627321370221897,0.6780748196243073,0.05708032994402518,BAD,1
-0.2601944514161704,0.1619856064590103,0.34388226682493184,-0.3852218563978246,0.46842717071867307,-0.749556567952703,0.41193007544202603,1.528118371701191,0.5600433299841108,-0.9555916805681496,BAD,1
1.782731581705496,0.7608268169755772,-0.31192518052089235,0.020702891435086784,0.6650351066082529,0.05014694661670282,-0.6905385390897684,1.0381991794228695,0.5037908776741866,-1.0302902049566052,GOOD,1
1.4501356271738437,0.8113195656116429,-0.38350437514484914,-1.2696346643148089,1.5135490443989075,-0.27248681876243014,-0.251140294043935,0.2970285332223898,1.3384093720028982,0.4540067130604579,BAD,0
-0.016419871656626908,1.0554539974954658,1.0230790853374627,0.13620382933092906,0.5663183613927927,-0.712059571388107,-0.8356487538915303,1.394945172444727,-1.4338952015703414,0.07894596324820763,BAD,1
0.9203031960300798,0.4982278900400462,-1.653647675321271,0.8762205759382334,0.3783599497304254,0.7472215474337164,-1.3646867801920375,-0.6160049172212161,0.3261595604118064,-0.6068104770936524,GOOD,1
-0.8877333957533087,0.19640398141050863,-0.7261888237624666,-0.3632866578420217,-0.5867116646895078,-0.28923528772295354,0.36352643580105926,-0.7825551167854198,0.8850359002698406,-1.2831869768561934,GOOD,1
2.2888161392256845,0.25099403243537083,0.5292508345395351,-0.630726096979049,0.9870128980615371,2.450417667078695,-0.8031848204559641,0.5108515189409101,1.1201536563211127,-0.4556741141848413,BAD,1
-0.38718871939492405,0.5774665227659143,-0.9773960688748246,0.10050261002709561,0.36854373509486976,-0.5046706447504594,1.4815091129689903,-1.618206573371758,0.5610681718014198,-2.9897143106684165,BAD,1
-0.7609937785270572,-0.2587268645814668,0.337462271008549,-1.1188795992235652,0.7475466691165992,1.0264671387861812,-1.3986398874490378,-0.6327320474224715,-0.18995220356971046,0.5241546857218993,BAD,0
-0.9997623224160728,-2.090411461212511,-1.0909470546960562,-1.03413027496006,0.5581406594754565,1.8986754061728948,0.9342885751100917,-0.7653877927773375,-0.36511775553352893,0.9055195417477807,BAD,1
1.7859128033349883,0.6045410441128497,2.302733491898259,-0.23884141157211639,0.9565978867319763,1.6329684716619202,-0.14435947918164846,-0.5588420448986725,0.47395882446332116,1.3695644331999777,BAD,1
1.3642913771581948,0.7922678901840545,-0.31260834980973323,-1.609297912900723,0.04379830132256778,-0.9146462324514152,0.21433978246855,0.5333232277750317,-0.6354802593632891,-0.05616754796862891,BAD,1
1.569639826475192,0.20439715572817924,0.1392487422423929,-1.4644127919813683,-1.0149260027189992,0.31567240664796714,-1.6789964985611008,-0.5748873076670521,-0.18894604913059093,0.3441471849526764,GOOD,1
0.9469650860049513,-2.4838415907753526,0.3384734979126575,-0.44627613879657246,0.012364283298007513,0.9483811595483165,-1.6407073191168777,-0.9371553036290572,-0.20049903659768065,0.4992278262282817,GOOD,0
-0.5055108717614274,-0.2161256040758582,1.3231673009157516,-0.5235499819402899,-0.21424248882921793,1.0767159004146616,-1.4354016935722071,0.8249538169909876,2.70971553668751,-0.991297529630981,BAD,1
-1.0665117618204052,-1.0744156964813634,0.7984908647287916,-0.36737001066172004,-1.0496335405408461,-0.2001926770546924,-1.1250193616579913,0.5968543012219993,1.4805811547396412,0.12874877898124476,BAD,0
-2.8571880197779747,-0.10728028024573986,-0.44870537561638507,1.1510664134141346,0.4856719074181615,1.7542308417626857,-0.1880892226032817,0.4271350148018505,-0.06317886998680051,-1.2645591937139737,BAD,1
-0.17257693996713616,-0.8954534915204111,-0.5254020883927718,1.36751357238788,0.27587248923595886,-0.08108139134530573,1.7276466280206335,0.5161019855303551,0.040069396825843526,0.19470163094303108,BAD,0
0.5680684808448221,-1.9427806708280833,-1.6254777016673774,1.5728050458117562,0.956678271742116,0.9076146533128591,0.4839252237987287,-0.2860629868249344,-0.8476484626700153,-0.03486774237507908,BAD,0
-1.4037542621870536,0.16207253743339511,-1.9606876192543525,-0.7600324181235634,0.3013222932431418,-0.3104890942108947,-0.7117314563296314,0.6089782728678366,-0.8396607535849331,0.10026154214418384,BAD,0
-0.8160365906890203,-0.8238444232908905,-1.912291534751263,-1.3904474577303096,1.4634963931616078,-0.9947178165275875,-0.1604957050808649,0.3300581631323127,0.48852322603876763,2.2651909397743752,BAD,1
-1.0214989343518441,1.0128309054283375,-0.031682501606970746,-0.4549417780763977,1.1420167828933647,1.41158739250078,-0.8685405667064167,1.212103537827516,-0.8137380604271761,-0.5467201676890521,BAD,1
1.9570674051863197,0.17140180701306393,-2.1721120368721025,-0.26852183445271194,0.7878586083647948,2.4168098589180893,0.5448332417022974,-1.5362177464727456,1.2767731775883981,-0.6906373104707251,GOOD,0
-0.6209782837355187,0.058938863088306453,0.9907461024696929,-1.2338462426473158,-0.6132472361471659,0.31932831302382686,-0.3657912622126624,-1.2688971429411138,-1.4550895692663044,0.8797816746808227,BAD,0
-1.9593271868154787,-1.294312021505595,-0.3997408420131578,0.10154730175285286,1.23666619306365,-0.11268154583545088,0.7738885395647893,1.8794194656517618,-0.7227297548660031,0.46600206794959353,BAD,1
-2.463850903236313,-0.0036145597914601347,-2.173197039800046,1.0605020936648721,-1.0498175898920965,0.8832106111104264,0.6829831171642896,0.17469383566026103,0.8683957845271586,-1.0253008013648197,BAD,0
1.2106941121859323,-0.52858425219635,0.4039119255163386,0.5192237149007317,-1.6096043702987832,1.243112409988622,-1.723221153288108,-0.917454589189415,0.3315265342018871,-0.47908522273270837,GOOD,0
0.5956725867680209,0.30118388742831936,-0.4240916612269232,-0.23123068767923471,-0.05426503890107029,-0.6364328361279524,-0.5466339927840098,-0.16828926460191823,-0.7225245120839034,-0.9382650294595235,BAD,1
-0.22212829528994468,0.5360843368013856,-1.1169589714292574,2.35413060571238,0.9669856611707169,1.6551870345060853,-0.5462305360849239,-0.6832546499453996,2.3872921826594595,1.2188792552193108,BAD,1
0.8660586704996014,-0.9619969376226621,-0.8609294632745114,-1.1539506814590643,-1.747694202423873,-0.3739525138341455,-0.6070486560037246,-1.7266694573053478,1.047609859252102,-1.7412890956853366,GOOD,1
0.36881589836500117,0.24087402352213522,0.2686342590394304,0.7828061233172096,1.4483044455631893,0.48091223969001756,0.09538083373902612,1.1023556813164734,-0.48199984571723264,0.3091921456499432,BAD,0
-0.6223524509837495,-0.045234696926173684,1.1461847477740026,0.7324366924976539,-0.6459640069490971,-0.12162780552595155,0.4226073391327581,0.5138425913282798,0.47187492213345616,1.0684807358129436,BAD,1
-0.48304390330365543,-0.2996501712572485,-0.1302399992375358,2.343960470551363,0.8209244542474837,0.7657947581074438,2.208309780638837,-0.09089318603327194,-2.0729050837064222,0.39828270054286397,BAD,1
-0.6008878867504517,0.09024913789624997,-0.5952195814956519,-1.415249206197758,1.3769317898350328,-0.95293831492326,0.12492437379456965,0.5689352167362062,-0.6352502148561724,0.7127301597374424,BAD,1
-0.7992533872250398,0.6781006727044002,-0.4828897447296317,1.6511555102896738,-1.8616891362850077,-1.0902043409525721,-0.1273494030145622,-0.17308969180991562,0.6057217082013145,0.2084541791704117,BAD,1
0.8455362916454318,-0.02996091657645613,-0.0932372942035684,-0.7911362644230887,-1.5227679728109813,-0.7223711610997151,-2.2431322247871885,0.14483201213718472,0.10566871045105211,1.1502989574197278,GOOD,1
0.10393913918071226,1.39141623326038,0.665809107581526,-2.0094603082421854,0.15746423886957758,1.3759398128221652,0.13068372371060297,0.6145062217246337,0.8843598192506692,0.4553852344644317,BAD,0
-1.096095373150145,0.6419198309087885,-0.6708088573728914,0.5858182438471058,0.40686493840221044,0.4968084416275818,1.65018226386318,0.22301933710230465,-0.49136382493682634,0.05363052872755566,BAD,1
0.745760565497259,0.9786397788073345,0.1967069448566244,0.4881869652369412,0.16128051430383708,0.8836097166072575,0.5166320768050322,0.3631764178856971,-2.097556421081006,0.982848654817261,BAD,0
0.6163787708298742,-0.567264199227475,-0.5917493922802777,0.9509784817289285,-0.06180775192267482,1.1240872143775,1.0468312699433306,-1.7169902718054701,0.4582677029091333,-1.7944277773735129,GOOD,0
1.4386150847892116,1.9559397767851645,0.8673756694769704,-0.06995831333497395,0.7387466220378185,-0.30086102974235823,-0.7534512119255611,-1.5392195844834256,0.027973531075672214,1.3315562302184707,BAD,0
-2.0803391607580695,-0.7985352171289453,-1.0632392960356605,1.8598427246390858,-0.42841941476748113,-0.25067726774193555,0.40295916125412284,0.20253412100647475,0.09289629388113224,-1.5287313564244471,BAD,1
-0.07343987727266225,-0.7487359206356843,-0.05100703061987953,-0.2842645148862235,0.692302328053216,-0.8366388703769867,-1.0428876841131536,0.9117608773538463,-0.6861494733999931,-0.15683040206126372,BAD,1
-1.3509181712046872,-1.1414320026771612,-0.9675739171843568,0.5596008772737819,-0.6206726383644936,0.47275177795321266,0.8856031470155513,-0.46077075090277203,-0.20164730417071,-0.5292891125577766,BAD,1
0.46327845263939355,1.9863630680659663,2.373094400105325,-1.116761784383515,0.9300335096341946,-0.6437516331614026,0.09990735206545713,-0.1630159746006458,-2.164939023661147,0.8916390748891927,BAD,1
-2.339214043668585,0.1608633944473175,-0.3497484872328308,-0.1473819027471231,-0.5441836825911999,-0.3877550019117013,1.8535689716660007,0.7361506031446371,-2.589017735217977,-0.36227566418887286,BAD,1
-1.7893155733728954,-1.6642906945102756,-0.5645822064369176,0.584459683921856,-0.4819209931277406,0.21588524424367972,0.2641962235841048,0.34885587375099947,-1.5741707270964256,1.5235419548736802,BAD,0
-1.1556412293533258,2.283927917903759,0.3590246467363063,-0.24504435141981995,-0.5994811259229769,-0.013031598218375687,-0.5229594244094233,-0.30451829400805486,-0.9468493422964346,0.14835509068293273,BAD,1
2.079883707341343,-1.1504492258966859,0.21954977571461157,-0.9696324244039226,-1.8432430153773656,0.6600327029913593,0.3030297968134754,1.0266822010183667,0.481065363703717,-1.9890725299618117,GOOD,1
0.2869921547630008,0.5199378830718211,-0.6397109103222005,1.1953106277045245,-1.2744999316544983,-1.4053697085923431,-0.5816099824879307,0.23560481406620035,-0.5115065807643415,-1.4894556899997797,GOOD,1
2.0404344714400313,-1.821877571565719,-1.4965641586908696,0.2518931104356545,-0.46079700760336084,1.181839644369045,0.035868494802565286,0.7475441928460359,-0.7768469803696022,-1.4653557498806293,GOOD,1
-1.8862310678290535,-0.33507726774338775,-0.9044642472525968,-0.3762317255620154,0.3469644889916103,-0.3237181255245103,-0.7888676438410296,-2.1960148220358127,0.8124835390293704,0.3078310726582163,BAD,0
0.397477976417781,-2.7109609555474905,-0.013999248343904766,-1.5322664757158888,0.16782501449546608,-0.8206291257651317,0.30592513824211515,0.34658418052129725,-0.11294271667659286,0.5922072981375945,BAD,0
-1.963921608856826,0.7414642505031996,-1.5267712501787658,-2.2613850894396736,-0.5840368753080782,-0.19284789432660554,-0.9042508564028003,-0.4377629328314013,0.9944874811700912,0.1999377557613358,GOOD,0
-0.6355987042775688,1.6243219820692403,-1.1824337754473628,-0.6862326271374296,0.43359081263073646,0.6045160006886956,1.40611413604992,-0.8131228223678176,1.7304947920864735,-0.1426028390205169,BAD,0
1.2148437570893458,0.6210331973010589,1.6064878912589202,-1.547653138023352,0.6546154015064007,0.8057328212680932,0.018452360526476974,1.5044689750814282,0.5227883798031545,0.13602517688263133,BAD,1
0.12689604901004956,0.8675902162741918,-0.6122453971842432,-0.41993985237002396,0.07606857816968789,-1.950819098171221,-0.3453469226720301,-0.1292998633575263,-0.3811245552126616,0.39299849591157954,BAD,0
0.9988159434877008,0.3997442718043166,1.0995531760595365,-1.1191797437041286,0.4255720464571846,-0.9515334425322497,-0.04155925304619343,-1.5522735144132864,-0.21146870984610447,-0.5048137468733456,BAD,1
-0.6878855571555528,2.0174681554091523,-0.4957666681201317,0.14960738182063477,-0.04904783764704914,-2.3164317225899214,1.1433498840115555,-1.2244852882505068,-2.520446817027703,0.5627770833677096,BAD,0
-0.7432652952281051,0.3799497897438937,-0.4101709244189446,1.7643728655249418,-0.23930460329293105,1.4733111949735105,0.5052063708541994,0.8575331663308882,-0.4743325512753757,0.36705901087819093,BAD,0
1.6419422695973063,1.2782809259321457,-1.1615600077666195,-0.6939707986990915,-0.1971977965447342,1.2131798147080373,-0.25361374926847335,-0.16085540464537595,0.3029511391017877,-1.3834681333239056,GOOD,1
-1.018422898307952,-0.8682778381621465,1.1242679284115122,-0.06695022125645421,1.4328539883018863,1.0048887132143123,-0.13934297389039405,1.4294726421953972,0.9520567155032506,-0.20988029857247173,BAD,0
-0.13719926800979879,0.4405352646781291,1.0009367532546174,2.5969032529492186,-0.653731317840128,-0.9972627779415891,0.486999373784897,-0.06794394339972243,0.3543968109174656,-1.022983457899086,BAD,0
0.11759179527948645,-0.47680481274718295,-0.03676628415920506,1.2993233258189818,-0.17933964488986281,-0.12027180386084689,0.40460056463791266,0.8821304432001259,1.7194905477376683,-0.40345671525566673,BAD,1
-0.051690986151386044,1.1909474628481391,-0.00744689952117836,-1.6738850063345803,0.010913422059093356,0.2497503679634149,-0.5609435868959659,0.24281127754798748,1.0486957078313062,-0.5277190726669334,BAD,0
-0.6286925700541092,1.8526378504733636,-1.4287376630737865,-2.091672012295925,-0.20540884430327971,0.42069367790500917,0.4888591290762558,-0.2769318482300973,-0.5942214379907874,0.659679341706309,BAD,0
-1.2497316944409949,0.6233083876984076,-1.197962066843837,0.21494875772232663,-1.2527817423494678,-0.4537988340633575,-1.5653007039931108,0.05985472150710117,-0.4774711404124201,0.7220838219621277,BAD,1
0.6855793290058398,-1.3045893144089873,1.134634945033353,0.5171481668846243,-0.2939175792101455,-0.6350925101247565,1.4236554706172386,1.7966957498169538,-1.3346540877496331,0.7477994235200021,BAD,1
-1.138147082615718,-0.19260835313146904,-2.0874149274473957,0.1856417611654872,-0.9925829467255979,1.8752310605878966,0.23470446694145639,-0.21725050795398512,0.01040751866785958,1.2830911488701036,BAD,1
1.0719384429743837,0.9653483222989644,-0.059931923260028504,2.0155906918696376,-1.8305227352845734,-1.7611840731395494,-0.08713049100563235,1.8720003869102733,-0.050768051134100205,0.8629106924531675,BAD,1
1.0566809898520786,-1.6653803335463828,0.013908541609507533,0.12505707712824363,-0.6687387083785489,-0.893486257762816,-2.0704113772582873,-1.6874676077758928,0.10030462419949494,0.3023614199639667,GOOD,1
-1.3548814028365126,0.20138929649534443,0.3116834796689309,-1.1950853178036587,0.3275800762123853,-1.3960834277591023,0.5592231470740653,-0.5693677900920842,0.7752575211172456,-1.7128854541244687,BAD,1
-0.30915394556386694,-0.6501147588951417,-1.4117069607706274,-0.17877515465257204,-0.8246582833996507,-0.5346082197276413,1.1494577181510288,0.20670476755087983,2.2173982476186604,2.23153796529598,BAD,0
0.899863006716339,0.36534722007922676,0.8699802811581214,-2.1045284950078282,0.14107113355758377,1.0928779540288405,-0.5761115806864201,-1.1327966463424002,1.8379042745133092,-0.7204328942993711,BAD,0
0.07400990024252123,1.0338684684902821,-1.923207396145135,-1.2232018076281272,-0.6326843391993582,-0.7746857380111909,-1.0665785066856928,-0.13107368233940095,1.088055326622151,-1.3803262517749644,GOOD,0
-0.29689726796501104,-0.14314009393019608,-0.5051714858878431,-0.16663648190636174,0.08498720808120817,-1.0506697718896976,-0.3532476688240942,-1.3972040726571229,-0.7691393206386193,1.5591515492006294,BAD,1
-0.6228818523345712,-0.2738400440898577,-1.2401599296699373,-0.004484822455838375,-2.341822769980178,0.647405877688538,0.5977742356255871,0.49871243445235913,0.20079396311978312,2.3439721315919786,BAD,1
-0.7046053815981803,-0.1351382703173231,-0.05140413559798792,0.3522865845517926,0.2970819581731071,-0.4581644304837509,-0.561989684708746,0.05757992091960765,-0.4520989081272182,-0.0036164172497979035,BAD,1
-0.822058247858661,0.6046794593861138,1.0569396123892094,0.11195208070256824,-1.4034828790613818,-0.27870306792759486,-0.6002917383862346,0.2218065573254171,0.8246237048381175,0.21676101755587615,BAD,0
-1.1017902381870928,1.2397057260667694,0.6644005161876012,0.8413595325914279,-1.1024347314402778,1.147098314479576,-0.9033636344029479,-0.38886147644433905,0.47738250812650146,0.5768672017947887,BAD,1
0.6561394846838098,0.3518555093640194,-0.18950984557936545,0.35034004904215676,0.7189855467255988,-0.13528621429989596,-2.4814022670684004,0.5028330627987275,1.4040371019855158,0.8867712604792958,BAD,0
-0.3215393668580473,-3.296130552774174,-0.7716023383140111,0.9537383155457619,0.5351162370462894,0.6553680332370898,-0.9490386683177571,0.42174263859792416,-1.5281264490841309,0.6704671052253305,GOOD,0
1.5014161873806187,-0.15396622862719142,-2.9269730754945176,-0.873929054857347,0.5556405744046211,0.01845994175197266,-0.10149436569601165,-0.31721921165340927,1.520880840393391,1.0372240008306068,GOOD,1
0.22185246933477534,-1.4007223314639088,1.0803077671870986,0.3576459749284303,-0.45018579522469027,-1.4931294613634445,-0.7616184374545106,1.1558513976418527,1.1601202633862593,-0.8582813637765564,BAD,1
0.826268539863234,-1.5637744902081256,-0.45092015660771617,-0.9152974488229794,-1.258289360268736,1.3098440210442184,1.949675722257772,1.7539068573231462,0.19915488739687537,0.1645766907784746,BAD,1
0.5355482685704384,-0.2927382823746789,-0.3521498941554456,-1.5458096788043372,0.9355671658953861,-1.8334905422304066,-0.5594507645784053,-0.8187871021923119,-1.1891726978540216,-2.4235328611150058,GOOD,1
0.03924250030412454,-0.31912305529153484,0.24462999574923544,-2.1343870803994145,1.023496624361099,-0.9603790149369076,-0.5198046938544038,-0.6159118550189309,-0.47771153041917014,0.7292239604875677,BAD,0
-0.0765026745548179,-0.10248664907954469,-1.1355424428517997,0.40675784557366357,-1.805884733952807,0.8383993752825637,0.9198787495127501,0.3838678758062831,1.2370927404685863,-0.4226811672413063,GOOD,1
-0.11973262804837403,0.41297345228029814,1.4042404073006733,0.744337699257546,0.9389292737835762,-0.9524827933692338,0.33053885796529736,0.46593531560705953,1.0049181627122936,-0.5981558104646235,BAD,0
0.11978683104679692,-0.12202074951670663,2.136739130450346,0.10091686271015052,-2.499097340594818,0.19423139140775028,1.032085060615129,-0.556409985108115,-1.1323592199281738,0.969588362822901,BAD,1
-0.671890426501051,-1.7965391088493368,1.6678045191401625,0.4818757838309594,0.20833736840609365,-0.07904142819455691,-0.9493877938331863,-1.2708150902468063,-0.2088522030304607,-0.1462507971815087,BAD,0
-0.5696143253297697,1.4723267127562023,-1.1503555947338744,0.09487333734496053,0.13549657156526906,0.09489212636138862,-0.6368716508200946,0.41208677315469594,0.16746216358552646,2.083186468410286,BAD,0
-0.6007078610268884,-0.6698635910430258,2.44355487808406,0.7017326558867175,-0.8936396685879187,-0.04594790370813709,-0.41138619929080106,-1.3602571723547008,-0.1390409723390282,-0.807182270093114,BAD,0
1.4750070005115117,0.29881744302972824,0.6945854774485951,1.3362872175525429,0.3292876704725177,-0.857495013231733,0.6666280386486148,-2.4435073364167565,-0.016597057393045837,-0.7581347392055672,BAD,1
0.47300872792256266,-1.435598395035412,0.019242528643316457,1.5253684992755399,0.7759957281600336,-0.5545359832267427,-0.7040363704874004,-1.0797725943328687,-2.5796980184742235,-0.19225576196708796,GOOD,1
-0.6184016224407117,-0.8411430119197401,0.2445215301578297,-0.612350688124772,1.459537448552474,-0.6658927269766217,-0.6472626178052105,-0.31572592342658423,1.288012873472117,0.2951946200331365,BAD,1
-1.4116654555968464,-0.9821475250120093,0.902545549018653,-1.3479948294017825,0.6463078799184925,0.7342051173756323,0.1867843072433832,-0.08811038873720721,-0.17576651766079948,-0.10861536256543515,BAD,0
-1.5117208154636401,-0.13290095707183738,0.21071571429147715,1.126442562454347,-0.06042707368646349,2.248403368986554,-1.050565476986749,0.8977401004361466,1.2200278914607583,-0.9376499163747184,GOOD,1
-0.42540671652487777,-0.4816541999287264,0.33403957600816575,-1.1209157452999086,-1.0218438887796093,-0.18419977905708113,-0.10842671741752104,-0.6776315733977093,1.1305258466003052,-0.006243049392476515,BAD,1
-0.4712018033149353,0.17132950349527576,-2.2540300813736596,0.026949462831707637,2.7405486564698,-2.048805392669028,-0.8736441002194044,0.5656039913464007,0.5822958019770578,-0.7482136963159345,BAD,0
-0.27308272890618107,-2.2419138503144564,1.289567588046704,0.3473196085685863,-1.1051028147887774,-0.594278053567831,-0.5552504522998835,1.242623395097825,-0.03121855238940498,0.3099024603707671,BAD,1
0.74513099285262,2.235584995575608,0.7653159175171458,-1.480741249706741,-1.015855283111887,-1.3330028685248647,0.9508353571710172,0.12885500598891753,1.7162432155070453,1.538288683836591,BAD,0
-1.2842720250568675,0.09458333075440659,0.18510125056770174,-0.35413139479863853,1.9286498650293284,0.16822430537757974,0.575711995339568,0.8648592470767675,0.7482428285628915,0.7247592268552794,BAD,1
0.39017679564442737,0.00783190487070621,0.04921027703560995,0.9430221611235076,-0.021533955491652015,-1.1827576850439705,-0.9378355647017544,-0.3101323506950704,-1.3170566478727048,1.43404146686876,BAD,1
1.0821321523455818,0.4121615613264977,-0.5193552667598695,-1.4156820078859114,0.9118497340179411,0.26907868093771703,-1.701247564648804,-1.3469035364560855,-0.6775177018913617,0.8670644941917673,BAD,0
-0.6801899956813112,-0.67551355135522,-0.15041806176542813,0.5686508467746322,-0.29283162648499167,1.7184666655726601,-0.6216652741820017,1.5561209086752443,0.053649229341378314,0.9348310568457601,BAD,1
0.8631144050837796,0.9678445564452979,-0.20789173628202162,0.2525517228350878,1.1968923366185236,0.04293862287874916,1.7229234141800416,-0.8530130086546931,0.3938260985947388,-0.025523145689121278,BAD,1
-0.3244014107918286,0.516895947402725,0.9963524979617213,-1.001731260807893,1.3788605707549069,-0.24560659411907365,0.6893566435323147,-0.3606671074851541,-1.0407966086195488,1.9383655352592044,BAD,0
1.8376221911582944,-0.8833272307140881,0.6063772508010074,-0.7953079813354157,0.272916079193517,0.7366991590761723,0.2996412172173445,0.10896758702883169,-0.4156584857478794,-0.6954969678670795,BAD,1
-0.23562218942278423,0.8914179121376792,0.9463707311597579,1.233359658450848,-1.2647210850140254,0.010331177290651066,1.449187819376218,0.5346213005420171,-0.5931771901089068,0.2782534259776822,BAD,0
-1.0429750232117774,-0.63572782061937,-1.08582280377804,-0.09267889240785089,0.5952457429031048,-0.4949203834842666,0.6287186913687546,1.228877395000289,1.229795235397619,1.6007509483921138,BAD,1
-1.1443020112920135,0.8171008342153574,-2.5933139554102898,-0.5618595570202003,-2.16924437640392,0.3015323871037175,-1.1678032603933608,1.2206825439824622,0.4633246503297654,-0.13416055431979731,GOOD,1
0.2609857416168937,-1.6694385155301865,-0.9010290781465458,-1.1464863877045621,-0.39225251298892905,-0.3777473896432049,-0.6415804243182507,2.1538975230491593,0.1939305512193487,1.5384591051665526,BAD,0
0.040531478218064174,0.07866805006247649,-0.6562222729129857,-1.027748002758909,1.164370004322124,-0.6931361764380087,-1.4330587391898288,-1.2550146673811533,-0.35787583132004613,-0.972845596960032,GOOD,0
2.2240009190232297,0.7300442098890249,-0.20515690004235693,0.5326272584061871,0.9108971152002162,-0.4692804409874437,-1.5841539702848175,0.544849933240847,0.2547804732616966,-0.6257792947079514,BAD,1
-0.15027961742942167,2.1625708477375567,-0.9488964398301645,1.3502225207965175,1.2522537436715795,0.8079899262827421,-0.8081783931279517,-0.1542653827909136,-0.7667273125937345,0.4758856321140266,BAD,0
-0.23824850159926894,-0.43323601360677777,-2.555589265675255,-0.1822286466524576,-1.0565598993432908,-1.2269639356793174,-0.42798894285111555,-0.4504749991833669,0.0901097619168134,-0.5557269683835163,GOOD,1
-1.2888364117204918,-2.4006220136290963,0.9636740794784426,0.2679100441206612,2.301705890775423,0.5633964118343507,0.3952719538732997,1.4559132043486156,-0.0873850057733116,0.7884929772649908,BAD,1
-0.5339932631057338,-0.59649143322455,0.3167760418380928,0.33313105801407544,0.4950318591845305,0.025048319158709906,-0.8303040349187025,-0.5776079055342982,0.015273074447413892,-0.9499042878037114,BAD,1
1.0103266207046147,-0.6422883772995687,-0.036925566971267886,0.15262775862403985,0.00210340774942814,0.016211711243649927,0.6504378362543178,0.31423492338338005,-0.4123644002090966,-0.48801813187962956,BAD,1
1.6683898258615604,-1.0937764578086964,0.4732358244973508,3.607548538436092,-0.5753079682716725,0.32665101846158356,0.25923661357419003,-0.5960111105681306,0.8507033121784859,0.39719197956657964,BAD,0
-0.42079265044962305,-0.37743906252551784,-0.629998505099992,-0.6435247461712973,-2.549127201615658,-0.7740154676871629,-2.1384933294218555,-2.2032362202571636,0.6153464468886746,0.3531330517234265,GOOD,0
-0.6818067450010755,-1.3053155801505674,-0.6909994379846341,-1.6104825252539952,-0.3100021116644272,0.6722417496439034,0.11855745260836283,-1.3736874299283939,0.1369393816971788,-0.1340658570763566,BAD,0
1.3955563134495224,-1.5199408031992734,0.46675760243885006,-0.36784571160449897,0.6921403271993046,-0.3532462722219399,0.6311649770727649,-0.08317995986441688,0.5467801226591721,-0.3390087794693023,GOOD,0
0.6033918378098042,1.3389362131692273,-2.099565756272531,0.21965237600885054,0.5391860763248044,1.1961482693883723,1.0083577958683414,0.0633323033097736,0.21191097210301765,-0.8523567021251911,BAD,1
-0.3123083171903236,-0.5507552201670513,1.0621547822344226,0.4481729362604333,1.352157463524484,-0.7386937748551006,0.11919635503778404,0.9408530359180014,1.7078815284715618,-1.8857366982675827,BAD,0
-1.3701112405029419,-0.5417469748104871,-1.2973936778754862,0.2894576342475258,-1.4851294221836162,0.5666563033460031,-1.6345874553968056,0.06986415651672889,-0.6183172948356355,0.06319033959043663,GOOD,0
-0.2954861806965418,0.324376287765653,1.3581909182747518,0.9785763973740217,-0.13404898278058525,-0.3223993603474166,-1.9302422592929152,0.25818139388482364,-1.26853898938771,-2.6852345423498263,GOOD,0
-0.4611417913829257,1.4068372290067181,0.28795588339967165,-1.717197446373765,-0.33706658204916556,1.1681706371030467,-0.5607589416547359,1.1259844227527773,0.2037350779112133,0.9059759049104609,BAD,0
-0.11974424012461901,0.48315380975724215,-1.083365701285297,0.4730876305012058,-0.9902756451868945,-1.7518557020394847,-0.15241986041586095,0.35028905157684115,-0.6495798817075048,-0.02188040863310749,BAD,1
-1.0255236656212807,-1.0408748757381492,1.4785487082312436,-1.787029141388603,1.3180494455978866,0.41757356891462116,-0.34592390862358696,-1.1985320900571255,-0.13207685851367928,1.265399658930306,BAD,1
-0.18834358768569762,1.3182023461906627,1.011550265209771,1.0505277082215845,0.36279185061247826,-0.6383822685333976,-0.1839024671930798,-0.3645548845461278,0.014925418507982232,-0.017192673211745124,BAD,1
0.3436718782715583,0.01867218631392434,-0.08329435618316361,-0.07212857948830455,-0.9986997213642244,-0.4227554583750629,0.07025068483169278,0.9952213580636659,1.3324378184080834,-1.6735241975366995,GOOD,1
-0.26661866697827774,1.9342805749172713,0.5925017558770552,-0.28672101166463865,1.3984173012360308,-1.5341959216903858,-0.04521741316750375,-0.5155451088188049,-0.11290835167587623,1.6151046674874514,BAD,0
0.12455968866702744,-1.0466676736492546,0.4041954004483477,0.22236037235236134,1.7141128771492127,-0.8432859534245493,1.5526995546549025,0.2241368777825587,0.9668573721518603,-0.5053628762588999,BAD,0
0.2790329032938998,-1.9747651366902716,0.12791983048735134,-1.2897275936871497,0.1277529256341842,1.6313124609213747,1.1768506872207398,1.8508105427520407,0.8741970132783277,-2.0331005230147348,BAD,1
-0.7080352463104205,0.43792917158115424,-0.11276113328666804,-1.129311012678343,0.40521211614830405,0.4421277193798785,0.4000722594840503,-0.5856089675041755,1.6988946237244327,0.03929992085215214,BAD,1
-0.9933388045424537,0.0944969000979073,1.2155872272899741,1.2650879211602697,0.6990174566560909,0.8942901650933238,-1.0432908026980923,0.4352323735805811,-1.2558582951387174,0.04643655287952812,BAD,1
1.2509402036401847,-0.5161463453807614,0.015342017145772624,1.0279572838165023,-1.6000513159700989,0.1003628677433723,-0.14344033553483523,-0.07067546008753053,-0.19832738408444403,1.3784871065657154,BAD,1
-0.42183969496914175,-1.9837233482406789,-2.0442189236181467,0.7673521176358687,-1.5860306380122917,-1.382047530138765,0.19184287279213327,1.0956575264295165,-0.636707867703229,0.5395292232709816,GOOD,1
1.549244975726447,-0.49599347580214453,-0.8095523714322491,1.1375088644555271,0.5674097596648602,1.8444194216971495,0.006059407221647702,-0.6232533509986871,-1.090631245144784,-1.3160870585704756,GOOD,1
0.1394490109565291,-0.5317712690273511,2.3222585881500803,-0.23356651449028362,-0.8596734258074521,-0.16800962786022414,-0.05610554218631262,1.5346632035953578,-1.4818428419004164,-1.836416804414095,BAD,1
-1.9946213980598555,0.29614466215948,0.7475991395725895,-0.5502267848580864,0.01579897708673911,-0.2614313019407058,-0.4564774354937262,0.3857418052702824,0.8021283637391908,-1.160044948279407,BAD,1
-0.4946552556583511,-0.9606136878027824,1.3075359413863146,-0.5796585101920397,1.205216154047756,0.0639859175454788,-0.8548885307665643,0.08402416462823546,-0.3420446454773347,-0.44754827365009914,BAD,0
0.7025707915905115,0.7692594718906571,1.3819830130106923,2.054925831640698,-1.2398353081544184,-0.45970041359091257,-0.7744853819557733,0.11357764483776897,0.1325623341448823,-0.15299915896741703,BAD,1
-0.8338434013967894,0.032878757036111726,0.6596974235041416,-0.321968363487796,1.153299953334158,-1.9088091294469203,-0.66557350520794,-1.0601159201640722,1.5867509577437264,-0.1733508669867768,BAD,0
-0.7004719728661427,0.2865999527317971,-1.8122672591932343,-0.5727879522330417,-2.1323179188863848,-0.06934498185638843,-1.2251546073698147,-0.033949373421686,-0.1404268267520514,-0.2805672830663517,GOOD,0
0.5140030843107561,-1.8811824765902538,0.36836336945878034,1.6794708432142047,0.9062437861142121,-0.01564907974020152,-2.021706959190433,0.5782992791619678,0.28357717797083454,-0.5121840688232971,GOOD,0
-0.5134952154721115,0.0598811659809033,1.4150370181418384,-0.20670815651650543,-0.8947886407975283,0.8464392889890892,0.5944561908844752,0.010936274571016966,-0.8860353538226109,1.1164161306466176,BAD,0
-0.7415560428834507,-0.5231694393042561,-0.3169394781708788,-0.8641532151152967,-0.5323078410239296,1.1791954714140411,-0.753366091107408,-0.31460276098035017,1.2589615052182677,1.6171545911066565,GOOD,0
-1.8498332689296797,-0.1209616583509714,-0.26989817457917037,1.4380684726544928,2.0101768284800907,0.4506166951139491,-1.1077049787474724,-1.3758701534154958,-0.8660334467690987,0.5766754909509955,BAD,1
1.6322562834090333,-0.21433928244226844,-0.4338423459932184,-0.25346056080825713,0.5853968107594363,0.09984474320417648,0.43977897828230406,0.830377697646805,-0.1886101064002164,0.12412756218166253,BAD,1
1.305351874130558,0.12794658080259727,-1.7701953096625147,-1.3635483039082823,1.3186055488237491,-0.3441871833668735,-0.15699029287586735,-2.042028522115159,1.1535699473132484,1.622416448698693,GOOD,1
-0.5776477542114163,-1.158310064209331,1.9523830911502806,1.6219609187052884,-0.5046551569459673,1.1640721688772633,-0.032906577599082575,-0.6005123286493204,0.6472663147404094,-1.8644468738336102,BAD,1
-0.08499182424809545,1.6738639424191857,1.6591653597134686,0.5221305685366245,0.608475721733523,0.09806657927490312,-0.9436871007255423,-1.4354957755006168,0.08428919594561422,1.1323003360353536,BAD,1
-0.8942550694398468,1.1605025385159569,0.07252993863687866,-1.9292606600681574,-0.2944178425950895,1.5898211003212481,1.4055627834249558,-0.47434327527257547,0.1222940226585388,-0.06521609213034527,BAD,1
0.32063467810173546,0.032804241521455946,0.22082611113471848,-0.04942561258038336,1.2920685730728503,1.303957957486126,1.4393531470084635,2.2588977822907874,1.058888665116617,-0.20596649045573176,BAD,1
-0.567904667076071,2.471327037822395,2.325665699855469,-0.7309663393107936,0.25202655567919086,1.086385576302757,-0.03344564294524825,-0.6211907240358544,0.7854260394204648,-0.9299839635122567,BAD,1
-0.3502984255750609,-1.6420175708594191,2.550329064874172,-0.872632458834955,-0.9965132420870889,1.1592925835673789,-0.1990335847294653,1.065728939932168,-0.7365260411571066,0.047095311339280806,BAD,0
0.29401853446488374,0.5585395101175838,0.39534009593784925,-0.8303120180976216,-0.4649616454796309,0.048178070324133015,-0.9574765088524261,0.4485870181263519,0.016855192376386555,-0.4751068690615891,GOOD,0
1.7688589086535393,-1.079866835048213,-1.0507182826603256,-0.406188750468426,-0.7537952491035478,0.7592119613230669,0.9998362352658217,0.21608698887621428,1.4497433423124964,1.3661016686012795,GOOD,1
-0.9853074509487865,-1.7442911378708186,1.2216103511598746,-0.464272135171669,-0.6426826964723183,0.07009992666880686,0.2980923475709569,1.3933063353589716,0.7389489712477513,1.6587934965803472,BAD,1
1.2986330575446154,1.0244146602979312,0.6910277034026352,-0.17213399696292775,-0.3042954778730369,0.8046327589463023,-0.9512697804314303,-0.24732654051373842,-0.1989363166004572,-1.339250036359042,BAD,0
1.1099630245555614,1.8294681930320904,1.2967323443788255,0.1968513696577552,-0.5522515554087679,-0.5564576090763509,0.30328351326634023,0.1299053743726792,-0.4281471800656674,-0.34506189026092754,BAD,0
1.2558747535299535,0.21586208522850417,0.04042030814458975,-0.8928072678540286,2.052763902310082,3.5983938430401583,-0.2621012310938296,-0.22175236478882812,0.812239960158934,-2.011830399505359,GOOD,0
-0.26456743565236224,-0.08770998592233006,0.18327214998244445,-0.8545034965487819,0.4432894234498244,-0.03387932587714325,0.8317568830682521,-0.9820096947324785,-1.100738350398984,-0.744255741174006,BAD,0
0.34716626765833053,0.2374539559178818,0.8754273508130327,-0.07072199186162628,-0.5737220069487405,0.19139604593841475,-1.0632397964101739,1.6604511486306985,0.49156886890995916,-0.040148633629143664,BAD,1
-1.34156900912614,0.8021128022769168,-0.2271053481612444,0.2930270621613845,-1.0593342453430152,-0.3431335263284558,0.13944258309315968,0.1580104453380556,0.8040375000054396,0.6650990807704555,BAD,0
-1.524979700701768,-1.326959249227764,0.6636507773226324,0.13337051117837267,0.018506098694848223,-0.7243337137061018,0.16124737579642795,-0.33060396137686326,1.1977283577895146,0.10218430761484573,BAD,0
0.4736258602376269,1.5419045438207648,0.3697438237594919,0.15574334922791608,0.3150607085534235,-0.8714123591131574,-0.05655049125104192,-1.304212333227134,0.9460909061518556,-1.1611437452028714,BAD,0
-1.2731304256682243,-0.4659461785507976,0.6394248109005058,0.4947489073063859,-0.5459180389373179,1.9197058834730287,-0.5573785728833437,0.986908122042532,-0.397575743297212,0.6094810583054969,BAD,1
1.7562493457027213,-2.410976695031357,1.755222230701006,1.7424671736671595,1.1123238890552583,-0.38044556695924503,0.38057187113761004,1.4360253697871197,1.3899963819672836,-1.2946949013586908,BAD,1
0.43119805817781837,-0.3046376428381215,1.1216820056316172,-1.7787497619425177,1.4019641684757054,-1.084014859844363,-0.8839053954043018,-1.2175410929295072,1.2942951063599972,0.31218869128693577,BAD,1
0.18393726063612012,0.1713276905338534,1.1785866838472794,-0.5876595397161041,-0.6073875530424686,1.5781692863398622,-0.029026767744991144,-0.01891527758735702,-0.26163257330371337,-0.5881296458474509,BAD,1
-1.063647378853321,-0.3651988516493986,1.0047996882371777,-0.4390374568432064,0.4015039446196619,1.0404992344032555,0.020479406171713562,1.4521857826290903,0.1213646122009869,0.32864422951733824,BAD,1
1.2187507234917674,0.605631872038726,0.6245473336623368,-0.9481831308789167,0.24369885694472404,0.29277262212682603,-0.022776711576683782,-0.12525266113803923,0.2754861328399685,-1.103440982811206,BAD,1
-0.7501726475929226,0.04474056374962631,-0.9626954836568389,-0.48572164630174525,-1.1123573587281175,0.17648585911636283,1.770523350312666,-2.1875408956828597,-1.4183647429965367,-2.2431545516334586,BAD,0
1.8843182266130956,2.3070545197634242,-0.7706928543336414,-0.3495510760649561,0.15550529550378123,-1.4939525891522776,1.0487482293912032,-0.4324158483547359,0.40300470649173625,0.133894646379125,BAD,1
-1.1661110769958414,0.43357110968556045,1.9833674743734222,0.6238806915255605,1.9106311300954266,0.7280346433638629,-1.5516409768859387,-0.15870457405459823,1.7373440407238674,-0.7662159499832465,BAD,1
-1.5467388585556139,-0.03243932368007585,-1.1680310845091748,-0.792045172792569,-2.1954503629940367,0.0033765114601191056,1.2874156284600138,0.8026976491668647,-0.9777089779818899,0.7259110371803382,BAD,0
1.5991258241581456,-1.0805407477407187,0.2144243064363301,-1.9060817440704247,-0.7653397310553944,1.3814276283848104,0.5754852551805143,0.37209397772520364,-1.4997107654977766,0.904071149789028,BAD,1
1.9592125167515966,-1.3890667363777103,0.8678432820682874,-0.8734777881083848,0.054394611457443086,0.03263360071598065,0.8803458495778594,-0.7783781402448626,-1.3626332968128654,-0.09415210397040233,BAD,0
-0.5421695088664404,0.12345305591916024,0.2623638156917268,-0.5593123644687003,0.8683605771184877,-0.33518285402607084,-1.4402654054530697,1.019453729323525,0.389736918995581,-0.2719919646341013,BAD,1
1.2968542699156207,-1.7019922394681637,-0.8937585760108346,-0.5411114011123064,-0.14820016806322023,-0.5666648491202971,-1.08764719125518,0.2434239689496671,-0.8676321237625066,-0.0245627564789182,GOOD,0
-0.7787472985002192,-0.3427242295567555,0.7015127559028357,-1.747125109288413,-0.8918031185997058,0.7856544373933443,1.2469796781427587,-2.304800841198688,0.06534358624810958,1.8214910479477544,BAD,0
0.5547467035759589,-1.1199849836581621,-0.9201286920611945,-1.1928825569480324,-1.2892345813624873,0.6494215260847095,0.29895347094083957,-0.8496909200345115,0.14389370920805764,-0.5164652771260001,GOOD,0
-1.1153129682534755,-2.0315124881966145,-0.552890756142232,-1.3649183634795694,-1.0278614600067164,0.38081172264985047,-1.1123145598097444,1.6499060152073668,-0.4121849892561876,1.521915195681259,GOOD,1
1.50810218462321,-1.1867874016255084,-0.3847556055084846,-0.07854564216774333,0.1885086443013427,-0.6481942743388645,-0.5722847658398614,1.4119551356871662,0.9619466941984764,-0.6990633759434747,GOOD,0
-0.6882529653057184,-0.886831377168636,0.8324099761692642,-0.060374110534191186,1.9650416690027994,0.5464308573161188,-1.6796376937582922,0.24048951467944837,1.7381186740569436,0.3158401900932152,BAD,1
-0.3145629125997944,-0.260626487260837,1.676211989911627,1.1659554224615825,0.5788868935782449,1.4490772180568028,0.1506353970500739,-1.180085396180622,1.4574422607952333,-0.5213430729536871,BAD,0
-0.600237404767562,-0.7129176424421861,-1.425415844268031,-0.26544506212096536,1.2153069319820624,-0.1842932388699191,0.20132757472347174,-0.24078464336068395,-0.7867475664928327,0.5916148960748544,BAD,0
1.0703692767597461,0.18901552582546985,1.2526637772868077,1.0364219204720246,-0.11623137439265625,0.3055196356107044,-0.24238156219625331,-0.5241396532196678,-0.012560579544165083,-0.2740960274406521,BAD,0
0.5027684341894663,-0.5019912840890766,-0.3424798798172584,2.639372696229177,0.051758890554751115,-1.8456207968858986,0.33081759836131447,0.6180854145025256,-0.5040571799980541,1.644284414255976,BAD,0
-0.8043844065756117,1.3211197979192708,-0.885978450872222,-0.0724538111393113,-0.855457891741155,-1.4677877403168498,-0.9532319856517135,1.4744694962121543,-0.30373251505794524,-0.039379457706881414,BAD,1
1.9936866634194297,-0.2818550404492536,0.5942582373357296,1.4967162039410258,1.5816178596564237,-0.03554218420277894,2.3453824300014663,2.1293398630543674,0.6458571922212035,0.020943378800754264,BAD,1
1.343223132137568,1.5363378548013504,2.0082493861727957,-1.7092564869493605,0.4326854789478291,0.5596917277175592,1.3349702915453927,0.9906781954753859,0.4581837239906109,-0.812236432040065,BAD,1
-0.4613074853199448,1.5861968538614697,0.43812332773261536,-0.4732637088959239,-0.1288326965756619,-0.832455015646541,0.05243480708923415,0.2505860757923425,-1.0914176992016567,0.263435689447977,BAD,1
1.3488876714368574,-0.6785283172250924,1.2245507465466101,2.122948316227851,-0.5086556826154319,1.6483465071043986,1.3305362566700079,0.4701807670087911,-1.1988726095103897,-1.3911079974243428,BAD,0
-0.9205473130962156,0.8981333948830105,1.5429901829184336,-0.0769902106538915,0.4995074597455566,0.03054060182304753,-1.7062042597637215,0.6867570911745747,0.22396122973911667,-0.5428129271857954,BAD,0
0.2034153601963599,-0.7044969573784079,1.5598616851517169,-1.7773988396218559,0.20104340287772002,0.34666119586777094,1.0221472998583978,-0.19276586822013886,-0.006508955944207746,0.658332521944269,BAD,1
-0.029863139280089695,0.9007887505228013,1.5167056124083527,-1.3838397678452374,1.099893481294804,0.831463332098763,-0.985493306705625,-0.1030989123517772,0.607696138920052,0.23247307684630564,BAD,1
-0.48730720589514337,0.04646692460595157,-0.2066516851200106,0.19661078485553546,0.6575408617099591,0.40793736775046463,-0.03355197230232897,0.21176903173501657,2.1189746133099945,0.6525756555798781,BAD,0
1.5143061523456383,1.071401077570454,0.20985165418797141,0.6781660092148007,0.0014112795821029302,-1.0221356275341953,-1.2392914333739793,1.2422591379256673,-0.17465799613889976,-0.29025067216888195,BAD,1
2.217098386075228,0.2856806215692316,-0.9778473024999514,0.5176327104687574,0.9073809565882521,0.27405327424128256,0.5513255876588031,0.755040130752137,-0.6726335456950449,-0.9720806063968506,BAD,1
-0.5586772806689456,-0.3068601159543613,-1.1030253002872894,-0.559824213004784,0.8877559314604085,1.339525519278305,-1.3983440331303534,1.563464747183496,0.8854249759386341,2.4197685303530574,BAD,1
1.8288785926308624,0.1375812796580888,-0.04944833436381851,-0.07608279805359658,1.6952663844820994,0.08527499571063826,-0.7239237658629231,0.5152210584748975,0.028590627274962976,-0.443450430887262,BAD,1
-0.2247546073765636,-1.3777478251233466,1.7033241640339856,-0.47064185923209334,0.6476182050457463,-0.287150885550899,1.0346362090039454,0.741298966605633,-0.43952231344752074,0.1818954536674849,BAD,1
1.076332093722267,2.0309852373806514,-0.7055200196386701,-0.23232875743482317,0.6454352398648392,-0.15760125916064846,-0.7626317457727992,-0.6245259931028523,0.3474934981788879,-0.17058248965940664,BAD,1
1.7045128869556203,1.3902138529551313,0.5865035033614939,0.13369702318155288,-0.25898490586496903,1.6047917250901842,0.555101195090077,0.18592161667530147,1.3496602424563509,0.5204902089387459,BAD,0
-0.11446269046990384,-0.31215857666362185,0.47504017752896915,0.7268737001789797,1.2689212984920517,-0.5565555149595719,0.5231496551408091,1.0612245022575382,-0.6272032352422069,-1.714503756512779,BAD,0
-0.02519468344350439,-0.2234624879559666,-0.3085299712448087,0.9157332322180459,0.20820935942004717,0.292583359517195,0.6371024408673627,-1.9325095154608327,-0.25616890110742535,1.1473733214882047,BAD,1
-1.572087364484042,-0.029054029965660158,0.4306921353139873,-0.4153559716519899,-0.2894130822652115,0.5038351687486534,-1.6390464425529978,0.7542917614592808,0.11522029241948141,0.29353507756741026,BAD,1
0.36613616306326935,-0.6606912573365529,1.7880513541077157,0.5090593172822795,0.9799833782839577,-1.256697802380153,0.8562408902150028,0.41516735409638367,-1.5574009815346956,-1.0936767425951681,BAD,0
-1.2964415667445164,-0.3457529734518126,0.3114997309346234,-0.39718232420030397,0.25361648572651097,1.3076341886646836,-0.39258290014316893,1.3238491335585614,0.38472043966312547,0.16448613640877663,BAD,0
0.2294713057741151,0.024060545721320107,0.4538879745611397,-1.3985395978140314,-0.20622566974232429,-0.44809836488622423,0.4771598642397802,0.057249863889214256,0.2747443101834178,0.9319226740630054,BAD,0
-1.485818516167317,-0.23996043481373294,-0.14140352565250805,0.29680805606985966,-1.0290919619694556,1.1184921567167454,-0.5924248224930975,-1.904802224062611,0.06899398801193876,0.7878419237570538,BAD,0
0.37930418696288193,0.5487888731217766,1.4836089394081153,0.5152106209957292,0.7684191014281674,1.519228012128908,0.8413971663492124,0.12610385877768548,1.2830204371088718,0.4976227610740062,BAD,1
1.4764733776041286,0.23360614329784216,-0.21750851125970821,-1.389425724640943,-1.0300065187568845,-0.5722537216787531,1.4599737070726582,0.6492171104338986,-1.0885485757066844,-0.1603493563288773,BAD,0
0.4013001347155868,0.5857323947880636,1.3402607335192005,0.6651000122208449,0.4247244326941044,-1.2911153793046717,0.7272879147943082,0.6486213438308084,-0.2900927777971568,0.6919913513121992,BAD,0
0.24638507288503003,-0.18552872137031287,0.855304414754668,0.7550204728260872,1.2013601517351706,-0.5719884747503385,0.3530467239839197,-0.44539901128054693,-1.5571353313071732,-0.6821855948418548,BAD,1
0.25831122090068503,0.02932148323540501,-0.6660145305075696,-0.020101760288172232,0.41702800426561926,0.2895015412053027,-0.5811525220524055,-0.2212297187878651,-1.5492164681682905,-0.9875878430442194,GOOD,0
-2.5103118370200534,-0.6053167048138731,0.5355535044531476,-0.40736238948974735,0.3889781485522992,1.4673894484303602,-0.836996205910577,-0.9474788850956102,0.06659204855903952,0.2714108526474456,BAD,1
-1.7770725644013767,1.5682550043747585,0.9184275443237538,0.44841843673368875,-1.4650384433078505,2.415039393315121,0.14913372204534736,0.8021265151570435,1.0483956780089143,-0.014590989425971574,BAD,0
-0.7265717196353113,0.9886353528482889,-1.444888565869058,1.4472227788084875,0.4935321812045415,0.9062211190363753,-0.4397882640945322,0.322600757137661,-0.06635866979376734,-1.1501773104459774,BAD,1
-0.6409038083876699,1.1950647646277397,1.6408793415082992,-0.07472903588856027,0.2662624769688783,-0.7682380636794417,-0.34631591371690756,-0.06564357877810643,1.642120342994606,1.3387267288910678,BAD,1
0.7451373489348871,-0.4472955813662298,-1.343612904949879,0.47522549113159335,-2.5201912199064855,-2.0694961305173663,-0.8470526989561985,-0.9192883962858042,1.4445266365637073,0.07002162160489805,GOOD,1
0.9870486964034744,0.42250940408564414,0.0069123390855740105,0.8319904617474403,-0.19703257172170813,0.37755469040462264,-0.13691182594541942,0.815949921938299,-1.1021388609338738,-0.6808563618961823,BAD,1
0.5908744800873185,-0.10770336782559549,-0.31517775375634566,-0.5326136097942887,-0.3668927844342389,0.02332701573288108,2.128659026026124,1.4837177766822307,2.1348770720089805,1.4262507807551652,BAD,1
-0.3787135054353743,1.9061247363559743,-1.6593974661176754,0.43604738041288543,0.1430699474586805,0.3085764750554103,0.027449789417728486,0.23770153030473581,0.5651686466321355,1.9216154329870192,BAD,1
0.7061970175263945,0.48662270559888027,-0.06404732138883876,-0.30083715165414815,-0.327766691212074,-1.072787246934866,0.48034178895658297,-0.1906242972109031,-0.3146044021263606,2.0802612851724853,BAD,0
1.4333629223661852,1.0881622266498758,-0.008187981348752184,1.6667270830900227,0.1192944963981078,-1.5463672893488845,-1.3910458554843328,-0.8816875537211082,1.4159188206941788,0.4383288004073422,BAD,1
0.7073609354744659,0.344831667807352,0.5447039775897609,-0.7804046991039214,0.8789263672891409,2.412619787919296,0.194604956696748,-1.443727267773467,0.5596762523128962,0.3842215802719192,BAD,1
0.7879910757259228,-0.24554442938628518,1.2569733375931225,-1.3295923427535246,0.19290381729929174,-1.1045251791926671,0.0054569002293771195,0.5917006560577176,-0.1991543472116228,-0.9231128323989526,BAD,0
0.04540076369768759,0.878648155794612,0.8501569067390617,-0.44565092291117336,1.0409010771187466,2.1713982582323186,-0.7573074519149329,0.6366947971693634,-0.9515198655360864,1.4843572323331025,BAD,1
1.7462800488263093,2.6746790751242555,0.03151248768195131,-1.5775742240831185,0.6728313985783211,-0.45459522693330523,-1.3785536386138353,-0.7607738101515868,0.24403654557046622,1.6009669129531872,BAD,1
0.6877620023840753,-0.9216808579005054,-0.09774584158306901,-0.23801158737969816,-0.9097631971696176,-0.15892469458998104,1.9397094728225381,0.8114853973275826,1.7218576813327409,1.0732145642770956,BAD,1
-0.10667266076297909,-1.794129684301273,1.3584904641930378,1.0858973209771599,1.2240453508248426,-2.5687159225771836,-0.5262178641124895,-1.3080760853115478,-0.5183177148628482,0.5185818837801267,BAD,1
-0.6001053163442412,-0.5987438543731182,1.3238519101054513,-0.7582682115005496,0.7664195842618755,0.9180179263328119,0.7282023093850604,2.1943416485797704,0.5710154110961777,0.5986555086489567,BAD,0
-0.6369286637484851,-0.0002958988958257655,1.6743980813653836,0.19297788503466198,0.32017781170467385,-1.3070503237250262,-0.5041206782654882,-0.5937831801527946,0.13455549579961393,-0.5768274201441156,BAD,0
1.118236918379143,-0.7405638618954488,-0.5206974985698927,-1.3143331368771751,0.5675026465792854,0.9597691986512609,0.8550209045110739,-0.5994477443630545,0.554210642971146,-0.42690064923139887,BAD,0
-0.98710241208655,-0.9574165239758503,1.2267074968230451,0.9115268036579292,-1.025089038972796,0.21530188501593925,1.4767966028489763,1.7452882355073955,0.7823130135386547,-0.02507121759108477,BAD,0
0.18378345143011177,-0.10066338197526001,0.21261774324534946,0.034283935828210606,-0.9071316662910297,-1.0173966079852697,-0.6864820677835572,-0.7583530516341911,-0.8008462116879057,0.3360477993484684,BAD,0
-1.227229880863751,-0.3669389357337037,0.2910355486296036,-0.5288006381168584,0.5716009343896674,-1.0329732258259015,0.07665925103114773,-2.3529477201472346,0.5481030937492647,0.47667595045096994,BAD,1
0.3171604790955846,-0.08450022463906104,-0.4586837772716105,0.14821771009300322,-0.6200992642125435,1.3791346672798377,2.6420823359786696,-0.582985273144751,-0.39515359164876457,0.6498976233708882,BAD,1
0.22898220806550373,0.8446921291035802,-1.7066654669566563,-0.05716127443753873,1.4368404229680318,0.18393273501910282,0.37466861728165674,-0.5228458786625554,-0.1002201399754136,0.5296132179292801,BAD,1
0.5950863625740371,-0.6122936471288549,1.1840226035695207,0.6924412334429905,0.6116819848351511,-0.9549702137099979,1.6115288581660154,0.6855034845061327,-0.15603435263620183,-0.9775170849246935,BAD,0
1.6312069031706162,-1.4818077906005789,-1.1789942926531893,1.7560933127995604,1.5520010633065888,-1.6275396206048751,0.20799125507675315,-0.549596821428633,0.6128508154663002,-0.4304607164467902,BAD,1
-0.7592374317887816,-0.892997452814585,1.351153900900082,-0.2227121261236182,0.6951287181271159,0.4148844935981424,-2.2542802344486175,-0.10304617740238431,-0.004030060767614944,-0.5818742458617849,BAD,0
0.9106046030792474,1.8065606335904514,-0.9462990388854784,-0.09849625886646254,-1.1899098395566339,0.023699417715925184,-0.07580244013471685,-0.19883720599593652,1.9021507021490234,0.750505593797761,BAD,1
-0.01636922529563089,-1.3343222303681996,-0.0335932377624282,-0.8447151118639827,0.036040071002460865,-0.792262808671859,-0.5467226964503082,1.5336327988859633,0.21282734729715977,1.0028233207544754,BAD,0
-0.36855554968467674,-0.23447632812288532,-0.992941200306682,0.5861833243520378,-1.8223465929059146,-0.6413756012316023,1.765080642699651,-0.38468862999756953,-1.326315148486081,0.3704193240348829,BAD,0
0.281250879805152,1.4582037399532666,0.9943081154780721,-0.7729135145716712,0.5592141656274147,-1.5302447167416389,0.35085138072582933,0.11943765050644574,0.20153772413881033,0.1398691527230979,BAD,0
-0.8295967687498742,0.29422872081095197,-0.7635293056814503,-1.5117270622589989,1.4919297574614545,-0.04678238271863481,-0.2230645359109029,-1.4246017097710248,0.3363337880104844,0.7331756202240183,BAD,0
1.1388922487302353,-0.2510389375912295,0.7177825841923049,1.1918923560972385,0.9190334276512366,0.5570533772378026,0.24806243603500555,-1.2042116813020893,-1.151612967360001,-2.274504765421291,BAD,0
0.37464291525405613,-0.5673811172020738,-1.7088428905090334,-2.3210906377285774,-0.609206590167756,1.158190126408721,-0.04506708076791474,1.5025266917516702,-0.17897411810845346,-0.09820654045215212,GOOD,0
-0.32621087502614865,1.5861351743427254,0.5952182266234437,-0.7957183245316843,0.40489842546229365,-0.21204649436387862,1.7307706114900998,-0.9587531476400568,-0.033963869815446295,-0.3864423529679951,BAD,0
-0.31553976174974185,-0.5159198784880714,0.085129380830535,-0.6455140231203997,0.2635930582399471,2.014835760854625,0.9049944535515905,-0.9617598322490138,-0.9566699489953726,-1.2249722926532693,BAD,0
0.44119309345532065,-0.3049093412486554,0.1753698549797383,-1.4874265488365315,-0.05426798385454969,0.33310388888299175,-1.0316851262146813,-0.37242002366783405,-0.8673944943834749,0.04319734310063954,GOOD,1
0.5765772794888441,-0.2443398745495912,1.883008085814203,-0.2828930983039945,-0.10806296377293903,-0.04261673748415599,-0.21742063553284768,-0.10341848957368303,1.7530299034672745,-1.299454052642049,BAD,0
-1.150336903247206,0.1495326728734398,-1.6921124207168823,-0.3734675976958954,1.6091041896630085,1.2933949461978231,-0.5876269213886725,-0.29927005189390543,0.9386211684729258,-2.194759498721736,BAD,1
0.9925165386725422,0.22163646018307148,1.2286577692054226,-1.5683367962526733,0.6039046573325803,0.7305562239652561,0.14543571689629295,1.0390512406026393,1.1769672477257456,0.1574392041947147,BAD,0
0.812754421743777,0.6865284824902448,-0.09075785699949517,-0.2430829963024775,0.5871347490074549,0.7246749369018874,0.20654908929883672,-1.1323123655000589,2.0640574603327866,-0.7857496688519612,BAD,1
0.5320479920363368,-1.0432059337818984,1.1812554873195242,0.6205639287734348,0.19523578199726116,-0.07910502997849123,-0.5452036380800713,1.2602161515699373,2.1987012372351336,-0.9392057772068627,BAD,1
-1.06351659860539,0.09574815360923998,-0.3996025432694056,0.2520744697068344,0.8492403140182105,-0.3400511724327811,-0.4537996564034325,0.776796442041334,-0.5201623410232207,1.7629027308025662,BAD,0
-6.462182041944781e-06,-0.02750176346941834,0.5541154069992689,1.2856054734948323,1.5014657776245155,0.5453529028915987,0.06905373352211373,-0.43958038996749804,-0.696100693552972,1.1264358604017188,BAD,1
-0.16910253638397899,-2.0215281840721264,-0.2233883329323481,-0.578360160307318,0.310610019472116,-0.7271924093489732,-0.020980017845712316,1.05061078503436,1.0958667664321944,-0.6968900294189957,GOOD,0
0.5662606688702184,0.4491744916121922,1.2887005353785155,-1.1395056868395377,-0.26712289062167616,1.7569363945940843,-0.7310276285085895,0.42670674936295344,0.221764483812349,1.47528822208014,BAD,1
0.6479792307267669,-2.0991100569515138,-0.49921561783898744,-0.1513173191962896,2.0362495640714973,0.408599995813659,0.008511116089395407,-1.629660988487537,-0.2828444813156845,-2.19048173569784,GOOD,1
-0.8039163710652394,0.6290523183624517,1.5300668326816949,0.06875722406866255,-0.49741786730737686,1.5325528378420439,0.3263560709981754,0.31558493098721535,-0.024818893342203448,-0.634227274217681,BAD,0
-2.2255184382809508,-1.4672914333103184,-1.8341991719292794,1.36008583667618,0.3341165552497108,1.178273124938413,0.3095086574131713,-0.1444063895086548,0.10483826785696522,0.13361499783446218,BAD,1
-0.5360497018211907,-0.16026934372238022,0.538940297984764,1.4061710998375943,-0.007945822546613433,0.9388114007057534,-0.3369455168506083,-0.8607752439803779,-1.7269270051710306,1.2168754425912565,BAD,0
-1.5200385366590197,0.024664559489012097,0.24344665255266565,-0.38777388649613975,-0.6648510521574427,-0.036684894832576385,0.5498186886557125,1.2795213791048055,0.5851645417404885,0.20494709005995512,BAD,0
1.0481747251615097,-2.3102579949095254,0.6670698781505283,-2.316668756128214,0.9025798251868742,0.583672725271154,-0.013773950131264387,-0.6718147177102786,-0.7826919626527257,-0.14036085065368248,BAD,1
-0.8597974950342665,-0.16641087468663648,-0.8519274303611661,-0.26650247543805367,-0.24474713777276982,-0.5405797590310001,-1.4810073392853433,0.773933425999284,1.037609849151392,0.130683305178471,GOOD,0
0.239015826633066,-1.0225712997290848,1.119461546193429,0.535897443993233,0.9442943997378788,0.01714571071451739,-0.7242320689326407,-0.9690801077622153,-1.5683451760657936,-0.2903529014448819,BAD,1
0.6079757467705879,-0.15874513130670173,1.9570087709799955,0.7001020969931158,1.5311496769771056,0.5130373933432648,0.37845068839374224,0.083328103255983,0.5636694885704008,1.3409883462047558,BAD,1
0.18523954981610027,-0.3840640950591939,1.143030954052305,-0.280227668186536,-1.1366573646423983,1.1292089626907336,0.2843481489395914,-0.8205099183308886,-0.6844989353542614,0.8054293933333491,BAD,1
0.5402022555399761,0.17609668144552992,0.10943831843629961,0.1659654018121519,1.4296034679935383,0.29071041451316765,0.4027466651687266,-1.1879450007894057,0.26725373299956445,-0.7775928129785915,BAD,1
1.9004448005239902,-0.5781028511065344,0.9191977961109274,-0.411062424222315,-0.1265363650121103,-0.2799826571499354,1.301171154289784,0.5096921429787211,1.0880319187637397,0.6313376418921689,BAD,1
1.200879745475895,-0.41992468505088776,0.8916514006781189,0.40998951184403315,-0.13462998233409032,0.7702437448217454,-0.8057824209885694,0.03572377557660887,1.32075350937233,-0.5479580389273168,BAD,0
-2.2784355270483005,0.008375312563753892,1.0356962771193243,-0.023329273331564114,0.05020566888178271,-0.10868039467673014,0.5327922791256542,-0.8495555485448126,-1.361703907257823,1.2950087330055076,BAD,0
1.8351910916224923,0.5531081401359739,-0.5215860139127478,0.33361921446369064,0.12200869194950714,-0.2738334495936745,1.0368092055816092,-1.20206157291352,0.7455162522595411,0.21486773609283374,BAD,1
0.7312768847831886,-1.1037946075788063,0.40872935774186986,0.6047926631826768,-0.69216028000574,-1.2141852253857528,-0.9728468411522504,0.40547571982249836,-1.3646426629750668,-1.074144910672266,GOOD,1
0.07256465905441363,-1.2288976090791666,1.6535523314189053,0.23457357652027724,0.49255002401399,-0.4393110463606709,0.6943734375565414,-1.4240481007477919,0.2122439470142523,-0.5794722337105263,BAD,1
-0.26597143614010627,0.23929896292709418,0.3848451431131369,-0.4255821386225905,-2.8878941760324692,-1.0791136409635886,0.6310292941564656,-0.46619627114112167,0.5467074340968336,0.012341986124561572,GOOD,1
-0.40599419568833467,0.8951382470366203,0.3583322488066101,-1.733884329528612,-0.8017982992920053,-0.5006033359786838,-0.3746134024211448,0.11153685359838603,-0.06458402260737572,0.5264016483428191,BAD,0
0.7951298586032979,0.6496069715872657,0.5329446765429787,-1.5460064431776495,1.2924774223226045,0.09544073679372306,0.7930511052799778,-0.7700651534867594,-0.7215855515391417,-0.8780356997515292,BAD,1
0.08205196799549146,-0.6025299652214118,0.15640066390452176,-2.1170557907362966,0.2762906360775734,1.0312009105215836,0.023183473744889424,0.1593408356472999,-0.15351499639867575,-1.1088571256407473,BAD,0
0.2449596110969716,0.34735012452987013,0.4423436865692117,0.1733842412817694,-0.24675987807058994,2.43045692619458,-1.9519099319551474,-0.12694058670918992,-0.6326997185554637,-0.5746797252977207,GOOD,0
-0.6223363542785447,-1.4240057344413044,-0.9658661701924908,-0.06037612705934361,0.5778306038324634,0.7761681548096422,0.5797136582051254,0.23290544240198863,-0.3817547198734919,-0.8458665226596183,GOOD,0
0.2747162803041271,0.5015046842331177,1.2409840542094734,-1.0585829701879317,0.9218738950426302,-0.3728024007345713,1.2058873279682123,2.185650422276489,-1.0213277380533077,1.0767912135128874,BAD,0
0.1021588135388916,-0.20452290669856374,-1.431168296989217,-0.8866509387459691,-0.7392136792834341,0.7688004838439645,-0.07646909574862548,-0.29471435386794476,-0.32511141663528015,-0.7568472211513242,GOOD,1
0.2348318126832064,-0.7315149804225968,-0.2557237358001145,1.9489717721719417,0.5621293815192918,-0.8937438255763578,-0.07013046287766068,-2.5406913577774985,2.4214422356906384,-0.6394124970694886,BAD,1
-0.31543603862016295,0.5456246753861373,0.7150178818513986,0.26734496977034367,0.7156982635810402,0.4136926096982193,1.814477673725966,-0.4142807208009327,1.7946566658419298,-0.14324001389392207,BAD,0
0.3987836788900513,-1.1166096078589278,-0.5836491109679391,0.2520235478770702,0.5139959073086461,-0.27016203174615777,-0.06633139356588974,0.6712302797188708,-1.7211325201874512,-0.2728324728193945,BAD,0
0.09193095004893789,-1.498157421208507,-0.3239653506843117,-0.14839534601791285,-0.2030936282896611,0.6481027472715114,0.8284222890008277,-1.8182501194620238,0.3253116521508196,-1.7742513284478452,BAD,0
1.5880084309768658,1.1986407581729035,3.2811387338232554,-0.5317811585599128,-0.8192163441092658,0.13453732034597474,-0.547244727280689,-1.4152337258350958,-1.6341428903256987,-0.40555405161871416,BAD,0
-0.5536901516892904,-0.47113800868488187,0.8051013701304904,-1.116364892327816,0.3639263072223466,1.0161580888002701,-0.8796955686025419,0.5439870741803925,-0.026647464978526658,0.42339489221184085,BAD,0
1.325119567656087,-1.4444467670979662,0.19930276223032395,1.128822518058203,-0.6011945755891687,0.8176322873715292,0.45540357502748785,0.0987571438141325,0.673897496916962,-0.6059766650183769,GOOD,1
-1.2810425363721276,-0.0775656268679621,2.5949074660228204,2.1122435423052295,-0.08796624619810264,0.8701941736777127,0.04012459423086019,1.8181531981442471,1.527921384050426,-0.16474437188849944,BAD,0
-0.6912793390553706,0.9026495863560668,0.8591887251877571,1.9680639285744055,0.8547453231645432,-0.03942517435991494,0.8655155465702878,-1.7696337115480099,0.3432605032319686,1.8878786678468846,BAD,0
0.5905142393888794,0.088914705956493,-3.414785710014507,0.8051477938439828,-1.1824898398393529,-0.7925850674784666,-0.1863169666732881,-0.4584255338427829,-0.27061945986060953,0.28494419583300074,GOOD,1
-0.05002361366527889,-1.047110192096292,-1.1057399129692678,-1.7143574947351743,-0.23727786576269275,0.08612529905692785,-0.8737977214564936,-1.1802410571219342,0.2801149557486208,0.043337450015825146,BAD,1
-0.6093281008398589,0.4316425924254786,1.0213628746620595,-0.2539285003667661,0.8157028581958284,-0.6075694448857862,0.6174950794654567,-0.07409467609941088,-0.6062485549154596,0.5703765488745282,BAD,1
-0.5060361015053434,-0.45458582137786535,-1.826326138858507,0.34038517703698457,0.05762280714353851,1.152870178431409,-0.4959139322585212,-0.5074062893620624,-0.12083706847900577,-0.12879800940970054,GOOD,1
0.289422738289279,0.7994680283739516,0.93841396000548,-2.546203408655093,0.5550921809063428,0.6826086724495343,-0.36787052838665174,0.7065492329387958,-1.8096427099706103,0.4378548499203511,BAD,0
-1.3507807252711743,0.8513714986565286,0.6498159736020322,-0.2283339851075478,-0.07623388370627388,-0.4481026319036735,-0.12129936565160326,-0.4125848294702406,-1.267827821639983,-0.7770027342815773,BAD,1
1.1709677280465087,0.2682562734963534,0.25416729544187333,0.1246062399195695,-1.3320941097986976,-0.2256101103253653,-0.19431197097717537,0.7872249986740013,0.1576517009892263,-0.8733728239886474,BAD,1
-0.9938452947054877,1.3573079969545832,-1.1083855459493202,0.33041365277509155,-2.099933628696095,-0.22277984429612493,0.8897242588668134,-1.697529926715491,0.008343818705629955,-0.5453491855049073,GOOD,1
-0.21686539580926076,0.6109846270393098,-0.9454638131794991,1.2413824039213552,1.6114664489540145,0.8769256787774016,-1.2095171692475326,0.4366411531079866,0.8615088647602599,-2.6222215035541314,BAD,0
1.1311342284547228,-0.8999439959539587,1.0069770685494523,-0.18263351184705384,0.8671958865704308,0.03574421350982477,2.041399566290908,-0.25565617159026577,2.1748113309943826,1.2196472655505457,BAD,1
0.7196664497272859,-0.6125249810290747,-1.041030467862185,0.762754792977222,-1.0071869634244934,0.8646093320268157,-1.0163332429295817,0.06013485188927062,-0.9356024553309154,0.224823627065266,GOOD,0
1.073229064799823,0.20234379871722044,0.8703849120411109,-0.24076520391035477,0.585793561315334,-1.1406105661204238,-0.9395185365239198,0.9906256197669012,0.8255829740965661,0.7906225815626212,BAD,1
0.9587723287065038,0.3799488065721799,0.15411554185831802,-1.1769340961177677,0.6804081136073294,-0.5561839770812743,-1.1259123571116951,0.7038655805593046,0.16978219861547228,-0.5552562982711073,BAD,1
-0.04394358609841828,0.33621474375043164,-1.7840666434017496,0.6551391604845909,-0.5818794442561643,-0.6285101619463628,-0.8946632307941046,1.3214212028764467,0.980259843001591,1.0622757226065416,BAD,0
-0.24614888442923397,-0.9504180748260186,-1.0770143792975433,-0.6621765116225754,0.8725780524285923,-1.0731391142617293,0.9967366414051921,0.27118279713205223,1.484376305321643,2.154476840191229,BAD,1
0.33146267491959464,-0.08541392011082162,-0.04708010884080518,-0.6897626510902632,-1.1496817693705348,-0.6559703306663054,1.4201793774903864,-0.3683598148744784,1.7650258311630331,-1.0825089760372206,BAD,1
-1.9504297996095412,1.5206032000467093,0.03324384575724383,-0.6834319651030333,-0.021328741696248456,-0.08867741595466447,1.1608375417880084,-0.015492022951804883,1.8317295591937286,0.8904407766055932,BAD,1
0.14404673043447935,0.4425288146029359,1.4398585899665384,0.3918238942018321,0.5082608119720115,-1.1034723984614725,-0.9734202636130955,0.9978586839568173,0.43211803770360774,1.5676726709365107,BAD,1
-0.45768746355303774,-0.17993376592989938,-0.014676173236988159,-0.7236973486247433,-0.7401311581847299,0.9329234346668247,-0.2186640994144584,-0.6379470591692057,-1.5290747377849954,0.1034310167024432,BAD,0
1.3157992202997457,-2.947175822489424,-0.6855703276629742,0.4168676334938623,0.514688983637046,0.20540670075365142,0.2548525349713295,0.42558487250425425,0.3007489753429031,-0.5354537002962392,BAD,1
0.5918078427259189,0.26153841010412815,-0.71870024351061,1.6402421809447343,-0.88898197659518,-0.5976873405153872,0.4868599512162704,-0.05802273230145052,1.3649151128988135,1.0398936303287019,BAD,0
-0.3796795670125767,-0.14705722007546318,1.0943878200122925,0.007832021070100429,0.015500372763071,-0.6079861998219217,-0.018852480117436964,-0.26128869170685687,0.9731136643583367,-0.6803230257703439,BAD,0
-2.7384583329280385,-1.6556792138843168,-0.6186710147201828,1.4535232660123911,1.0656542485501024,-0.5616770381931544,-1.3449871873324932,1.9960912582577326,1.54155318532893,-0.022392334726159608,BAD,0
-0.4472942104861461,-1.6864948844441925,-1.02190267435497,0.6051661494261354,0.33127837158090634,1.2736420020906276,1.0432716482587177,-1.0660254631487251,-0.06169616472320357,-0.37481552116480343,GOOD,1
-0.28148124918931733,-0.47311966690979423,0.7023364801423281,-0.6390089373230023,-1.2103228185691426,-1.0269909146691256,-0.6800491815667622,0.1954688325554294,0.3416927791752395,-0.600279535178489,GOOD,0
-1.704871558246834,2.3184647441648965,0.4783624264744684,0.12488413618082145,-0.15696100846208008,-0.7110084057464682,-1.3169812952555575,1.3740232933712786,-0.7583140315497398,-0.19020208840038474,BAD,0
-1.122095954234477,-0.1386000871996563,-0.5378149500563937,-1.0436805335781494,1.3012472414132572,1.0642036845034244,0.3320849150701916,-1.1924669362767153,0.4101279264237597,0.15911216527535627,BAD,0
0.9792950096875809,1.8226112148397022,1.4433342025504112,0.22172033270930064,0.6468078610201184,1.1534793052995647,0.1994660110105297,0.42627301930448586,-1.5172157120376706,0.5025328512139192,BAD,1
0.8171115414772478,0.935878794794737,0.514609755957999,0.48216113288481083,0.055210032392547286,0.6812566756658418,-0.5064299967706126,0.21889270869922237,-0.5270092377441391,0.3831997438587809,BAD,0
-2.025658492712256,-1.0254388370980239,-0.05638196853285578,0.29648596058558996,0.9949525093973368,-0.18685692200791015,-0.6110530850958416,-1.454157285470792,1.8266583641340606,-1.813668239240797,BAD,0
0.4981114867951401,1.0046672307647109,1.0318901320901173,0.21118400232863327,0.8109192543598932,-0.9695655353736166,1.376112345013965,-1.288414533642805,0.6759961354052193,0.37878192733862687,BAD,0
1.057823681908903,-0.5100127478471334,0.20376175719228545,-0.12417865272938412,1.685240883865585,1.209895326104213,-2.2483943293328106,0.6599020378759242,-0.3951713135813929,-0.42586991519905576,GOOD,1
-0.792129572172198,-0.15913858793197208,-0.035779103214422056,0.7103407009991138,-0.14279488991778272,0.5976546858644398,0.15381570495510447,-1.6000164743295437,1.7223725358922617,-1.1946422810917807,BAD,1
-1.253849167610607,0.1380635494351061,-0.24596321653561276,0.7991940180311978,1.8064512785242701,0.27452394159940424,0.8669880684330867,-0.5881583300140043,1.170005515131353,0.7415104425081854,BAD,1
0.41916989151860046,-1.7141648256204225,-0.50813210507321,0.871925595074264,0.4383724746180246,-0.9203721693099581,-0.4493693005647243,-0.12469137045184969,-0.24160480325926875,-0.4564805799594881,BAD,1
-0.40059295449126325,-1.2863908601540863,-0.6727454420714984,0.4818578086744028,-0.035918966844143536,-0.27801044407861103,0.10174562538791887,0.3361194274896287,1.5936582337213938,1.4143492529400168,BAD,1
-0.883671935182618,0.42034265866429366,-0.20022010771134993,0.7812293475616467,-0.43607171173775683,-1.2543397869387738,0.5486504425985012,-0.7012672477268315,-0.6182145307207426,-0.8636147177397756,BAD,0
-0.3839228652322007,-2.6579589768944314,-0.5559831595352396,-0.1705456351495458,2.159385790250936,-0.183474139556398,0.5922169333647167,-0.7779017019534396,-0.6970193384629302,0.9868017732848086,BAD,1
-0.753935847112849,0.9723060918487052,0.5420666263815705,-1.1407369975797912,0.2407143668799098,-0.11106408052131224,0.03304171433882149,0.7567179562033102,0.22334498236847786,0.2574666888603642,BAD,0
0.660519740560536,-1.3711337132939532,1.259708132391684,0.4913241203512505,-1.6807784688740097,1.3185783511588387,-0.056570130688742414,-0.9943136314972895,-0.2318332134012968,0.0023625434408605823,GOOD,0
1.1627660540904783,0.6806164441134672,0.7524817291375135,1.2878812877126433,0.7696190099623323,-0.7923549102951333,0.3091725564709471,0.44493295784014625,0.027683501901436754,-0.3377005457420057,BAD,0
0.5271909925359267,0.24247618728625633,-0.01628831949911665,-0.521595669976246,0.17574107206698533,0.4744502316427187,1.3498936336686607,0.38963366006372446,0.5327733994262994,-0.008823189044531535,BAD,0
0.566356182606425,-0.36071864275953947,-0.08953689131500779,1.0365374544980603,-0.5065833967708527,-0.6360447838730894,-0.6887279950780528,2.0062882040872863,-0.5313608569064668,-0.03832382844785985,GOOD,0
0.2442234227779721,0.39790178407349946,-0.2265382471808336,-0.2523292684176209,-0.881937588238938,0.07206270686744017,-0.3865922608106431,0.6205207749959096,0.5875788269290426,0.3225969354579145,BAD,0
-0.4148518164903376,0.30432752601614943,-0.2580845535278741,0.30161769504077235,-0.5939678859127763,-0.44652604708518956,-0.19669693653906198,2.9252802062160774,-2.9554729090274057,0.43838742442200807,GOOD,1
-0.17326054664776658,-0.2611368486159489,-0.2569632223746211,-1.267770783290388,-0.3090856212480586,0.25520216002982554,-0.7848953779634725,1.1889193609409145,1.449759128828368,-1.5491456835327382,BAD,1
-0.35044457871230505,1.3120997652206234,-0.8372148417333513,0.7848131168362029,-0.06650635269273557,0.486904459686556,-0.05401780725217709,-1.2985338101280066,1.3834734944111284,-1.5903426508188183,BAD,0
-0.3055380734935148,-0.2477905398463256,-0.2747500200315241,0.5185987699306451,-0.8057789703459732,0.0911148068330915,0.07339749813165682,-0.09457280672172828,-1.4032918632483404,-0.20751300255121083,GOOD,1
0.7416840984166163,1.225658105160159,0.2754914728781243,-0.49841314296546096,-0.013886255615976548,0.06268255359253244,-0.8109209146592051,1.0618419278476092,1.7453798324965888,-0.9305172175728587,BAD,1
-0.14620897690267182,0.8619470461741441,-2.2318723919743104,-0.67186765642335,0.22971187212384803,1.7931963580586878,-0.4169840146282107,0.4460820287590826,-2.294816860429978,-0.29539522053008865,GOOD,0
0.6367650232655283,-2.1964123743175983,0.23292980434516022,-0.40471083551541087,0.19686874214575997,0.09027052384436456,-0.908768886740658,1.4190581086976284,2.2913276797675186,0.9729547243056096,BAD,0
-0.2689475453398806,-0.08906398794861989,-2.506425051453971,-1.227903201415871,0.0027437871908112593,0.13117426716911998,-0.4432618801821843,0.05785693054350375,0.5317564589290681,-0.8930982505662417,GOOD,1
0.7433147772609622,0.4894215012401184,0.48339163093591975,0.23914251230354336,-0.6906606850251922,-0.8596836823243957,0.4498809258017932,1.2146914758790237,0.44675745547206136,-0.7489423317831472,BAD,1
-1.458994658938304,1.8353862935406249,0.7683646043573702,-0.7954256356028626,1.0301835362647593,0.0803462627496821,-0.5960596139327586,1.079014795860023,-0.5672069757400825,0.5419492811517042,BAD,1
1.483889738847609,0.5738692174301411,1.172595130450688,0.6327064476912699,-0.2536342052969501,-1.6540806840419935,0.793114797749077,-0.42778369767872415,-0.5772465064913006,0.38959917833422897,BAD,1
0.09367480584956091,0.7946599742718007,-1.8778220938990988,-1.4183018108837437,-0.14868461123422122,0.9905434767345512,0.31732068387811324,-0.738928601290343,0.7581131739547189,0.8911249138452573,GOOD,0
-0.24278723983058464,0.4240806654096502,0.3686755928235549,-1.2825194876679347,-1.1096501500956815,1.0398788868415951,1.0809531126498295,2.2536235181616076,-1.1139439827275321,-0.6710233427779588,BAD,0
1.3706349169624885,0.2207250922373391,-1.0443729278742075,0.6363258405646663,0.49219739857062517,2.449634046963357,0.767300946462231,-1.6007495675852268,1.732139668972174,0.329514406754346,GOOD,0
0.8238517875792244,-0.2574193003089756,0.03605045065116489,0.4854024713222422,-1.6493403291956217,-0.05782942855650921,0.31285829599973064,-0.5065876529177551,0.5338589586080653,1.1150035409033903,BAD,0
2.203613660893476,0.18246857250231985,0.14609437168600362,-1.4317250202993115,0.424317427458227,0.35361401720246544,1.0560375374424795,-0.4642047636105407,-0.23420099246752965,-0.5293935547552789,BAD,0
1.3102637445455523,2.0525763000062893,-0.5156520729075718,0.2941791072708244,-0.1765916193381502,0.7227564288288402,-1.8367015906373543,0.08520603195858585,0.16410108717161473,0.708620524646534,BAD,0
0.3530024173957853,-0.6718175626790072,1.1296665831412291,0.5424026105629489,-1.7155054025858365,0.7117388009109632,0.9584170602295662,0.7948318305365155,0.906558750602118,0.23451224184133546,BAD,0
0.2265952675361879,0.4621068157803591,-1.3302999775963162,-0.6241684246041271,1.6286457349563028,-0.7746902594326888,-0.4434089191298075,-0.5072249612389216,1.0901434315503742,-0.1945598982390444,BAD,1
0.5166284999383252,2.0510834332532895,-0.471916428797299,-0.9115559084143772,0.6229592457814744,0.9064952654034305,-0.932819122442994,-0.692920102741742,0.5109854185844185,0.9263253603566822,BAD,1
-0.6288965249455758,-1.237600451951484,0.6748398588472215,0.9464137872467955,-0.9622403214671159,1.064083102290253,-1.1049305009695074,-1.0075597909094722,-0.6958355338687897,0.034376989097933686,GOOD,1
-0.9703802646964401,-0.9808982818937031,0.9412552708409746,0.629124962217732,0.9784511573803597,0.29369852717303263,1.0407411599116279,-1.6817819156188634,-0.19526079752207048,-0.2880438221504096,BAD,1
0.5063590436895623,-0.5972435707192909,-1.1524865968311149,0.4042458794201759,0.34617370225151417,0.31712215211277883,0.339561040121145,-0.7347286739560774,-0.515311332909957,-0.7462186565462151,BAD,1
0.22627538941128725,1.5712265774749885,-1.476969940283337,0.47482539147543507,0.26100193887147755,-0.2889887722142651,0.2615064772147908,-0.019004592551816964,-1.157193103444838,-0.11628177222307425,BAD,0
-0.5277933863915028,0.4981725514235055,-1.5635276032470335,-1.0853389831104001,1.697465037641924,0.27185863171505176,0.8223245073826371,1.975191846627914,-0.07753812210694529,0.12589460149152978,BAD,0
-0.14473516381168505,0.9325784843935354,0.2883172224358417,-0.233677601781802,-0.44389326207358826,-1.0660625812301365,-0.10619173208337525,-1.0594987229985982,0.07930199460323482,-0.13324612514476508,BAD,1
-1.905778816521431,-0.7143938914852908,-0.49918336155075105,-0.2730003823568764,-0.31791971604169816,0.9830709647970917,-0.16410010866326435,-0.6343972320935513,0.7708873787159526,0.3367769961817783,BAD,1
0.8033457157199179,0.1173796144504882,1.1660772514700257,1.1270546489020352,-1.563297848756914,1.2865312051677067,0.6542075710802138,-0.3006313646653111,-0.8416535008802377,-0.12348346695814448,BAD,1
-0.32202567890498224,-0.15319031954802725,0.894057363850646,0.9714927629571567,1.4707715072015748,1.9519375905204943,-0.8572167297697332,1.059176331431175,-0.944289485659524,0.41130423288208157,BAD,1
0.21961291211628844,0.1617022001895147,0.33589557695647093,0.9052408610428468,-0.6611636464900903,0.3397634005090531,1.444354717758645,-1.4125978346889834,-0.2346928410019654,-0.7086662871301965,BAD,0
0.8763571215175536,-0.6753729887577374,2.5365874925077776,1.536669682395646,-0.7623796447469127,-0.4155867575234384,0.07858737469791784,-1.0348307335300915,-0.3354210259858942,0.5654124012290149,BAD,0
0.04574828097750553,0.8811002201004711,0.7527909638904953,-0.5914003367103673,-0.42478778272207934,-0.7080200443491781,-0.100560412816753,1.3817891350926075,-0.741213379604264,-1.5761248871414255,BAD,0
-0.6888122274314565,-1.0540732609216554,1.359434048557737,1.1737531471635052,-0.5404794630267418,0.3603518495462074,1.6898624368776163,1.1890816782099756,0.7959644801226433,1.176614256589332,BAD,1
0.24325393251490432,1.076294417102842,-1.1678673062617446,-1.4896742681965804,1.2712444473095064,-0.5866065610946039,2.6208033956687613,-0.3317344595357133,-0.17480064873049997,1.5584793723763275,BAD,0
1.1519522635218105,-0.30686129144734625,-0.19726624190995024,0.2380871267885568,0.005847385023794867,1.6230143797076886,-1.3991357269927305,0.9007409000774937,0.7047889751004659,-1.0952764860578557,GOOD,1
-0.9799229708809657,-0.1508328704852315,-0.03713452966469482,0.2671845278372371,0.03369267002436058,1.0259316703184072,-0.619073092846172,0.3894256739886735,-0.003287302297105512,0.0899405861255676,BAD,1
-0.4450121123668155,0.6162782561880669,0.6524976375097692,0.5878992531187527,0.39518780908877715,0.5096528528032686,-0.4479848051449797,0.5530455014461354,0.4708021062426499,0.36044212592466546,BAD,1
0.46396396768953035,-1.289614089942573,1.172407891590123,0.15328840931631008,-1.6416753083982305,-1.044126804838007,-1.4877351762011677,-0.7260514150986227,1.7711044039435426,0.9532142743834144,GOOD,0
-0.8841157622507918,0.2264972594824401,0.7026311696923058,-0.6585506741300313,1.440000952584214,-0.13311863241691965,-0.9899274179000755,2.0472127323298346,-0.15743303046094623,-1.1699303039291986,BAD,1
0.4808561394442875,-0.380842415026023,0.23747294528781118,0.7750722622807866,-1.525159253647734,0.43509478047566136,0.5256006809362807,-1.6601830107439868,0.9052777032113584,1.8248444436381175,BAD,1
-1.3589075759680203,1.7469388526259502,0.6105012013560305,0.272326197131361,0.6404725874104629,-0.07577500789172158,1.0875181020840923,-0.3233427262337643,0.6767927296644204,1.2400766979547166,BAD,0
-0.8393809889898859,-0.2569903297266029,-0.9474898644826851,0.018888003568802353,-1.708713183859638,-0.7082333017553248,-1.0919470008124397,-0.215339744689802,-0.9972342230320758,0.6585854346783432,GOOD,1
-1.2275298053284152,0.5100017791334436,1.0027022506681067,0.757067245914977,1.9329199511248976,1.6835153644213727,-0.5876507538003526,0.027193870728030197,-0.5085151407788597,1.143944998859501,BAD,0
-2.5013935073823292,-0.9122050043261085,1.186458025807082,0.11742308375101612,0.05447226037365009,-0.32411723465180625,0.8544052257959083,-0.13941520018801667,-0.6473022726510463,0.5984979773667994,BAD,0
-0.42784677062440085,0.40944517288087984,-1.3027301418094945,0.11272669641651191,0.5500634771216343,3.00165325044207,0.3094780215583202,-0.18338470419427086,1.2201756988947594,0.6578091413506161,BAD,0
-2.0257996612616367,-1.3164844658014407,-0.24417021379613785,-0.6868507222557505,-0.0622225821326966,0.2327799947856601,-0.9275170189213744,0.353168273668256,1.8957370525078372,-0.7982520518588231,GOOD,1
-0.4789043166482919,-0.4849304238361804,0.6782112055376295,-0.04773610274001369,1.8466259507994014,1.1821605668926674,-1.2640207264413135,-0.1771274281455294,1.344960719083392,0.7125952098230158,BAD,0
-0.8559062482627547,-1.216667051048874,-1.2239857292103933,-0.10522364853318586,-2.2452871867440494,-0.12065139263946639,-1.0958807220561686,0.7443113300083126,-0.1712482518645667,0.5056369346718108,GOOD,0
1.4829078340533726,-0.08920925276587495,-1.1951887110460038,-1.2595319774471374,1.3893792403232075,1.4141143988740354,1.8976900517621174,-0.5372762311512911,0.4827183002795845,2.091262629534745,BAD,1
0.7764785154992776,0.7869746913340353,-1.4546649220861203,0.3415388601369559,-0.24372345114487082,0.4300093540048371,-0.627059665843969,-1.1038986124958317,0.915497657345081,-0.9522657653812147,GOOD,0
-1.3173091254815263,-2.972848403648439,1.104343552294591,1.2830559614839145,-0.6320601409658668,0.3582701367305805,0.0022901063613182645,1.1744857977392267,-0.1790654609394091,0.27292182436540313,BAD,0
0.9599672629846039,-0.339422808315277,-0.49102365429964634,-1.2450729704339683,0.4732483592021431,0.607904013227122,0.43180419595377517,-0.23135201521895732,1.0374281829684882,0.8479991953743621,BAD,0
0.21217874968821177,-1.9724141523806442,1.7110638328919727,0.04344775131559066,-0.5996524244863549,-1.2282884010626007,-0.24085758191970438,-0.09071462946544691,0.9586242044380261,-1.0525065281162427,BAD,0
0.6415346848252554,-0.6653108611026614,0.10502296221571349,0.012755390540027346,0.2608534060994036,-1.0684226232886833,0.448084992995797,-0.4005861799045286,2.33723745157918,-0.8393407977711568,BAD,1
-0.7656998941470544,2.034863743313311,2.276291421927273,0.6177456446467599,-0.7177095942125395,-0.009428102654140843,0.7777358413441243,0.49716044702742684,0.12840948684011871,-0.19800804238006137,BAD,0
1.5063868401595826,1.5407650415752339,-0.6817877341508496,-0.8021089068634647,-0.8573971639778958,-0.3822887195401695,-0.2952743182315381,-0.44505190521820026,-0.24818406938315754,-1.1081424645327722,BAD,1
-0.18457631954979806,0.2538181607667438,-0.5046303606832808,0.5876399001493651,-0.6345107663917381,0.15908391015928294,0.3057247729833684,-0.15562452027217946,1.6061923249183045,0.5682411838435014,BAD,0
1.2901941858838548,0.04128852284080617,-1.0793851814694155,0.23645693975101137,0.3207627489927548,-2.2456630330053278,-1.8793136452328074,1.1763050881903498,-0.8418412753979752,2.147664072321397,BAD,1
1.0061144841689074,-0.9952989752623873,-1.4647629652744345,0.7317160393531769,0.7062221577748755,-0.23028793893246702,0.6861761118577983,-1.2446528672618329,-0.9595607672405381,2.162416864974721,BAD,1
-1.3215327023499606,-0.4426979992019662,0.5221660121861706,-1.622653811644034,0.7413933377421137,0.7493565243926378,-0.40807013653806734,-0.10416464861893153,-0.8751491502468369,0.6629953450366856,BAD,0
-1.252289925367625,-1.235620363396319,1.4961106210121398,-0.5981121748142525,-0.6637628648679581,-2.3160461481849697,-1.571360017333759,-0.005264682963684984,2.4574939343475504,-0.7934889297951768,BAD,1
1.01002040294656,1.9140854674538392,-0.7306606457363294,-0.07157836332122841,0.6514458226371106,0.22909790599292232,-0.20464261611662354,0.03881637134481706,2.0492282189430613,1.251231225823289,BAD,1
-2.2770291233375803,-0.46330069593277956,-1.753375019177362,-2.0606349227503564,0.37033781639629104,-0.4042275587494285,1.4624372659408418,0.9152927145140692,-0.5719690536055448,-1.0325067754800987,BAD,1
2.0364621638921476,1.6959013052329337,1.0648406193742719,-0.6057155914106113,0.011208449314779904,0.5053890856520636,0.6551926527301426,1.8916677419494619,0.7455948434925694,0.3580236328861362,BAD,1
-0.8076249642006575,0.43964374200640083,0.19609043274637386,-0.6325905789298085,-1.260181081387868,-0.9590872733222924,0.4281165196889737,-0.7940349396251248,-0.16887143858416975,0.2756649423859502,BAD,0
-0.5907015632776982,-0.3162732073353094,-1.241903775331326,0.7845859607716578,0.9754014315750634,1.7281121041117122,0.655913643962123,1.644656301133502,0.3186913231826718,-0.30593474693805306,BAD,1
1.1458617572700343,-0.49840496363805237,1.8044554319212889,-0.9421496214417245,-0.22934326902915525,-0.36648153154605384,-0.3269599650457137,-0.14044614912208048,-0.7563828613839827,-0.5046640627146562,GOOD,1
-0.8481030881664622,-0.26723092812199356,-1.6249618163441526,0.24276802304696868,-0.16286487517650317,-0.029727074416831804,0.19745167595319207,-0.7671713957866135,0.528255857018773,-0.9556139433573784,GOOD,1
-0.19748725266491232,-0.25451479123700704,1.4530211263561181,-0.741013802737644,-0.5621912176455923,1.023922758249061,-1.107659369466362,1.4751226146932916,2.2555382162602235,0.7642464811674387,BAD,1
0.3838405375044146,0.3141140953346523,0.07736037055994947,-0.7184541924661783,0.06587771203814875,1.195046231635402,0.2925957750035282,-0.07798915028750328,0.07362711677644321,0.022731234880465887,BAD,0
0.19058420684458166,0.484058514389371,1.4385638617954817,0.31834744983820984,-1.1735297945801957,-0.08505464607305874,-1.3291388337596666,-0.6975091869865448,-0.6615431508332537,1.4853325492107865,BAD,0
1.0994015943998525,0.6011111712466375,-1.5719821782531487,0.6748422206701252,-0.004546969541746882,-0.5668151456520226,-1.159830485391928,0.2607190989944943,-1.5536775085838896,-0.40415499579793096,GOOD,0
-0.32321177846408394,1.7174772118249428,0.30771763164978544,0.3954917014791172,1.4191992501411341,1.43458482124457,0.3269511197898106,0.7473405650645779,1.9956721697349948,-0.503853760098785,BAD,0
1.71483460766227,0.5258452204221612,0.9126507307362766,1.7862852702723495,0.15373096813797005,0.3438854311944493,-1.1771933053342112,0.47773391193957704,0.002059174626251944,0.18270115537707063,BAD,0
1.02756550044453,-0.47980302766138727,0.7301143573646525,1.147205183217097,-2.3787481685418643,-0.5450065494297168,0.06903961145227729,-0.11977807637193552,-0.6119654603374054,0.8946579785837067,GOOD,1
0.2288611648936238,1.2821021243129886,-0.8602825824855795,-1.2211655320164285,1.244673752617089,-0.7457571210607226,-0.22714093224186882,-1.1453753895426477,-0.9114334410092889,1.63472557620792,BAD,0
-0.7636685998296362,1.2369576761513077,-3.1778377499282064,0.624159421059932,1.4538239774600037,-0.31298212173533174,-0.28939714231541447,0.10365352783940168,0.19558220246283403,0.7306606420470738,BAD,1
1.4679449897518166,0.43904361567305333,0.7183866747869144,-0.5389725313168182,0.6638084327469101,0.6028655145581754,-0.01889861762295104,1.2006316081383848,1.3911189740164855,0.02063723407778315,BAD,1
0.1140954203857619,0.9213268818097625,-1.5688050062918175,0.571677771481292,-0.03467192822836476,0.2677524512867841,-1.3627612620709253,-1.1224933520844882,-1.6185571606857416,0.41801683013505514,BAD,1
-1.5056914742320204,-0.747035408960623,-0.649035599985411,-0.5172141210545022,-0.3082678463076824,1.4241376794601888,1.1895596585368273,1.2694750248387983,1.5125082420539457,0.6604679439262502,BAD,1
-1.175762850953998,1.5931605686252657,1.2151290585566237,-0.35978384671472324,-1.311104627014345,-2.3531030755552975,0.059803320936161815,1.0416458713078922,0.16211320779179883,-0.9046320494377685,BAD,0
-1.590595459775852,-1.4054395674961606,-1.0206766286316693,0.4383371091246884,1.4368641993187448,0.4946958744616615,-0.6972945751527571,1.213787111608597,-0.19373066829488975,0.032573642530524256,BAD,1
1.2639889963801907,-1.573819701816434,-0.44668161616718344,-1.3369588769430008,0.2977369645263943,-0.3426793613902228,-1.2510488685331815,-2.6231096671015486,0.9095937626170483,-1.4897890412225778,BAD,0
-0.6378963789618453,-2.0824726174163444,-0.4544176817857667,0.63594002573017,0.8269490235314158,-2.8969322841455107,-0.6261584623320249,0.40290836922165707,-1.934034093784341,-1.2911699292653485,BAD,1
0.6929446460946689,-1.3155058894067058,-0.581220323209561,-1.5756961039131367,0.335395804241756,2.2535874674071237,-0.3129490640102608,0.4156153067432717,-0.2819359480070011,0.7608407467583824,BAD,0
-0.4359409548357183,-0.03928303850051376,1.953821673087918,1.5515702358839867,-0.8083277352270507,0.0883842880063349,-2.2335959299762527,-2.3101625744061804,0.663122897609734,1.1575680349313073,BAD,1
1.5244720437199974,2.3836683439612685,-0.5116608432196327,-0.7142347688962728,0.21907543722731468,1.0827473974731907,2.0459197443161314,1.5442762207596832,-0.6803313524140391,0.14264997941411833,BAD,1
-0.09390715725968407,-0.7951238662178731,-0.9204165843638736,0.4330481010796696,-0.5154991904454816,2.970754775750227,-1.2846117982091754,-0.1265782931105399,-0.3260167735944313,-0.3190247757379744,GOOD,0
-0.3366944930826223,0.620285892992395,0.1363097376330485,1.3907387413245045,-0.021454963942936608,-0.5783215374970659,3.0754571977880523,-1.0229232186184916,-1.0392638824908966,1.5266421668495211,BAD,0
0.11399724408175313,0.9052330008308203,-0.7847499844053102,1.114633939910336,0.05465227480477913,-1.753994282546173,0.6091944332390139,-0.43517399841134824,1.2385812586576226,0.8295164407049795,BAD,0
-0.39502799184262116,0.49454736288747403,-0.12382625659873189,-0.36074685276415064,1.1365557612052404,0.8947108138933435,0.4333908136415526,0.16135806208089448,0.09326276482285865,0.21836565049359444,BAD,0
0.4135346953689667,-0.7815816587229683,1.838127918932048,0.06997800110994297,0.7744748210063919,0.9067824660960546,2.65299972032862,0.9397563153980576,2.008915025827284,0.340369202090633,BAD,1
-0.573247402740482,-1.35215902950831,-1.311328213604469,0.7316652535051642,-0.41200157699265355,-1.6777631670639699,0.5244212873559443,-0.4070251275491506,0.8859967694631643,0.05272756724905216,BAD,1
-1.789812189077503,0.6777534899166128,0.7449029197136188,-1.311474377298853,-0.6437631248353857,0.47781875048689754,-1.2628081611210453,1.4914875125234668,0.21429063072098076,0.29768113217589026,BAD,0
1.2515757759584667,-1.4518207784126245,1.3675477492992025,0.11354099164363407,0.25637355231375897,-1.368565315285248,-0.8792728756613424,-1.0396753938737855,-1.0479874783295555,1.6796324395394413,BAD,0
-0.008305548382691524,0.2772256400783182,0.6330556821577724,0.7418781784707364,-0.04191493216919973,0.5508192330696412,-0.554198915281289,0.7878748169703211,0.0691365501502666,0.1335616190928118,BAD,0
-0.45032926168220994,0.15678787968808236,-0.42222141916765965,-1.9194204695917458,2.1406236505923815,0.40803028231768074,-0.38308764438750015,-0.7992905539088674,-0.8099434112232763,-0.003500885295809811,BAD,1
1.3486938617518365,0.33913313872222656,1.3085830212668033,0.1450648034499193,-0.7891230837702345,2.1714513680775505,-0.4472730710055741,0.47428930713952533,-0.209048543120029,0.2979723054694434,BAD,0
0.12336632454181116,0.34344966627490153,0.7894048330736771,0.059457949130100586,-0.24733275127883453,0.4406552274055753,0.06990586342695092,-0.30187769592841346,1.3653722827410586,0.17715923034080402,BAD,0
-0.6034692611317086,-0.3414014138185386,0.49662159289772495,-1.00030680147818,0.2880948774977982,-0.6543994793724252,-1.7542290922842807,1.5023542652245732,-2.4365770893369247,0.6239114554433998,GOOD,1
-0.26935481242804654,0.17765149443006298,0.16186048071296033,-0.7422663892168926,-0.2713002464878373,0.40800124275418,-0.44359578605538463,-0.26247864057417475,0.02328743529185084,-0.34611756295913243,BAD,1
-0.75916000246447,-0.9969915218882116,0.3253046620273732,-0.000515072509564922,-0.15835345070459733,-0.009383701865119156,1.070882602765734,-1.6050007401626074,-2.186858339553732,-0.1178297673989256,BAD,0
1.0143411876113515,-0.20008537259164386,-0.2664924671172746,0.2878622837462583,-0.9988481637900379,0.9969268222397204,-0.2589918882975573,-0.6379601454313758,3.09114133882946,0.39115135761265346,GOOD,1
0.6263711721586154,-1.47017939275015,0.1928390515868117,-0.31327659541869846,-1.00637601903641,0.47820858982401215,-1.7283926042787159,1.2386872841205678,-0.13860869739394377,0.07594464991740202,GOOD,1
-0.8126169301996081,0.1475023146228721,-0.6317442778507989,1.5350338310645466,0.76131993410861,-0.23024480166774242,0.17408837514213463,-0.3896674219307258,-0.05946744453050329,-1.1697664987382441,BAD,0
0.3378313748863627,1.510135296852787,-2.050594681125049,-0.1513429994868302,0.009839499708978522,-0.6370618432633198,0.5541172477592149,1.536695794615807,0.9417092747451111,-0.8188730960864734,BAD,1
-0.97110454956216,1.4446973752372654,3.0484380259472523,-0.9980292640572032,-0.2810582884057131,-0.22748202735717332,0.7570070826363539,-1.0290075671908445,0.8319822457022611,-1.3382242591155775,BAD,1
1.5266330629529055,0.8725517692530437,-1.4918892579702125,-0.28551262396687527,-0.28386825087147355,0.9674025494379321,0.751632354127445,-0.1522906651114552,1.847839883790638,0.6483187434306448,BAD,0
-0.36838827305174876,-0.5590325924009334,1.1297627107543757,-0.3711749827750813,-1.482006900261972,-0.9395778938285383,0.5916256753060242,-2.0696622964500184,0.581217862100472,-0.9372937221519732,BAD,0
-0.37013721002543304,1.2139814660285864,-0.3631756807693263,0.6750224904507274,0.694108116605443,-1.1325376686170543,-1.6288711551488024,0.44918211582844414,-0.5386835237560632,0.447828222941936,BAD,1
0.44644121576868245,0.5647185954631514,-1.7394601353654828,-0.058300027772755086,-1.4345517750245937,-1.6923349466281754,-1.8005538964533623,-0.5735171071962607,-0.07779123316377945,-0.03718429408537724,GOOD,1
0.9572307047512165,0.30537684475859633,-0.8548581564445611,1.232727408336111,-1.04813142262457,-0.5062956597569385,-0.3072792582591278,-0.03737620430588561,-1.4804612370051808,0.572329394736455,BAD,1
0.7012180738731081,1.6944206590587567,0.6388755543873108,0.17745777273648217,-0.5760328717619783,-0.4653726398328532,0.905147141029759,-0.13306314729306923,-0.5168214187920669,-1.018828687809827,BAD,0
0.4729981400713461,0.0987231822155393,-0.3234599482552295,0.9429964533188151,-0.792285899460465,-0.2096138181916925,-0.7641584310267281,0.5220635361926466,-0.6457709072841121,0.8320365823179077,BAD,1
-1.1188077823585738,-0.8042415791170479,-0.6357791970446626,-2.3889048429102444,-1.2687398749779877,0.2590100644706592,0.7676303972196425,-1.3465149400089473,-0.7521008113140951,0.25223076589532417,BAD,0
-1.7038739020991933,0.6553040499226565,0.1716965641453466,-0.4510955738172065,0.892497370904322,-0.7725836309146203,0.29538789886726774,-1.493504306813929,1.7414394113623526,-1.0257219695631392,BAD,1
-0.7054587574894234,-1.7388377289005312,-0.42033803362507227,-0.28020982969853914,-1.6369074499203293,-0.6332502604849954,1.3406111240176026,-1.0941986922090399,0.3519798186783202,-1.239256275946495,GOOD,1
-0.568014794111777,1.806832397727188,-2.942542358695892,-2.713091255374073,-0.008704426429334257,-0.4625651411613431,0.7131006885854986,0.1855851745923783,0.30447086561832026,1.0667735669851082,BAD,1
-0.6559479092022711,-0.26494360310957027,1.299411652562358,0.9045901227287364,-0.26738528211473384,-0.09246123286955563,0.041230228844473985,-1.2046211540037122,-0.13900299482536926,1.7673921063076938,BAD,0
-0.5257565573466266,-0.31916800449030847,1.1734994170855468,0.9898258752031345,-0.16288376836437485,0.8598685724670527,0.23498390608380232,0.4020299047978245,-1.1847290502667696,0.698637557475087,BAD,0
-0.7766768770071549,0.2307919651386059,1.4700515703694628,1.7995843664557274,-0.17020179125138332,0.7155428853001845,0.3300007474964694,0.06068173946180898,-1.331054505711408,0.4768601415325838,BAD,0
-0.18744894105594231,-1.2632107667564407,1.1194858511036487,0.38232690196896896,-0.5017935974491654,0.5663350662845594,-0.7444063206344611,1.7056778917887319,-3.052157700888762,0.5076811435485002,BAD,0
-0.39558136112443876,0.10521797104200956,-0.6578905163041872,-0.6794039270901112,-1.203888468390649,-0.9722577173530909,0.21284259569177175,0.18938500746938766,0.35072923621883484,0.5022632435717035,BAD,0
0.15516053976338173,-1.2880721408305034,0.024046469928993622,-0.26835373465248186,0.7242479214478986,-0.6248342430966688,-0.706770437856971,-0.029768058068015923,1.3460609580407157,0.5758857746862118,BAD,0
0.211587417783178,0.7920190451761027,-0.5118839913341118,-0.17137550747661218,-0.7379638694702658,0.736604085231805,0.17204731997186337,0.1729336831207801,0.0009696715375171629,-0.36051709400650367,BAD,0
0.8747911787925724,-0.248803480320292,0.7290203359291288,-1.0629498736411602,0.7528473500354618,-1.4591140439046038,-0.9081365009262622,0.360621899923155,-0.39642934931273716,-0.15049219794051108,BAD,0
-0.32787875484913115,0.07317523020466192,0.5218614010838672,-0.1421421032791752,-0.11212581463758826,1.268604863117249,0.6297012214635245,-1.6960249304824457,-2.0684886528441524,-0.42820404353239433,BAD,1
0.5955646099544972,-0.09027489568618477,-1.226840560365085,-1.5387328431758014,2.1087473076139,0.7451321174251156,0.7282315867652298,-0.652065550719026,0.46546694293949664,0.9004158546548836,BAD,0
-0.6989672702330156,-1.0356931726816871,-1.0606098590193884,-1.7099133828816797,-0.5611493764886399,0.2701326706084578,0.24422319132875403,0.15728142069722975,0.41011088921729766,0.9377669827629808,GOOD,1
-1.4241716532411421,-1.1670566370926119,2.005483757204332,-0.46949329187695915,-0.6164472757462264,0.2516966782921013,-0.6946973924444791,0.6198906796738826,1.3725986738419067,-0.6886715516556383,BAD,1
-1.0907883736607353,0.5320792542710849,0.3657652925337719,0.5815388762048053,-0.4822933452595847,0.29058387908692823,-1.097378427826178,-0.5848258043186808,0.9861805818016974,0.02139181599437951,BAD,1
-0.7047838498636896,1.8872959637218507,-1.2220137648314404,-0.5476875005700743,-0.5198191888672797,-0.11915352217072854,-0.9612202914586103,-0.15562062170354668,-0.5439809480560902,0.6337079850842353,BAD,1
0.049170159403020774,-0.44519910798446327,-1.1731102650846041,0.7387663329568541,-0.7519201326859077,0.9147788133427432,0.4530985999218005,-1.261153288606503,0.3978241766601181,0.871853243832206,BAD,1
0.6555611309603486,0.7199287372515748,-0.18483034946210652,-0.19041399517990135,1.7812964135662936,0.6506191005716362,-0.27301161411375674,0.15670992387271232,-0.785922335375653,0.4935374172980492,BAD,1
-0.41401247725302864,0.272613195163142,0.7664587924937717,-0.16656674102350735,-0.5475063292356326,0.9823158284971548,-0.7447674327482532,-1.8184965794874965,0.14505347677355737,-0.44791485501220213,BAD,0
0.3374802886398612,0.7859708083568473,-1.4548744080505145,0.9224457600101725,0.5279416954009412,-1.0946437476358826,-0.08639456017726241,-0.006922366862073255,-0.3059713095302173,-0.6865426229028018,BAD,1
-1.4025187241583255,0.27694524615813826,0.1431845924543202,-0.11368941445097215,-0.8426965510431043,-0.9283309231317896,0.2535440595496728,0.5093804877362589,-0.09048228106374677,1.9131411081768581,BAD,1
-0.41968299307786827,0.6300156925294568,2.335448688897236,-1.4903003992572326,-0.4264302357099177,0.37790782378210697,0.2933040389054912,3.0688243995287183,0.04855916913207359,-1.27226049003774,BAD,0
-0.009879457256564089,0.04271542022728114,-0.6657511366921286,-0.2682222555703617,0.9931547555914206,0.16588565175121242,-0.7077000420153342,-0.10869266497775316,2.79370364528099,-1.880642221647066,BAD,1
-0.6191127229110173,0.7652596260950967,0.04402913878807276,0.23626725570147222,0.6664199745490696,0.4693679444580669,0.1944953687985473,1.2210649821849664,-1.1538001426965592,-0.3490237287202601,BAD,0
-0.6173471308358222,-0.36718137221177866,-0.42550840316498356,-1.001259599708581,-0.44213122221921375,-0.23320777329470554,-1.1166864344161846,-1.297961315329656,-0.014977041977669693,0.9544199429424128,BAD,0
-0.5054132152253148,1.17011849586039,0.2778145047149095,0.5062540640518269,-1.0891189775913592,1.2400229296387022,0.9691238137476161,0.8853572549137471,-0.47817422400394144,-0.1442494746914394,BAD,1
1.3908974962002638,-1.9595040408033073,0.4049172084616556,-1.3377060596310137,-0.647593683632049,0.02507268024730139,-0.09804565790309053,0.4512233372194921,-1.3619388411673679,-0.5243142185166668,GOOD,1
0.344457468298706,2.2422514543888306,0.3287311983866126,1.0707266268581146,-2.141810362429889,-0.41838774529626366,-0.2228924077939993,-0.6854976711086668,0.008169111945545933,1.6127498021893907,BAD,0
-1.001738705720251,0.10080107622391843,-0.5769987750473409,-0.11105165222924164,-1.1864291097488469,-1.3791842822286795,0.11699090921663788,0.5553024956312104,-1.2608495476577877,-1.1376325773102531,BAD,0
0.7271686055960291,-1.0769817627926486,0.540145430418558,-0.09263942987689969,1.6719238621190946,0.06572915770284406,-1.2526582874216647,1.802509838252966,-0.8170917020178567,1.5837321717407467,BAD,0
0.17070552623369725,-1.2008218429700466,-0.06205722764783259,0.1754932420680645,-1.6397190223832434,-1.762534177110282,0.019523657399905563,-0.3799953343545955,-0.5191927608524683,-1.8354646081806025,BAD,1
-1.6518353782626993,0.3876242134509851,-0.055815206260298254,-0.4189561647485181,-0.4895023048073556,2.4981852522859977,1.8202488760519777,-0.3188015846441707,-0.5223970766166642,0.2185214659746412,BAD,0
0.2774916815181191,-1.36735773807923,0.45004812249174764,0.9128729477996169,0.8925213798933934,0.004425020932540122,-0.4725592277675815,0.03707035134378358,0.9151736880697362,2.367086571619357,BAD,0
1.5486001454621467,-0.27983154719537046,0.4256151099063593,1.6326918002109532,2.365569661629095,0.22461495722615582,-0.23300641550387394,-0.0038635019992337666,-1.1217634572376318,0.8106237193535766,BAD,1
0.2851105978334614,-0.8517544811641355,0.5404163419010085,0.5854265068595171,0.4353840702389867,0.6755864896228696,1.0024429358409905,0.3078185509050626,0.9939147385247096,-2.4599384363705163,BAD,0
0.7753391038475492,0.2567851065498783,0.7926895315113881,0.9745060945828686,-0.9591807800987507,0.2747565620365561,-0.43893989031762654,-0.10303225051538069,-0.6519685307693242,0.931551968121825,BAD,1
0.6641124362873765,-0.737417051080993,-0.6441823477865545,0.3800675959005891,1.8565080047967537,-0.4773616716027534,1.293162064848604,-1.1752813462709857,1.6030021714569993,-0.8011928144073577,BAD,0
0.9634678340690639,0.27053019810921225,1.4539162232051452,0.9972098549787022,0.7324621074290278,1.225668489637076,-1.4529538158667537,2.0742956034710858,-0.47248187968566646,0.31951809303752776,BAD,1
0.05144094467985082,2.744245709007169,1.2276422621452008,0.4092613544968734,-1.7145540206585776,-1.0343863850797108,-0.06176363260228036,0.45596243891062305,0.8208634285981882,-0.6483419580995496,BAD,1
-0.1886814004079215,1.1397829490957772,-1.4244487697155876,-1.387131108603234,-0.06327624066934567,0.40216111691868905,0.36717822094325214,-0.7413114972865851,-0.3244400476420387,0.970491183059097,BAD,1
0.027435575930855265,-1.318728680034171,0.7642316082547973,-0.5382768218439051,-2.1407650883194154,-0.5390474627362842,0.47077590143415743,-0.12761194655748992,-0.9454001736213901,-0.006980237209049416,BAD,0
0.3773571164455151,-0.3717387047762896,-1.5892614715298006,-0.5395813721953807,-0.5827895882105733,-0.3389854106066452,1.2368513651060946,0.5770464884717904,-1.359615163400356,-1.6564407918375745,BAD,1
-1.0200358171457982,-0.7264207056983557,0.10152534824486702,-0.3913371422211181,-0.206480429758519,0.5562217010087382,1.4265379388542718,1.0358654738684168,0.6882847684733499,-0.7735754238697032,BAD,0
-0.2286086184936847,1.1024017817734164,-0.7036215498630607,0.390009851770342,-1.0525619563523023,0.7588940494636502,-1.7587247584454182,0.01925434149187458,-0.6437509894275734,2.104508145015275,GOOD,0
0.15296125878608097,1.0324762479444467,-1.1125364364612045,-0.3865221584319678,-0.293040426061791,-0.9218016192794248,-1.2092722033150038,0.09016721211548896,-0.05143713900082574,-0.10889427479695235,GOOD,0
-0.8522414240924793,-1.0160680617973532,0.727289428189442,1.2347081220814626,0.2665952165074117,-0.32663828014247526,0.6302809372499756,-0.4766158461248045,-0.46369044128747944,0.5441161621963653,BAD,1
0.8558571791464527,0.7065724396546637,-1.9104271939894182,-1.556449285559043,-1.392247774156256,-0.596231330632952,2.068301146704595,0.5261217970307714,-1.1049594204105104,0.5690255496377767,BAD,1
-0.29736635947518414,-0.379320610964145,-1.8234709739790875,1.1873099018721205,0.8362433955647836,-0.7807873162091037,1.1117853482868367,-0.7600095363392797,-0.2804212265034999,0.6116882852504812,BAD,1
0.4505768825323702,0.019989770419915846,-0.5649074420262484,0.4377316737482497,0.44673666080545754,0.4452757078399212,2.2347292850897604,-0.7313703991103462,-0.8806295148404243,-1.3426128597918663,BAD,1
-0.4278917040725568,-0.02393112263100032,-0.46010366265153896,-0.4371560588612317,0.4751353982970479,-0.04806177459409504,-0.8573833765451034,1.563035067307411,-1.4138013968661782,-0.6384520977538112,GOOD,0
-1.9184383898558064,0.9514158319859496,-0.6055628778665265,-0.7646693833079856,-1.1608275883619272,-0.7376524846189467,-1.0803335904526132,-0.21736457050114805,0.238000446740212,0.33326644930230903,BAD,1
-1.1378148749220056,-0.10004219663613477,1.04284973093779,-0.18954356423206953,1.2762558005711353,1.9861664423967,1.216565182812689,-0.128882899222258,-0.5108849588159162,-0.23329561857308995,BAD,0
1.0671544459765616,-0.21914210602782425,1.270585460628179,-1.6068602698897898,0.44527713098240757,1.5262051676530732,1.2663416057978902,-0.6742689194422462,0.0448468476957117,0.889300986675245,BAD,0
0.10221769211308909,0.8196770117803258,-0.01878493715161128,-0.6899409396310744,-0.21852459898028964,-0.3436985956291072,-0.8426471116897968,-0.8495432555174289,-0.06515782470487126,0.2279089115056004,GOOD,0
-0.8741095432013481,-1.1935541468050552,0.5429503096999544,-0.3247641704907322,-0.6325340145304519,0.4177992645605246,-0.09346488622753674,-1.15672828173346,-0.4603067637603087,-0.9256396062934826,BAD,1
0.989190948394339,0.7487427808696822,-1.4911034917854848,-0.5778677104916449,-0.24524933185581654,1.0854868029171592,-0.384675748833379,-1.452337884503803,-0.7759655285134905,0.4028635823751985,GOOD,0
0.09316500738040918,1.7623187263301239,0.47025562739052285,0.8882002030628473,-0.2987624248503877,-0.028406246480492583,0.2470173750050374,-1.16520516480339,0.770671962967783,0.12298636580018424,BAD,0
-0.04167473307039032,0.3543272883031789,-0.785693030566505,0.05577347263967985,0.3724227953837751,0.13416326001354098,0.39959859357368344,-0.5950670906456115,0.6623731269155888,-0.7409579808346252,GOOD,0
0.5633619993579597,0.07319488073768379,-0.8300185632279338,-0.29324748681151674,0.47752329469194915,0.2575224266881353,0.45400852049349316,-0.14433685977598537,0.08463382094596893,2.325547962341513,BAD,0
2.2747310532130847,0.019565199649669414,0.8411401627204768,0.8074383951340199,0.09684577226055914,-0.024842916732734862,-0.5775235457765234,0.10639818715793171,0.43957704647198764,-2.213984904143008,GOOD,0
-0.4677176002270505,-0.8659567106459213,0.20872572899280303,-0.6177987887581811,0.01359649153390966,-0.39163679288628667,-0.23402405466635834,1.3133511990970814,-0.6080607571315315,-0.6571223512297214,BAD,0
0.6149550829204763,-0.575426302439361,1.2206863738801914,-0.5988628577415465,0.07183368558944798,0.16632541546175675,-1.2679082802920063,-1.1746970529978196,1.5994344430140468,-1.0259149003659052,BAD,1
-1.2361289539239309,-1.2055423205982634,1.2895321434363964,-1.8633461027114075,-0.31813677222194386,-0.49626602602787306,1.1550074629385076,-0.819427280745377,-0.3000867744641366,0.9132640411800835,BAD,0
-1.1630027586270797,-0.3949886906678373,-0.4201928072906043,-0.04532179552182642,0.0542302331504299,1.1925091216797732,-0.1594548208339542,-0.6042417775830949,0.6014915719996972,-0.6908010249817977,BAD,1
-0.023183623269922373,1.1082190001816108,-0.5938636622434641,-1.2940455019646384,0.4208603965702796,0.5681593144208219,0.36038628698531605,-0.9782119283120108,-1.8070842887965775,0.5271024888257102,BAD,0
1.3392480209571154,-0.09468159288885175,-0.6535557772034671,1.1961005756267789,0.048658644650656446,0.10043771231206375,-1.2107426843421496,-0.46416147981122446,-0.3525687509606767,-0.28071358085961373,GOOD,0
0.17902477816618187,1.1733951146429624,0.8816628689234469,-0.6488106849341218,-2.0223549568919927,-1.255963201270817,0.6417862450849109,0.364502625282405,1.7539364581411088,-1.697468436348175,BAD,0
1.4641841087081369,1.1404016349476724,-0.4520092032556893,-0.2816206947723053,0.6586028446993807,-0.6975401068041825,-1.6125936015691424,1.8814719474021258,-1.045360845867488,0.7295379571012406,BAD,0
0.3233134486911175,0.3834333964992076,-0.4623986344484112,0.06819907533694874,-1.7649350068925151,0.2542603689451034,-0.3911794985980764,-0.823578730954452,0.32416650283888554,-0.7986040415234354,GOOD,0
0.7847890467688751,-0.21751099451129136,-0.9352155682555311,-1.0920335648847261,-1.3325406314353752,-0.6786531556406397,0.5881778539175567,0.42493809015079576,-0.5197319296545284,1.117202748628705,GOOD,1
-1.37523090294129,-0.11888717886373608,-1.8773432933058545,0.8791281988065376,-1.6511703865289256,-0.6359171762852686,1.1041990313954222,0.4085691376701618,-0.5871818300804736,0.16148811063800775,BAD,1
1.1935919500724148,-1.857340581685128,-0.610244469676709,1.468751425541679,1.7204252116449434,1.5238401294980775,-0.0307088269039589,-1.0903972368931598,0.8862158991551875,-1.2120512052360488,GOOD,0
2.106501676267913,-1.03063370891888,-0.09311566186512431,0.5902620996848192,0.23298225814660425,1.0577972164892504,0.1394165152470289,-1.3349581164210758,-0.5249048224805601,0.9770172121056417,GOOD,1
-0.2690484081659612,0.30366161573661693,1.3736748779833716,0.7169822311267131,-0.8449944468716604,0.10820976815076608,-0.7515673145798345,0.5297964760892,-0.7331394131419613,0.9940208481733482,BAD,1
-1.309382915862347,0.45675778890958735,1.1219660886443885,-1.060578261821812,1.2358240510508067,0.45517679072607287,0.7411917862481286,0.4134308058754919,-1.0292591287129158,-1.3276315081441246,BAD,0
-0.8250386013035438,0.22239638298220232,0.9529998017530307,0.9651279286766784,0.9166397570770651,-0.24123807436677094,-1.7803463965076336,0.8202701237966208,0.32518313793368553,-1.1754305174893092,GOOD,1
0.23135368422652705,2.2122765235316018,-0.5056580765523505,0.9522983388991142,1.8449023917745502,0.6785477456561536,0.4148411367981538,-0.15625804282691932,-0.8789971354810918,3.1032399794594023,BAD,0
-0.17576309062520454,0.9879352617247644,-0.9352036585109805,-2.124947546699506,0.9816384247619808,-1.6466378562589274,-0.5517083962600628,0.11703441025390465,-1.4170566796820443,1.2556163013549593,BAD,0
0.6069606713672852,0.05814617050281869,-0.3247424292023316,1.082589013706315,-0.6151751337753536,0.08140630525014216,0.19092446991066722,0.7007453818368384,1.0894826575735188,0.24505200789418982,BAD,0
1.398584940217784,0.40620104755317094,0.8784065923762457,0.8487566908181026,-1.4784393785557004,0.7089030024595032,-0.7299263800056186,-0.5216876358094221,0.9826784966143279,-0.31056489277768395,BAD,1
0.23152932938156773,-0.23766419529939137,0.4533503649866831,0.23411801246129973,-0.5059022131926387,-0.09524402043039289,-0.9836164748525968,-0.006634059646330699,0.6391537426000826,-2.6208887314763176,GOOD,1
0.6986905872515593,1.6652067930183982,-0.4969600996900058,0.8310881907915192,0.31207716313402967,-1.4981570757311968,-1.4431375374637399,1.2075076180365012,1.2099340470517477,-2.090565232822766,BAD,1
0.14636637118806303,0.2975029325074517,-0.45616527176011046,0.6409565526005246,-1.7005567972904958,-0.6568540320000341,0.41721564663273797,-0.34937679402893174,0.556888894612665,-0.06882490966773665,BAD,0
-0.06315777233882554,1.081522640031393,-0.6345466105076734,-0.551454949878625,1.2838616319781853,0.7694847669420651,-0.16564360018732804,-1.912741681213301,-0.18065817092166692,1.5875752673972494,BAD,1
-1.2121462693999776,0.754863204158838,0.628544098671352,0.6025212846215164,1.1210365956878257,-0.21526090565578046,0.13532064139501476,0.7322815801255288,1.6726079359105228,-0.8697509967392082,BAD,0
0.10517229477284029,2.0810027026152444,-0.3367244397422846,-0.7114767992481795,0.3102102336377156,0.6761151056009659,-0.35713402641347863,-0.5382467545943875,0.6459161354882045,0.9004903444022819,BAD,1
1.497573719933805,-0.5693305331105046,-0.27812103579281405,-0.45052292858197907,1.5467453244006697,-0.40679483307805203,-0.7110495152167858,0.07354303400825488,-0.3236803002561713,-0.18549301539068613,BAD,0
1.2819697434694526,0.10885279779940993,0.36667841671681456,-1.4503505206255487,0.2520001325390595,-0.2474115160300025,-0.4444508447072322,-0.9701366855123716,-0.15353839970402167,0.2790257774672482,BAD,1
1.0929062449079745,-1.2684132976380045,-0.08530667196490285,0.7472097128328634,1.7221526906080509,2.034666107430743,0.935195406938048,-0.9331513306480976,-0.9466113086424898,-0.8172806429568581,BAD,0
1.9117967382799428,0.5975030838895697,0.6988151411328831,-1.253461516508328,0.8345057824786208,0.7437451583288854,-2.107917360218903,-0.8079759881855513,1.4892701672508033,0.03932445930899719,BAD,1
-0.33862674445959395,1.3125149262756282,0.34912546094962843,0.2477777315744835,0.9484505820042213,-0.1900194908522854,0.9753644821143062,-0.7293954096831388,0.29600746522941035,-1.4556643240470744,BAD,0
-0.6937893528254483,0.0636242950917724,-0.741646297278091,0.9247863609871083,-0.9245855458626729,0.2538136545072864,1.2258620867829373,0.16259649834628684,0.38569102855937804,-1.4259050860539464,BAD,1
0.9545745218777073,0.575115849276319,0.022819449649284375,1.4335781698864436,-0.09861110010161749,2.6020326146236012,-0.44104773888806653,-0.3014032975765637,-0.3567708971789197,-1.0654791795475478,GOOD,0
0.8301259624698027,-0.5344651540530098,0.6902654585328603,-0.5300841018180766,-0.6618309361104925,-0.6136353127495748,-0.1340387587045649,-1.019860583491507,-0.14675366434578774,-0.33988565897721845,BAD,0
0.0007302320988139117,0.9335334190631993,-1.205462989858732,-0.9542268041348506,-1.1938123939475502,1.9849821994290537,-1.6547941028315367,-0.6627468268299572,-0.5606234381525964,-1.6337372713928775,GOOD,0
0.3537781105137001,1.6756914899943371,-1.3304015115749848,-1.2998068575705992,-1.7046748337019944,0.9945675010079076,-0.01848260402270144,0.1641368615015545,0.49692911373364457,0.5555285254498407,BAD,0
-0.7878726378641243,-0.8044282431739281,0.08413289014050133,-0.0075986273720197684,-0.4686376264145922,-0.4545805983609782,0.8547830276884228,-1.130477941232662,0.8875198015264653,0.6886528812110533,BAD,1
-1.2437082990389279,-0.6104179192885061,0.5543000722105074,1.6832076155873463,-1.1694406044550578,-0.32548446576866163,-0.031607240206879925,0.6669002284790945,0.32755705408099023,0.22263839681951053,BAD,0
1.4419813583713552,-1.7771343670487052,0.29177939906102957,0.4657540661264876,0.29453865528936074,1.4427124321198368,-1.891248343454304,1.3907985356383448,0.5767470925118902,1.438992624841683,GOOD,1
0.8293118012012306,-0.8098475429066474,-0.4361724627344288,0.09510951954020823,-0.39227021323763883,-0.4898370271525329,-0.4236944862396808,-0.6851470855800823,0.47184933293893827,0.2693291036043075,GOOD,0
-1.9265170244804704,1.335030458455545,0.9317028993227622,-0.6189656181161063,0.6616433827076262,-0.4110761214322584,0.2854702873948263,-1.575944266465281,1.7729376202379334,0.7209366925927642,BAD,0
0.11804558408662895,-0.38972897589120264,-0.5737128285454849,-1.696615492492209,0.8584748530565681,-0.37109302376568626,0.605023809669796,0.7021529443043343,-0.6765910585077096,-0.3845724935978813,BAD,0
0.0816385790856647,-0.13197919897835914,0.5496369550668408,0.40114772894243367,-0.974314174175988,2.255516943222515,0.205685741635049,0.5796564772329018,-0.8315818662573083,-0.43107469909487256,GOOD,0
-0.4288589881060432,-0.35701180829852575,-0.7482867610261381,0.3679867910554471,0.3690974508988119,0.4999404263628409,0.04693063783469933,-2.104006891334275,-0.059155297893188796,-2.1343335458672303,GOOD,0
-0.23585763004964908,1.0088479891466082,-1.7754316887967099,0.9182835242371322,-0.9946631968105427,1.4401940612299375,0.7586029746562131,0.5048822285674938,-0.43171817337798374,-0.7947285772201209,BAD,1
0.012730092278151351,-0.6154724806227132,1.4057509206507686,-0.653978843828607,-0.6149962735914429,-1.3046918120986954,0.9734822283480641,0.5717414301410272,-1.5309649292754919,1.4297295364630942,BAD,1
0.22619428475934772,0.8886917511543007,1.3584933527048302,-2.024667293315535,-1.6421694306203969,0.2615838248731066,1.4646269480622627,0.5345161008901658,0.41485991966222135,-0.0571945045638237,BAD,1
1.069890673568253,0.060387851301092914,0.19279749447192268,1.6615551226239418,0.5848697721172323,0.7770024582615305,-0.7297655109140675,-1.4138768534698636,-1.1148770224022657,0.9581196635716073,BAD,0
-0.7869109714742311,1.4036503039800523,0.5102566972022606,0.21749884318356827,1.389846434141142,-0.0008595390473131485,-0.03442700222412232,-0.4706878802965152,0.515243953234084,0.3422597198837299,BAD,1
1.026260391740999,-0.4612861239179891,-0.3312131967155834,1.9880515925399678,-0.6599316554169319,-0.3751601906589956,0.15773906254957334,-0.9223126156465187,-1.7317213186083487,-0.00803621297581118,GOOD,1
-0.16493998342668068,-0.0611778861282011,-0.2550044584058043,-0.05621891846012344,-1.7856970054615506,-1.486894664765458,-0.15090831912800576,-1.6897083955097763,-0.0785047868011423,-0.24007423579078785,BAD,1
-1.268779261795174,-0.06825894272717224,0.7584998214364466,-0.01421234726531984,0.5537062707714548,-2.65929491283348,-1.1694921570907093,1.7637630002502107,0.7432926867649577,-1.2538753974748282,BAD,1
0.35000646061649093,-1.2305882145228155,-0.002814045625518957,0.39349144460742613,-0.046395992780587404,-0.1382885915078983,-0.909038492588352,-0.6832374887142385,0.7574839622592037,-1.329867549530585,GOOD,1
-0.6425339853562276,-0.3027079447140991,1.0913069576494943,1.3678725663554767,1.1142409058025198,0.6353425461815043,1.2496457970122972,0.7768019963907099,-1.1639120129384934,0.17785968277496805,BAD,0
0.3460406911515463,0.10586063777674003,1.3637351448972612,-1.3122437556813522,0.7794679352489694,-0.82515323784129,0.94197608989959,-0.7810093258626759,0.547802481965665,-0.554809712359183,BAD,0
0.5254577631510151,-0.41329513756207104,0.8462359030114339,-0.39004420774871223,-0.6286349849052633,-1.3394184941520948,0.30485048586429536,-1.2256886373782059,-0.22771662173212834,0.5177617865712423,BAD,0
1.0434623213847511,0.2641770870057466,-0.3421783165617072,0.8627552643672787,0.14481726733479808,0.9900927412119639,-1.2425089147926682,-1.3978144982173617,-0.5564139212273763,-0.6355033789052508,BAD,0
0.48449889662233747,-0.38447827384129263,-0.3556345851617479,-1.352985959330284,-1.275984959590411,0.7649614692425523,0.574568293170987,1.6408076786955552,0.2569218135669171,-0.8115564919128273,BAD,0
0.9580903911290884,-1.0509617641829354,1.014996242847638,0.3425935690429639,-1.591191344026891,0.9124643213086916,0.8797578468036906,1.1953692393715485,-0.6159286299444251,0.7699641106746961,BAD,0
0.639596305422258,-1.0925478383754708,0.7580157770972914,-0.5184725743921419,-1.054506055890485,1.2820744548987417,0.48676454339367253,1.1438034060252158,-0.27099663716579525,0.18114739718749745,BAD,1
-1.5566185741159093,0.74169511620599,-0.06830582683453038,1.3088407718201929,0.37152082507198625,0.3817372189463906,0.5957702078871173,-0.5103362698042261,-0.09481528965254712,1.115597786910938,BAD,0
-0.24680891818821038,1.6287873423751433,0.12937849033169618,-0.5203787613233921,1.6774484234908469,0.01745589746376075,-0.49185683297699256,-1.409402899533779,-0.056542011931055854,1.554571490253075,BAD,0
0.9857071606746826,1.1285809091015708,0.869088187348639,-0.29318533518990175,-0.9612516128435538,-0.34576355977412576,-0.9015338760240358,0.7418458154702314,-1.1123273524726398,-0.6442832702606249,BAD,0
1.1365187168687023,-0.6737947311935673,1.3649205781425247,0.8528747032646579,0.7969790295281057,-1.114485004819118,-0.5993722912196567,0.6579994601891943,-0.5350260725233417,-0.4952090137444442,BAD,1
1.3116138965870339,-0.48228567666424477,-0.2669213685912646,0.0035948174650882233,0.06294757282178229,0.7825349282147542,0.930436405335948,-0.7392204981966004,0.45135118362020465,1.616272562054653,BAD,1
-0.8111574323176237,-0.02517438363977231,-1.430301406427262,-2.17831393915405,-0.47915941539516466,0.3024418617726519,-1.0872285535761634,-0.46177076377157433,0.13064341635240415,0.7501876557942502,GOOD,1
0.7458871662889751,0.8232319647911001,-1.6994702442499139,0.6941877627583015,0.973839028268016,-0.10386552335323017,-1.2385291971949883,-1.1403939903493299,0.444095760332138,-0.9111883045698904,GOOD,1
-1.2313395318029046,1.393397233329579,0.556218957225953,-1.1201037480405118,-0.2799564399347294,-1.4353920092284198,1.2678376278578412,0.2472731410696709,-0.11052472316742433,0.6571851087406005,BAD,1
0.6642432504746076,-0.5512927147976496,1.5026814461970164,1.0035786979890935,-0.010051292840614649,0.27459091160947163,0.23626014993892516,2.451535748944288,-0.5726660006956273,0.7764764415647095,BAD,1
0.3754880723863728,-1.442635917627485,0.7836854315511412,0.6298055518550634,0.8409677547802128,1.1392435440554372,-1.0484189362065097,-0.7524618275226801,0.2746901577465657,-1.1868773376437771,GOOD,1
0.7859872610566854,-1.4873572963545152,0.47931298512215315,-1.3591967594209746,0.7467078988016431,-0.1376392891984992,0.20217543723207287,-1.4390802986536873,0.12804040660413096,1.139903798423908,BAD,1
0.7052898762424247,0.15853270922946014,0.4923505210575974,-0.12422675768195297,0.9024453095393837,-0.49172784092702276,0.6924028260202899,1.504262706133446,0.7843045024661508,1.501207264244723,BAD,1
0.7445522759793363,1.4071467946776688,0.2246652446167972,0.5942246658750049,3.098495891955551,0.4422838636953997,-0.8055175085316268,2.7187026756749386,1.5839994703130373,0.2744482230199552,BAD,1
0.07838101884936492,-0.0936029415487641,0.9062665634676943,-1.7829447103396834,-1.1568427749012078,1.6254427048477151,1.6040121192913714,0.34276663682777264,0.7613299319075406,1.591376016297878,BAD,1
-0.8272136507492032,-0.5903178495383116,-0.4911671555192219,0.24796282174654055,-0.95748325896162,1.1215215336826934,1.0028501698525691,0.32895473832879724,0.10587026218785742,0.856323150370278,BAD,1
0.9655496425973131,-1.6441730542780735,1.7641789975904485,-0.4454616794679921,1.2368852927561984,-0.5774072815883358,1.3578337003225849,0.9920815465044458,0.8269585581344471,-1.156420840098197,BAD,1
-1.4606687270435548,-1.1297705750982847,0.8351106357135379,2.170527768009141,0.6578398238534519,-2.918205258271673,-1.8651045094038816,0.3314395360345449,1.5669104577725257,0.6581095741341892,BAD,0
-0.36000085341017085,0.5881147044609139,1.045761224116669,0.02209408602764313,-0.15715572501563033,0.8094086187518283,0.7252860288141614,0.07811267273299682,-0.1893513030797889,1.1164897539849317,BAD,0
-0.47245705561705487,-0.531265890621797,-0.32469951146877707,1.214795178687311,-0.4134204317915382,1.2209090898638606,-1.5939700911339825,1.2475995931402062,-0.3838850213932088,-0.20137289450001553,GOOD,1
0.2679802264108601,-1.8602909851890392,0.737458763132361,1.4208263348492327,0.1557600454180512,-0.19953888373627557,-1.4791955936467542,0.3218838022008805,-0.1883499548549016,-0.5469133884539598,GOOD,0
-0.023065144544079343,0.17865608762370627,0.417969782246652,-2.2905291920346644,0.42508234179332827,-0.5534834607749662,-1.059841547355534,-0.12912313627590133,0.8264765753142725,1.1871091644573357,BAD,1
0.8304004949146392,0.5688352819685143,-0.14398386115816839,-2.691974232589755,-0.8672296668406847,1.3437062202503471,-0.35457896320773896,0.6838482324196111,-0.4131055060003951,0.40877383509133614,GOOD,0
0.8021738522067409,2.5258169202279994,-0.869520444664256,-0.554680939115588,-2.0663494637232955,1.1794163552689234,-0.37203173902205416,1.5319454565427897,-0.2153390106447363,0.08282277473830085,BAD,0
0.9484013458772034,0.9801551171041022,-0.8308466941785935,1.4383087790275448,0.4490030634479099,-0.9148241235183784,0.07749872430684882,0.6281363072314776,-0.5665714823800152,0.914284359044587,BAD,0
-0.3549652532759749,-1.0735959825327457,-0.5006540634783303,-0.3942108070050993,0.5784599959130393,-0.43013895669136876,0.012236930403898689,-0.5372746509253481,-0.44958122471676565,-0.985073502705532,BAD,1
1.1212586803611613,-2.0377053491406296,-1.395412078207256,1.4806690150831938,-1.1804968529070106,-0.20693896920386498,-1.5047082413707775,1.3785568312659187,-0.3435992626433872,-0.7219107092989372,GOOD,0
2.304493045474172,1.40707985530206,0.06636620190316088,1.140900148690577,0.4790596015025314,0.7571576690076132,0.6406145149625188,-0.822833596290093,0.025970326358889503,-0.6334110721570507,BAD,0
-0.5678194484370602,1.2581219492239952,1.0863428350536655,0.7982743223901136,0.25008817580526044,0.5141667720354559,0.08858630728722282,0.14115132020178012,0.013131476560384579,2.4487369831830867,BAD,0
0.17831801555079285,-1.4037584092978783,-0.023969374422625932,1.3319309980648484,1.790057726917535,0.5571578445586658,0.5387723499234555,-0.40879887845502316,-1.6317863505446073,-0.4944189766187368,BAD,1
0.31904465884208233,1.54820360875608,0.3280549831319212,-1.401296047550865,0.0569971924057738,0.12591833641362657,-1.804977335050199,-0.5286513611688376,1.3532369521760912,-1.0108239537734158,GOOD,0
-1.269101757167028,0.6443410627832574,-0.5051906400256295,1.8026046611499063,-1.0074497348262503,-0.833162260353743,-0.9591620646031744,-1.2605402081054522,-0.4749213500960896,-0.828691895220589,BAD,1
-0.6615420309176955,0.8614587480722008,0.6859044925376552,1.5230466841105144,0.9407118920967775,1.463456047698599,-0.27501851479737266,-0.3668928493645617,0.4306769178164155,1.4823462146893533,BAD,1
-0.8365994984109975,-0.6018710450804441,-0.45110314414933655,-0.8575569941090646,0.2946564778399196,-0.9018953118094007,-0.5397639947873298,0.43938876557662154,0.8217809013358435,-0.013940405251985415,BAD,1
0.6148059631815306,-1.094621369313443,-2.1860658697781274,-0.8601486462847671,-1.6944554632592004,-0.16886285861795478,-0.4870513166672838,0.04493496962725552,1.554096716236604,-0.3803193463812419,GOOD,0
1.0208548890222138,-0.23959282862834722,-1.508585907752767,0.2420005257766964,2.1526273221733105,-1.393936424616881,0.8836518317004138,-1.9031723277614432,1.1312327078391273,-1.5490634434241128,BAD,1
-0.08687324598835088,-0.8618701711247289,-0.885500799048709,0.022166238821898738,-0.10611479749332951,-1.185842875141137,0.5525198562091178,-0.03792778855644009,-0.5478076216620237,1.2870800551617505,BAD,1
-0.6920450938410546,-0.018096461784197417,-0.6414649668031407,1.7811933642956872,0.31577368994675614,-0.013392853210531403,0.21163678828211757,0.6921703332374268,-1.5562763853441786,1.0553791738360385,BAD,0
0.422619031339916,0.971489378123741,-0.3142296332817762,-0.17296181738188793,0.664716724092613,0.052981063739015594,-0.9324367984664288,-0.175209675558477,0.019181045689859785,0.16410881988910128,BAD,0
-2.29726008396503,0.9291837244765289,0.6698868996336517,-0.8435625713557258,0.7569473534564561,-0.5497372659118035,-0.375825575842501,-0.511325418107763,0.003783593050520721,0.19997517141964416,BAD,0
-1.9817229222120227,-0.635484774641245,-1.334156959082343,0.1707655551762179,0.34476688701654246,0.5004725458419758,-1.8679694797813091,-0.7158725428686135,1.4787270283777212,-0.15713284752506093,BAD,1
-1.2266280656030053,-2.475805333804148,-0.49070391789960854,-1.4825404203402774,-0.719964672615977,0.3562064427470511,0.7139274871264796,-0.8314273010040079,0.014604566789608408,-0.30328835065996634,BAD,1
-0.21772654296750454,0.712735850729398,-0.417414925076414,-1.0688645662022855,0.13839058119719677,0.3726751405528695,-0.5722137479800273,-2.167255710477133,-0.2741688102957644,0.8765132097948916,BAD,0
-0.2309770037461764,-0.26685486892569565,-0.6558213751581615,-1.1814194874521946,-1.204780391153053,0.944735672058479,0.6255351175918884,-0.9953981246043667,-1.3062450862978157,0.1011673931083114,BAD,1
-0.16852283210047497,-0.5490703063541923,-0.31785390795435364,-0.9587876781303062,-0.9400175010464792,0.8082948315027038,0.16620160387902422,-0.6794295672800963,-0.835244156076105,0.0049831740142732795,BAD,1
-0.5713548112896362,1.0604170191657927,1.3260483276634354,0.660899915941179,0.39517867840853454,-0.4568779891741942,-1.0348928922383176,-0.006334192189339922,0.32395848270029387,1.8086807398068578,BAD,1
-0.202538982810915,0.08381580622981297,0.45371275971198105,-0.8087239581954412,-0.03970082069571535,-0.08639830440497923,-0.11794811639210033,-0.030555694345645572,-0.4135839652245764,0.37608864077311605,BAD,1
-0.42807631596095275,-0.01781575980424773,-1.3780937567761988,0.6252584950380361,-0.22122257294611983,-0.4843090383694731,-0.662808320931024,-0.34307855822660416,-0.5400637164443755,0.36176472703796847,BAD,0
-0.9954604762625896,1.0529340062378738,-0.5808128243197855,1.836403163037236,0.9737084551058136,-0.9651613579305014,-0.5561958003100057,0.9321995026369893,-0.6517685933341064,0.9130686725682443,BAD,1
-0.6278446980474351,0.16410764925724527,0.25303115860979014,-1.2465590814892848,0.523829060312912,-0.6820919804173783,-1.0561337603579715,0.14262760580346034,-0.710907854283752,2.0906338895108174,BAD,0
0.7232361186764112,1.2803821581217565,0.3225608341623278,-0.2925361270696216,-0.5415393407666065,-1.062649392167217,-0.5551996038179347,0.3219055719605525,-0.9370277134647159,1.3019203842022584,BAD,1
-0.09169597509690731,0.03442248430920243,0.5699464259831715,-0.4841837588437621,1.1266063825181554,-1.3356176752597697,0.08732170653439474,-1.2285127667259172,1.0737790744112499,0.3837801287376631,BAD,0
-0.3885300849381817,-1.0089471393785838,-0.4598623724495176,-0.8227394643520562,0.5621602792121227,-0.308452364999147,-0.2943871856380725,-0.9508990783746398,-1.6651882490475483,-0.22941515055134534,GOOD,1
1.8062736382490496,-0.29326360189520356,1.6382756270187198,1.326050185170693,-1.7495461756894368,-0.28484241750416933,-0.21270310282539606,0.4788757941752958,-0.10334142270109999,0.5029970553857015,BAD,1
1.4737248321319834,-0.21699979606574274,-0.16841939272366643,0.39437288739107906,-1.2465722852667163,0.9861910100123,0.459254953540264,1.0982720150088667,-1.0877695651003785,-1.4530684320249736,GOOD,0
0.6859018198594409,0.06812807123926937,-0.303541945468962,0.9266662904650925,0.18851875065014148,2.249918222048348,0.8794091933062912,0.45216720083110123,1.5273661393543958,-0.3878648084734589,BAD,0
-0.12870575799679848,-0.48151667943495624,-0.08879667383929893,-1.3286294287754077,0.4114147888857835,-0.2918656060311073,-0.20433828102096108,-1.2797397225022245,-0.5096006852997905,-1.737028145495287,BAD,0
-0.17560493373527655,-1.5798290822080596,-0.6262311293960486,-1.796464302365066,0.3283965537069585,-1.0496087962463683,0.7602468356810208,0.12108901986961833,9.882016281220738e-05,-0.2797353481708947,BAD,0
0.5985434440415772,0.5565436070092173,1.3766813344058972,-0.5855848548485665,-1.3261724469615974,-0.45120764984356937,1.2332595942463496,-1.6873910653764443,0.7759470936071855,0.15797925761333187,BAD,1
0.38771101952896475,-1.5330504520027537,1.140255693209209,2.4671535075349316,-1.084090047449179,-1.0310494219315578,1.4282356632174729,-0.5039217550274688,-0.4747114888612575,1.0878887473803234,BAD,1
-0.7724618421003504,-0.3655557911416199,0.22818337231897856,-0.08439463450992704,-1.2659485850874717,0.07758802694134123,0.36236338149173924,0.46411766512889807,-0.8472822863861822,1.5386103883105473,BAD,0
1.941887634734894,-0.25118385277240135,1.0317520359605916,-0.4038701896591445,0.47749577209421473,-0.0033185668887118305,-0.39220035287891086,-0.27021839041917356,-0.10971135791300408,0.25250168422057134,BAD,1
0.684234308702739,1.9025939761634925,0.27101589667567183,-0.23155911434306756,-0.8591252609942672,-1.176481717683683,0.9620825369273239,-0.737963391430062,1.548992197689609,0.815185263836237,BAD,1
-0.7671496957656624,1.2052274137418904,0.9164766626418401,0.11159193714506264,1.0285010674524062,0.31307378908792677,0.12683418995818183,-0.5376288537021935,0.48065427257138105,0.15796863115316293,BAD,0
0.43475048591769916,-1.1697913596508906,-1.13324237822885,0.7730429021435171,-0.9268080846086401,1.2557124340728711,-0.41087210364845334,-1.5024859348233064,-0.7746591877126898,-1.2927859346602997,GOOD,0
0.8596681205496008,2.282592125880282,0.2029090878245371,-0.25676737083563117,-0.6124886531776226,0.05869086616568448,-0.9400975532473849,-1.292402387572857,-1.6444085641563198,1.2275506810510253,BAD,1
-1.8901576934978943,0.8468368020206251,-0.9920147392203602,-0.9449966011582738,-1.0185840569934224,1.832260911525157,0.5464950961736462,0.37424744157071016,-0.893082349428531,-0.43830035615426255,BAD,1
-0.7274485830361037,1.9591436461652203,0.6788694728935312,-1.3811967454069052,-0.27504605475055,-0.3210678462048773,-0.5628467082263392,2.093063677768154,-0.49998589831633017,-0.5942774748984778,BAD,1
-1.582755730340027,2.3711643991566547,0.9226350115547972,-1.1203199396379049,0.36150724866685174,0.03735917236042948,-0.007581146211407932,-0.7660986297327337,-0.3626687423935744,1.911965332909265,BAD,1
-2.116247270558276,-0.8776226867006834,0.015428843072112293,0.045292811266948986,-1.1893402818055219,0.11343519004630725,0.06258806681482856,-0.6623737408277597,-0.7157756640201404,1.0418818345310332,BAD,0
0.3999242059118274,1.4533088354610588,1.3430795602928345,1.6441663945244465,0.4549579279622799,-0.3087942316759058,-0.22257949031505808,-0.048660805871192765,-0.2246181185768866,-0.2681424109385649,BAD,0
-0.42818717489592645,0.19310505584235835,-1.585790948076496,-0.7535311642637846,-0.2348108752635863,0.22995345800658443,-1.4202582820608955,-0.7008350304736638,0.713078187439571,1.2400584917758786,GOOD,1
0.2904647486623952,-1.5066404953028294,1.412943224275379,-0.4763208105674733,-0.25208274282131077,-0.24768652064320582,1.1315118024578257,0.4570713419393866,-0.305381764027439,0.6681642240606059,BAD,1
-1.0646065766921358,-1.4114653309006377,-0.9855668435922925,-0.40058192803469284,-1.5969336331483446,-0.5505164858928661,0.6530001769488379,-0.1715679799155664,1.0220141992471523,0.1606715303249597,GOOD,0
1.0819859172297408,0.46897097292140044,0.07945128481066052,-0.5147362095190637,-0.07354901072163551,-0.77977803837417,0.8243324129436389,-0.12810897235990545,0.21336287317779612,-1.1756887367755113,BAD,0
1.3743554582230035,0.9386531818262168,0.14159470285262002,-0.9680092363021641,-0.43792148696875755,0.27060926959911685,0.6853923750134252,1.6605968868504595,0.3885773832236017,-0.39788537935060836,BAD,1
1.4789803288299974,-0.6324296691134085,0.7343759395909955,-1.9917868196311628,-1.002130701594145,-0.3795068333451561,-2.010027733687313,1.8571299765960576,2.4797458473574063,1.9129602429767858,BAD,1
-0.7591544930872351,0.8590573698840708,0.2632534056986045,-0.6528546489553746,2.3696372060907067,-0.40032666180474813,-0.008836310174900948,-0.25081484877778026,0.9088291751118274,0.24109111905709465,BAD,0
-1.2196445347326044,0.9165242302076423,0.7037445665360196,-0.7709434973595443,-1.5448314773083345,0.29847002664110295,-0.5755144661824646,-0.3585175948014085,-2.185953886527857,0.8224705688428378,BAD,0
1.5020410896425669,-0.6837139887635364,-0.6615861046945719,0.7773696704218681,-0.292907719818206,-0.14485369047154426,0.5674048398124569,-0.4046645180973798,-0.038067773178085074,1.0457555503714282,BAD,1
-2.3320006745529196,0.38108778550202416,-0.4954653831869347,-1.3113214045215242,-0.7669177295010252,-1.684291529433863,0.5410963272140911,0.15172057722280058,0.1932663455856404,0.6223167095136513,BAD,0
-0.502734637450025,-1.511684160938044,-0.7108157901737685,1.1278893489312967,1.479227110116018,0.16563634929307852,-1.2305387793349596,1.109098101874064,-0.34504857899711977,-0.8215496315780536,GOOD,0
-1.0769259672435434,0.6585785279948047,-0.7884586053743936,-0.3396189399811906,-0.623984947898588,0.3780545884162675,-0.7801862407987967,-0.08095891541437975,-0.8430738404721677,-0.4767008585754701,BAD,1
-1.3423574793902282,-0.21712256996980986,-1.1184504493476988,1.374559821895191,0.21679737140967842,1.0970802931160695,-0.7839968192053177,0.599960447668785,1.0249082850979698,1.0428619525844676,BAD,1
-2.15233139364253,-0.08271660647308915,0.061330478001178565,1.7888079776904326,-1.398446507054248,-0.5512016314405083,0.12498701411898717,0.9742617898329593,-1.581182878389248,0.28373845529886976,BAD,0
0.468033232248676,0.3691285647848759,0.7102814826267717,0.4043810707928537,-0.601905849829827,1.168633617092974,0.6952247006343313,0.1942158093368873,-1.1953116116115237,1.2707548835838816,BAD,0
0.120890482419959,-1.4131793582820362,0.5387708865941531,-1.224307881078888,-0.20606590417372986,-0.5808245095972027,1.4203511510417843,-0.024271786352184646,-2.367053848795147,-0.7792433304466253,BAD,1
-0.8741258784186475,2.18634834604068,0.08172152093103456,0.1341461248555949,0.26345239679936167,-0.546314558067329,-0.9862485500014273,0.4970714141873778,-1.3680051361171832,-1.568416895776313,BAD,0
1.3785784250198632,-0.3245033938348253,0.4479058560900969,-1.1478033307432456,-0.8115877159530261,0.8037617632461292,-1.380825434173613,-0.7592682786828955,0.0958309724555343,0.42134822718388887,GOOD,1
-1.1472357137545013,-1.4049164635394733,-2.0373006610243953,-0.37901681760433087,-0.048294606629441,-0.9226008333132729,1.075267396374747,2.210237423852623,1.4363158771898683,-1.9181180362523615,BAD,1
-0.8703816405588957,-0.30553505990552576,-0.5147962608653148,-0.9774494419112305,0.2670781267669808,0.33998657136231375,0.8366631220640718,1.0050133560088477,0.37980329871807866,-0.4864439615489158,BAD,1
-0.24635307332360684,0.6527208498124909,-0.3122853890210553,0.730905841108192,-0.11836341612259933,-0.8639841634817247,-1.1094871784385656,0.7863882015555221,-0.740558204477647,-0.6600360157756942,GOOD,0
-0.45607659233255393,1.253371312858146,1.2472249396068982,0.13261396217215987,0.9876303177277456,1.2220536789206327,-0.043076875570714976,0.2379010398380961,0.3097604753871532,0.6864533854753447,BAD,1
0.23912943530907213,0.06958500209323193,-0.09869432833032159,-0.4016415302224814,0.2958155055233016,-0.6400720337693442,0.8113380760628771,1.1464602023869062,-0.6083796432335414,-1.9235367568347093,BAD,0
-0.5556364615024421,-0.13392662357965243,0.7369154791025935,0.398941562857428,0.2678977457610922,0.26576291709435756,-0.45455621736942103,0.38611696454735345,-0.1312410804126933,-0.05669985461268544,BAD,1
-1.604777919556196,0.13516562567272716,0.5495936490847259,0.805256832343891,-0.3813870159082062,-0.6724074714053729,1.228232948027089,-0.2761798740729771,1.6750037702536078,0.06571480437575121,BAD,1
-1.4351984717660966,-0.04876470547601175,1.2465102335287839,-1.0010303796669362,-0.11414593621813907,-0.12568640022636224,0.4188604499952175,0.14455061901845645,-0.9538003747954625,0.7657378269348489,BAD,0
0.06595035778404194,1.1154723708622516,-0.38613817824671254,0.0212385542924489,1.4239621753498397,-1.0122136735219476,1.7571541076913533,0.6852159580252575,0.31299396816830316,-1.1603150574774825,BAD,0
0.35094917703196515,-0.4900158414966534,-0.1935810336810457,-0.9016411737911814,0.6703081100342165,0.9576553351701501,-0.9223263225711085,-1.2639573585335164,0.983538811343709,0.26672534024054323,BAD,1
-0.9827902155877785,1.6748718080696858,-0.3514341328686509,-0.07110162965760973,-1.4384245758295477,-0.0736811829218798,0.7666646108525791,-0.18912958657432946,-0.735806018639894,-0.038541920270272916,BAD,1
1.093985896173287,0.025370708539957494,0.9673482003483228,-0.08891332238907902,0.24293098156619294,2.4152785330662283,0.8152266885261412,-0.03687731560686089,1.6973926785032745,0.07381566562188165,BAD,0
-1.0885589520203665,0.3525613110702758,-0.3158627624230918,1.0929183409202676,0.31147495000415576,0.7550767092183854,-1.2831520302798,-0.5250252635212106,0.5101986238477597,-1.2387719408359537,BAD,1
-1.1491864336401703,1.4043388411881097,-0.2048829692932749,-0.24976744317790248,0.7748694548082794,0.22675662364308494,0.023692518878639487,0.413365920490435,-0.005705414269477902,-0.7831535294517361,BAD,1
1.0461604547382242,0.971369280533264,-0.612191501339607,-0.33228607426851786,1.630829726099995,-0.6156248414566547,-0.09714268986303524,-0.7585357458458245,1.4853339686550278,0.15176287892833884,BAD,0
-0.5316926170199547,-1.312969759243196,0.6645685692036016,0.24870921683108754,-1.8263764358908865,-1.4143382185551385,1.5003070514613621,0.8684188729357368,0.4551781993194336,0.05683368223482371,BAD,0
-0.061801227310755595,0.9164589897967268,0.6517147907649486,-0.7320732898224638,-0.49550421419068696,0.7595182081380579,0.06869838563904844,1.1831655107912884,-0.9454343555105996,-0.35733767812000156,BAD,1
0.7599321626339945,-0.953871541562647,-0.32865793532985477,-0.06902184972188438,-0.014724207433237109,-0.5793064204336965,-0.22013419489840944,-0.28956553203166197,-0.37794792033182456,-0.05683407843368928,BAD,1
-0.8281177922356123,0.1645319220746964,1.4869979620566303,0.4057843555418667,-0.07928583302887235,-1.3612706174124112,-1.4876226486189161,0.5868564826081747,0.008216996702964836,-0.24084864609522677,BAD,0
-0.5150447238227673,-0.6063165110291358,0.4651581117930696,-0.19668044627288278,1.3666900859352566,0.2710984177460705,-1.0667036367955067,-0.6877574073280702,-1.2278858872504184,-0.3299904828028547,GOOD,0
-0.6526153993035725,0.11716612899033722,-0.9498695936005358,0.11531534059899178,0.628206929891817,0.2606870052230711,2.003719700627915,-1.1744283132996152,-0.22643054170552496,1.2036845200378423,BAD,1
-0.9459325451984288,1.7711696686952645,-0.9773535811580888,0.4084443763094039,0.8988780104102334,-0.4636267384224111,-0.44933154565958416,-0.46240545580611836,1.311925538937127,1.290192030436828,BAD,0
0.5963278921129848,-0.5956711631509565,0.6323354334238753,1.6616993468874124,1.401322256983404,0.5156969673352617,1.215061025319226,-1.6355721543858752,0.3440749808984494,-2.15305391171457,BAD,0
-1.053387745488708,1.098282970030104,0.16998218627020437,0.6755906414105726,0.8918103256293547,0.6692493949282867,-0.18560707509182123,-0.0751455435409005,-0.5531848203439185,-1.1560913527590768,BAD,1
-1.0390766084248126,-0.25345518559900676,-0.0801773486868903,1.1196107665528396,3.3007162131517185,-0.00845049460360117,0.1218713712876163,0.14910330423739937,0.5729995111522787,-1.3490712506424192,BAD,0
-1.9325063996783403,0.8326274687222307,0.6635897064166094,0.8803785881068881,-1.8110473945525636,0.01928014941369244,-0.3940475895634945,0.7577251076523568,-0.36181405944385686,-0.4112883330999365,BAD,0
0.7110415318911227,0.6617450498966739,-0.8716224213869489,1.0127706756269568,-1.5995113683975932,0.19221577223256897,-0.5013362721260708,-0.622388569417481,0.15019230311888476,-0.04688029509794088,GOOD,1
1.6109097924185165,0.42218389169280346,-1.3160534557716446,-0.7379659055919047,-0.49476845298438704,-0.37154029009784695,-0.4662085583483377,0.4655549196419633,0.8698754572051077,-0.12589890014400335,GOOD,0
-0.4208232450642956,0.45207219399909115,0.5301021131497415,-0.5093118860879466,0.3711161175205466,0.19043333754105485,0.4643958222486798,1.5230668304521273,0.36482862004310623,-0.08874154099889124,BAD,1
-0.5026425169805832,1.7676468106250305,-0.21623021750883378,2.5376443458731326,-0.5916897999601667,0.3280365649691997,-0.5387420693633121,-0.19042135673200167,1.8981329386221508,-0.3485142808442529,BAD,1
0.8151594582002312,0.5585067126901639,-0.14161786750522354,0.47801308830804357,-0.3508371097317823,0.8913320947011533,-1.0753087130812828,-0.24453177938965912,-0.962319661504867,0.4911830628825045,GOOD,0
-1.2288389479443913,-0.3559727681529123,0.642545353659776,1.2094704871557513,0.11680582308336936,2.3269984447262737,-1.4084831409386926,0.3935459559025481,-0.6455379738864224,-1.204380149969936,BAD,1
1.0214787042430857,-0.784941921616531,1.5485455127662018,-0.5598839361760541,-0.3256111961769231,-1.5461011104608366,-0.6306769219342634,0.25684055130384525,0.1505948386351733,-2.190145994462006,GOOD,1
-0.5730636733805199,-0.8410052984049348,-0.38535468522409816,-0.144185561417148,-1.6722352546590813,-0.5554198383680222,-0.33148230866859096,-0.41755518260469443,0.640291662419146,0.8777350764226977,BAD,1
0.295011369395433,-0.26658070080531027,-0.38856776435465884,-0.13518330598039616,0.07762025023158971,-0.35487687481339486,2.1070138051464404,-0.612645991913956,0.09816177936776536,0.2313749998055341,BAD,1
0.13124302723621004,1.3358697150258392,-0.052196543290654374,-0.17805172206369754,-1.2960295094395817,0.18345364346934462,1.0774650736229756,0.1545118551888703,1.0518535112047946,0.41058397068670893,BAD,0
-1.5508554007650257,0.08339045682463013,-0.6715270671546119,0.9901764267186177,1.0354235858262861,-0.28870999042760287,-1.8939190019534573,-0.11123164731499875,-0.0012598700447622852,-0.14555335300043648,GOOD,0
-1.3379478274833958,0.9082715929967683,-1.1488289220229992,-0.4593921247548319,1.1122160978684787,-0.9422971315984052,-0.09246103679718266,-0.3778360338681708,-0.5132270703371031,0.171036170266932,BAD,0
-0.3266118879149585,-0.8634621811410581,0.32029123358967265,-0.47344261897221573,-1.1160991852333666,-0.3214188113217295,0.07752177708596483,0.4706405071180334,-1.2910320060965177,1.6399006501316498,BAD,0
-0.3407561578562298,0.147514105811308,-1.1683285860282164,1.5673910292411009,0.06262631194295575,0.2500331301911477,0.7353268616568902,-0.3450592335703313,1.7717460840892134,-0.9386302650737051,BAD,0
-0.8905930994544087,-0.9284983636025625,0.9534997537741389,-0.28771483699164285,0.3553664202226085,0.620047334529202,-1.4451233430621588,0.21758766578452549,-1.4501686988413545,-1.276243081357871,BAD,0
-0.19707874123711466,-0.5479502983968935,-0.27520250848595723,2.1408763301862708,0.6533195584957939,-0.6488190410823762,1.2040671204503715,0.1488232056343411,-0.35952405208772675,-1.5335495935024432,BAD,0
-0.8873177072259496,-0.16092441884746653,1.4060159972167654,-2.0749981946651586,-0.5482927349352369,0.30178969068369016,0.8038995659633833,-0.013389569594532203,1.1917552447924198,-0.3312014479204526,BAD,1
2.364834874540519,-1.6736752411141862,-1.1583387644641452,1.024141820136027,-0.7911867189569477,-0.6051756574562595,2.226279614692822,1.3616349877630405,0.055880350556685304,0.9517920249120607,BAD,1
-0.22699668590714162,0.5718335523087062,0.4683581522436481,1.8874257422255842,-0.0032870728604570227,-0.6092582328125344,0.1654038909234905,1.2758110625810102,0.00471391973430064,-0.9575115477217486,BAD,1
-0.615230135706191,0.31756372390245513,1.2840738452582015,-0.5913457598060525,-0.43461488526000996,-0.016228610661773977,0.0557922335978801,0.6210367790580329,-1.5790198474847377,1.007230024928501,BAD,0
0.07668603163769191,-0.5740456804034699,-1.1590667568477564,0.2469025201052617,-0.7463981364872938,1.5769005149528443,-1.1827381140957929,2.0667460308497887,-2.445971193160973,-0.6767436602763129,GOOD,1
-0.5535863147717173,1.6534002920051103,-0.3144512155136379,-0.2844514043747379,1.4592380910785745,0.5610263817102619,1.399452485779757,-1.0348502425957835,0.23838122446132617,0.2328649855454965,BAD,1
0.6851354954023461,1.234435179530109,0.6567160681327642,-1.4865004967767883,-0.47886005552679745,0.9206339370021265,0.4365330959709326,-0.740923889106534,1.338840265522497,1.5201552853965457,BAD,1
-0.22846775779800735,-0.6764562220711483,-1.0178218181464838,-0.2182796136178878,-1.174772446437252,-1.1854865240533672,0.5708217009823474,0.054413294052363524,-0.30867034263384696,-0.09470730508675008,GOOD,0
-0.27817582286691755,0.13243834934130438,1.3026494207886015,2.224323274729276,0.5674450362116636,-1.5107824700706134,0.8019041022122335,0.17949805530814114,0.0902179887413343,-0.3292566186399369,BAD,1
0.09419473675693031,0.6524418560580411,1.3377451392693498,0.24662599683600642,-0.5590108354223663,-0.3279778001806682,-0.9977220047738351,-0.3074017382073482,-0.5701477786810077,0.554199028662357,BAD,0
-0.2575893130432863,-0.8795227292507392,-0.18971567678895773,0.8102947866386436,0.6827590536645395,2.5666695082758086,-0.15642721606758497,-0.3183363543862115,0.15988398365632098,-1.1366001422631051,BAD,1
0.5509044351444319,0.7515709509552386,0.6194308390992821,-1.6988026348116807,-0.5487264631151988,-0.07957965327624655,0.4500224375717885,-2.297701273337645,0.4477044246800612,-1.857411446593315,BAD,1
-0.5110930450953796,-2.0155691827407,-2.0731833776599324,0.3506378153685012,1.300794677418968,0.4330546153474012,-0.32242420392324417,0.6008176813068219,-0.15011283913264165,-1.9049993165414145,GOOD,1
0.15242597088899473,-0.4465036509349983,0.4400798830035434,1.7787163211408081,-0.036419059819761485,0.11311300878603817,0.04112920981127591,0.67809369230171,0.564735366235416,-0.47407277289471117,BAD,0
1.4188913905774623,0.4909698708102198,2.2076336349640178,0.7342064877779437,0.00301442628451163,-0.6364440095513298,0.40295389907166407,-1.3445780889045944,-2.212627997574894,-0.2060323636890465,BAD,0
-0.8832993387151407,0.40309336630793535,-0.5791380020759961,-0.21305300187578738,-0.5954092350139154,-0.5261570109321058,-0.2529099428345268,0.6344175670197,-0.8363425619449447,-0.80718991022934,BAD,0
0.3871223069749615,1.5379484396829035,-0.812235774466593,0.0008760598135984472,-0.25087236043021366,-1.7816553147238385,1.6738619436820132,1.3208830962558276,-2.056548330665545,1.2636745174150679,BAD,1
-0.9166874476578014,0.7991949071301299,-0.40783095821560217,-1.33684357591169,0.2869664403535031,0.1655216343544741,0.6358610316173676,-0.19292967987057952,-0.568137822483531,0.6225601636038005,BAD,0
-0.18402977912288535,2.2735869072159747,-0.38788675912447046,-0.1944159748187199,-0.2805875963308964,1.6021157186836301,-0.608119424816173,-0.4531848469400262,-0.2330308441521824,-0.7640269635452515,BAD,1
1.0884272275433156,-2.3786378990280106,-1.7632793789379386,0.07065264970378826,0.04801669173316736,0.6196809986496468,-0.003981513315910724,-0.39678156465286507,-0.06878669819221893,0.9436680958402556,BAD,1
-2.070518944533691,1.6784841847829766,0.3012657503342052,-0.5585125851479722,-0.647631687658017,-2.00095273282889,-2.063912567913224,-0.6472737663937376,0.2918021427758893,-0.7839591321135337,BAD,0
-0.5611481484464553,0.5531220883628799,1.5658248310315068,-0.27307832766289547,2.655613558967983,0.868032082597765,2.550247046780152,-0.7790032049235311,-0.6108305824033019,0.27650618626554485,BAD,1
1.5579963688229985,1.71138585066668,1.1523922431226032,-1.0686650880411037,1.0642594985981404,-0.5340074667971594,0.9706662603214885,-1.1412995454910642,-0.5047174842212268,0.9621505637744179,BAD,0
-0.558037685475883,0.19353271941325736,-0.9580727525264423,0.7666052477557465,-0.9674299957221739,-1.4549612844079727,-0.5121736358206875,0.899064782427132,-0.4821572985758641,-0.2523100943846528,BAD,1
-1.0697535591306073,-0.6050759530559858,-0.047492735560416076,-0.33125876894686024,-1.1242726316120348,-0.2401568683225118,-0.5838222290137264,1.41248262486827,-1.2688228075289363,0.6684970152577979,BAD,1
1.0032655432420625,-1.251331783724167,-0.43498185136998546,-1.4642855866388114,1.1356477308709536,0.05589567389581084,1.5387005582681486,0.9590818819989418,0.39246084306811135,0.797966593391448,BAD,0
-0.2934674379670191,0.2109193697014076,0.528484292581478,0.9675407371887516,-0.6680329459955073,0.2345470382675598,-0.7686115524364162,-0.6252084916648916,-1.975649276146524,0.3907499507168325,GOOD,0
-0.534534711558597,-1.6134061571196106,-0.29604324473530336,-0.49613494165021693,0.46418862642951164,0.06073151153543527,0.561013651978421,-0.10436304958147073,-0.6271375504794562,0.7985024863885952,GOOD,0
0.7587847584379368,1.2639120054719684,-0.637560676969634,1.424215325006325,0.6236442771139113,-0.8010202728760427,-0.8299272413175296,-2.1092359101570675,-1.7610928709057982,1.440363713634215,BAD,0
0.6778852308389095,1.90397287082028,0.0960655223920932,0.7374609289150159,-0.047799088225361434,-0.27152042628977335,-2.0980252933046732,0.6943730174697887,-1.4031571908178648,1.1833664077356354,BAD,0
0.08771916148712225,0.06642474912207427,-0.28570923497919587,-1.3177866529489015,-0.333005952382956,0.2879766972137806,-1.1961070894090216,-0.7045431799488479,-1.1400453197178846,0.5341379642028486,BAD,1
1.1924235923741895,1.3132614731624404,0.16818975535107542,0.5850404201935436,2.129655985708168,-1.6244418620675052,1.0277708041296638,0.7889623249213119,1.2660438560944751,0.20828013365981776,BAD,0
0.6649843677290606,1.6398154755579961,-0.23694501112883032,0.8660511256396457,0.9403821143111051,1.5975503798050654,-1.0863440972751424,1.076134377183542,-0.5400215922721748,0.7848207363660826,BAD,1
0.5948375473737397,-1.7957195761459714,-1.6992587852540788,0.284414465954549,0.26760772103767033,-0.06916459855885844,0.4534768444171475,-0.17984331455831173,-0.8585155099511003,-0.35007856009939514,GOOD,0
-1.5136804563336006,-1.7929771532547172,-0.6594745988968191,0.44813674454543523,-0.3452637305471597,-0.3649913496912458,1.1645530948745466,0.06506329672655951,0.36933818405135727,2.095249293077411,BAD,0
0.04542610784105962,-1.073357236235768,-1.5453359494363808,1.0151589404345707,-1.8942410941678807,0.368448324256118,0.0006702913989514794,0.2366582233260019,0.3531490320011945,-0.04859166687686153,GOOD,0
1.233844126127166,0.25343755616646146,-0.29809629648211583,-0.6611165155297466,1.5846638940584952,0.4124022371195961,0.10328480982694414,0.902778115509341,1.402781177268619,-1.2992363915908347,BAD,1
-0.6283135175770547,-0.33088238605230863,-0.3843718219390924,0.9505976778262828,-3.3230101473531914,-0.8807710964328656,0.1814795356525526,-1.6723933336251675,1.1447197034334318,0.3074746117796301,BAD,1
-0.7812544019216066,0.8505868521673444,-1.680533412435703,1.0349399357839133,1.0119637802136445,0.6700069664458148,-0.05940840825122379,0.39535954823286246,-1.314093426866003,-0.07385390853282384,BAD,0
0.7890339031272919,0.6947836481301742,0.19127495011127899,-2.0366646216083293,0.26654588165854576,-0.34502763690383004,-0.589400227996008,0.16347415921016392,0.8426025287867002,0.19884455869806336,GOOD,1
-0.5343218327965503,-0.25056154440990486,-0.2837842569909624,0.5742112058075658,0.6548740536388996,-0.5983735495942734,-0.12991915602520482,-0.7019157136116232,-1.5773026394124756,-1.2581706206479353,GOOD,1
0.5727949877880537,-0.2338224433200277,0.3090343305604973,-1.4415760656695973,0.8745772360981808,-0.10266651653018465,0.12499660645709085,0.20070286108304616,-0.30368207914476336,-0.3858916677217738,BAD,1
0.9882441095338246,0.45561318384996385,1.6392156801087354,1.1729723576560762,-0.6283136507311856,-0.8900896644607079,2.041699973393234,-0.18082128216049279,0.6734753769115136,-0.41884214644270595,BAD,0
-1.1745974536028838,-0.6631667561335219,0.9125604224224586,-1.1260471364026656,-1.7076921422509783,-1.1692867074302236,-1.4482317649269727,0.8868361208699388,0.39007507312962975,-0.9228403020354841,BAD,1
-0.10186323029119328,2.3932478850567587,-0.18857001511967753,0.059281464767117854,-0.3760397735276804,0.46392177491702336,0.42961120670605507,-0.5184098046555725,-0.34814773867552967,0.09152305720370739,BAD,1
-0.7055053068004662,-1.486749403736155,0.7159006758944984,1.1968478886591563,-1.388827855154125,1.9337107155954,-0.1995699429966729,-0.25457692020724865,-1.0825456795258366,-0.7545812080205268,BAD,0
0.43852679441110426,-0.7149647125665965,1.0721293741654685,0.002358091325103572,-0.5070867901879945,0.5081153913235036,-0.17706126365782487,-0.37757693062364966,0.7472579229740592,-1.3954293771893722,BAD,1
-0.53951053630044,0.6039760914867041,0.7345581970645508,1.7185282538652817,-0.15968089248094375,-1.0765396212669966,0.5044715278657674,1.198835559823887,-0.9354867514798502,-1.3490019318409305,BAD,1
1.9278565969070107,-1.4502492101580329,-0.06781446882860974,1.2906708953174795,0.563534196965653,-0.3233057816345789,-0.28961377997669213,-0.6783773253091924,0.32761073359108567,0.8876252647607201,BAD,1
3.3606265224779,-0.21120692294535678,1.0149582105101458,-1.1979930342014307,-0.3493143414919566,0.6500920991403293,0.264878568103735,0.3374358935496377,0.5589452021690798,-0.7721362233298006,BAD,1
-0.7451249805471566,0.32308949036108525,-1.2871766377844114,0.46442949222327323,0.24311436693387695,-0.7674389247940103,0.5328760679876039,1.1248425863358387,-0.5612888826199071,0.8198973153618149,BAD,1
-0.8769490415513047,0.7405623949458036,1.0223640338252191,-0.77255454753683,0.8835203099405021,-1.6900621671513691,1.5525305419263735,1.6499796115890364,0.39531248485193954,0.6727797058337773,BAD,1
-1.3197626000904472,-1.1066905232826552,0.5285066110882056,-0.7661065011171864,0.06718534516888933,-0.024252093760648494,0.4766193629659591,0.0803858436852833,-0.44454993922305647,0.4738132739305094,BAD,0
-0.9215864877061337,1.5776857502842159,0.9868371470506571,-1.9266727852833656,1.2518154202566045,1.1279466686978064,-0.8605430432326093,0.09465357648048854,-0.9890742435661862,0.9577256170430466,BAD,0
-1.4963424034140929,-0.9234061317874666,0.3112606850929601,-0.03052879753939664,1.087697689072766,0.4041351836116843,-0.18206154815941986,-1.316543953761313,0.6450230289883899,-1.040330159106266,BAD,1
1.2213569275632552,0.6832534112646808,-1.5520845194558819,1.004436480051347,-1.4365080694366759,-0.46545615763106324,-0.8579277532076374,-0.09685535278933877,0.25310289848610434,-0.8476755571825421,GOOD,1
-0.6935094484399043,0.20193301441976927,-0.5977913855763852,-0.8040608684723882,1.50309776834616,0.5917500382040859,-1.5345911123942548,-1.0259801235376402,1.0929626300900182,-0.05474984423391703,BAD,1
-1.0229733126638374,0.1234859034310899,-0.2724264107917671,-1.3925518772810008,-0.8696070901138558,-0.8222573219196289,0.3687161267843844,1.7241872718311366,-0.591524883140362,0.5327305055519027,BAD,0
0.2657657704639509,-0.12690879971533187,-0.8841152419930546,0.3401761074238155,0.12356953635170428,1.4683849531333126,-1.2123416533513895,-1.114500758479078,1.7118098872729741,-0.8226313386830336,GOOD,1
0.7681930486836,-0.18596290180974484,-0.28942790964660287,-0.5225677293047293,-0.9129884922628143,1.186274008703834,1.7480488422217941,-2.511754718125803,0.17692174469866728,-0.09723715372991168,BAD,0
3.1373883424400764,-0.15674376797697903,-0.7663897338706611,1.072964792343632,0.38326318510753926,-0.579624912495326,-1.6337814378824582,-0.7761590755383528,1.5578243125305131,0.0994308261284709,GOOD,0
-0.10330395807493309,0.11526765449829474,-1.127309350696939,-1.223917938689834,1.2425117808332704,0.5426619904949309,0.7545638375198042,-0.3733085759165762,1.1490580642500794,0.6080480826413246,BAD,0
-1.8345611226600798,0.344376616548135,0.34065186755555565,1.1994224083381875,-1.008692719677755,-0.27013814510068185,0.5630831457265605,-1.3887332464134354,1.3190625726463518,-0.4353277840572559,BAD,0
0.9537623476988702,0.08890255283970465,-0.7505558126009245,1.1245113785230723,-0.24697612582687692,1.5210705277799976,0.01558324529429236,0.703816954708707,-0.318154343968697,-0.6078994260786857,BAD,1
-1.4733478037350527,-0.8382035792361959,-0.5507423692625614,0.33144459234893603,0.6919260327145627,-0.8405234695005144,-0.634875084754896,-0.7062037809121455,-1.7689603205963595,-0.18118448597154357,BAD,1
0.10372598113036996,-1.7762416786943824,0.07180028657946683,-0.6162176320191618,-0.1266929263772648,0.41795077449341145,-1.5448833753666946,0.13554361776787055,1.3912028006595254,1.4533681053078507,BAD,1
-2.561176747328988,-1.1099725714591016,-1.4852538750780262,-1.3037275720371526,1.2227361238748249,1.373909923665607,-1.846910917025257,0.6602922160860454,1.5950042275936485,-0.056429583350269125,GOOD,0
0.19430166990721662,0.9404246419048721,0.3780850211233705,-1.6532221365964157,0.780563073519403,-1.9769459276520371,-0.03419088047709869,-0.008084361791662656,-0.3210454454999212,-0.8814804369835914,BAD,1
1.1077159952118958,-0.03183097854371757,-0.2677562307438887,-0.2966161035697208,1.5932069200069352,0.8710191858914769,-0.9031031297396493,-0.7920937279908365,1.48379934130943,-0.03274608226824481,GOOD,0
-0.835236510985713,1.1834839104351156,1.808175682744674,-0.1322537513820281,-0.13896738348763302,-0.25416517475402806,-0.02521451659898181,0.15321997267847698,-0.5533735811521201,0.008404178637107984,BAD,0
-1.3156837361051745,2.001130590369923,-1.360692217716708,-0.3913693798671625,3.1360622726674827,1.7083035077262878,-0.13561005781818075,1.2566765267294373,-1.1179261348177092,0.37790121451252,BAD,1
-0.49963889422483704,-0.23419210474036203,-0.22677129030337304,-0.25699859241486994,-0.855352255664779,-0.7487675037707273,0.19308273995125572,-0.22994744273670004,0.3336439901880575,-1.5228434952773142,GOOD,0
0.6644767891068012,1.2275701037426643,0.8170827346208472,-1.6308121942781695,-0.15361449498212043,-0.22030171991066835,-0.13191261096165016,-0.39522155772964834,0.12337383496642727,1.51468618003486,BAD,0
1.0828445194600729,-1.1009544036488184,1.1025852447222613,0.21568162967007623,-1.2852201266299337,0.18841608781012395,-0.37439853322556027,0.2797949211360789,-1.5274522272479367,1.6422089700172309,BAD,0
2.5396774411830463,0.008808801482742712,-0.9813138863921884,-1.1165434604689313,-1.7655077229192264,-0.7019221948244696,1.168384443640884,0.5192585235207493,1.0954053969103854,0.03850231398227193,BAD,0
-0.600107736931647,1.923968650536553,2.258571080113239,0.6862284331477098,0.06854326095695314,-1.5821361239668048,1.131035636389942,-0.042272616364487946,1.4428860910659957,0.6168509532024569,BAD,1
-0.1372468461789946,-0.79138675208915,-1.9887106041668468,0.09256001019063322,0.6476369474087887,0.7753992165505925,0.07543717740495623,1.2679543084580915,-0.1324415982920813,0.46092334694769416,BAD,0
2.8919759102711815,-0.6149172750417623,-0.5664271889550755,0.1410647495585133,-0.870833698783936,0.23116139155859136,-0.9716023981657887,-0.40553375520128504,2.2385755222591617,0.12716983043756452,GOOD,1
0.7591350203880642,0.5203057176713112,-0.5919215788898367,0.036705984095583906,-0.4470050400200883,0.5479374514778085,0.28384751365076183,-0.5755581028578561,0.6292973990667327,-0.9678368692348565,BAD,1
0.6165842592714882,-0.7162885285427347,-0.1986055196559127,-0.2708392092540466,-0.5968485155128503,-0.39173184354845464,-0.06756931657086851,0.28032805653966164,-0.3143332719166484,-0.23985583162412186,BAD,1
-0.152683345003659,1.2879906963924141,-0.6862015572475036,0.31547301854823084,-0.5165421678122878,1.154957339917042,-1.0836814105997319,-1.0491612210525552,1.0634376662766292,0.2411269177955984,BAD,1
0.09499487119353528,1.193088058166269,1.4671675964731032,-0.1855802266006677,-0.25468996714776015,0.13028068404514642,0.28440787162905184,-1.0589044290459912,1.0148163680093818,-0.0061489986473603035,BAD,1
-0.5741313908675392,0.04015270066814081,0.26381220176444015,-0.9540705098370666,-0.7874195923340406,-0.7161231215472259,0.21324828187219977,1.288651403471046,-1.1423850185094084,-0.7758398839209877,BAD,0
0.19777374094983902,-0.12569008110682375,1.3666639184703406,0.7088207161293573,-0.3850906820487622,0.392460523842274,-0.5313667990629786,0.2844666051791246,1.2992964194524885,-1.0549553768005402,BAD,0
0.4187181277779656,-0.4850193602324478,0.4809156638763402,-1.8361519643618398,2.537084204921794,-1.1641731671970226,-0.1958661759697664,-1.544663196539611,1.5726966976137067,0.09580613470074846,BAD,1
0.42482274783641255,1.3057119776954427,0.6103248426997715,0.0649066372078753,2.723033669815127,1.2884353475515355,-1.246722678365566,-2.8280715799933254,-0.221448373856006,-0.15033234425317393,BAD,0
1.07146208760737,0.6330286615092029,0.6187807809196767,3.3276377449285395,1.3090224271704392,1.6123031722636127,-0.4020311234219711,0.3236888867186478,0.46414220981751836,-1.6377960868292654,BAD,1
0.2672199279486495,1.0673726430748067,-0.4413120251776051,-1.058470590541654,0.12455011745748476,0.38612311670794414,1.7272387954461197,1.072193933907733,-0.08380390041303977,-0.7134980818174665,BAD,1
-1.3676315924810285,1.2630693209572483,-0.7847646595883278,-0.7968851487991992,2.5429778360494892,0.6331126515007752,0.47566243352425047,0.5208373251490187,-0.786061309995908,0.14599678597463606,BAD,0
0.9672985904999468,0.30053020860131285,0.09341577141775179,0.18020075358327275,0.7986061036813702,1.1086110155378592,0.2105502689445753,-0.42424857185607223,0.3264345559339132,-0.22580618608903433,BAD,0
-0.6010050865907983,0.31069794518989435,1.1329003467795002,-0.11785651894291352,-0.2833352096359492,-1.2505886205367347,-0.47418451763729236,0.5506619642450966,-0.04185247492058785,-0.7650497377141829,BAD,0
-0.41619535560970966,-0.12466861177028617,-1.3847018619809657,-0.5772655969176715,-0.524905654775861,0.21922339828299864,0.24357235232622063,-0.4507655551922338,0.8206465298816003,0.1636696193074666,BAD,0
-0.456135647417804,-0.6642086133941623,-0.6636219448873546,0.24688495141617442,-1.1441516456037766,0.19032229828471453,-1.51041987996572,0.8134983823516023,0.4929805875676352,-0.34976818004221183,GOOD,1
1.1042767661324062,-0.13536723492725083,-1.2482901783728109,0.3436889073541114,-2.125119822264253,0.15908279941240674,0.9461543450274986,0.5167754370189774,-0.719599466623784,-1.1435543086349462,GOOD,0
1.518252269275374,-0.3967728583961797,1.914079899683604,0.04429803555589659,0.0015064021860315552,2.307005930574106,0.00907754841838613,-0.4248990778779225,-1.7451354539287975,-0.7433897139107731,BAD,1
0.3156000134662488,-2.0744853299359516,-0.04956253185198426,0.5948591372728693,-0.9152993695289438,-0.252710938102641,0.08435147282857446,-0.07576770737182248,0.5967596233912497,-0.6962911734740375,BAD,1
0.34205311851925996,-0.20844617085329747,0.5888132361030695,3.2579414553139587,1.8156832959353384,0.2180020116313328,-0.5390288976277289,-2.0828434333406904,-0.7916330352355058,-0.5987512290842736,BAD,1
0.6405807296472836,-2.5048660836190173,1.0006851322578774,0.25196103925601276,0.3739173069817511,0.38768354147114054,-0.10003447818319473,0.8084389897160118,0.6871597889231744,-0.4146299297014861,BAD,0
-1.7557765341637133,1.302473619020773,-1.5144509500103696,1.4382191805491675,1.7514252880952343,-0.5970129863765034,-0.9444505798760403,1.3661428381561884,-0.05083910858449252,0.717752600014636,BAD,1
1.10346320739859,0.47890002508401325,1.4597262085350342,0.1715769246869344,0.17229349743410172,0.21263725304796538,1.379510722010132,1.0541797483041424,-0.813584589254465,1.0664830879256617,BAD,1
-0.48493158439352385,0.037342462333181725,2.3193332156602118,-0.2433494825685045,-1.2629384687834766,-0.2551587919801407,3.358147811507301,-2.12887295323531,0.26299094222481145,0.40532221574706595,BAD,1
-0.4250034566999903,-0.6967809243371953,-2.054324150410865,1.32532149799526,-0.258835055763665,-0.10072604755696297,4.004032926666331,-0.2524520740738304,1.182211015123482,-0.29750029276075934,BAD,1
-1.1590016743310616,-1.5688004309280854,-0.05267818953691212,0.1253476613025261,2.4524405973381094,0.04614546057756531,0.9614605272343818,-0.21723980212991098,1.9512655724077281,1.4587308901083194,BAD,1
0.09111523863479892,-1.0531983241726082,0.8393352231841015,1.6437635837043834,0.16926198591389924,-0.37474312576095503,-1.055748050008153,1.0916916684194429,-0.6993466894926939,-0.552584833703787,BAD,1
-0.18474344940653872,0.2616949491501258,-0.022946366350550994,1.5658141499696763,1.4833666112336272,-2.2880507915453583,-1.7413622474354777,-0.022263590672197575,-0.06307323588598092,0.837124651273096,BAD,1
1.1604722245412682,1.6945315770474962,0.04805672700326419,-1.3115886477857572,-1.0351686200350478,1.1474231745460595,-0.051460416510509796,1.4178079399601382,-0.5722320470296896,1.5010999380635968,BAD,0
-0.4084584784466674,-0.5831036921970454,0.5292438003659059,-0.33770425460935377,1.6524496144305598,0.5402867301436497,0.7037158929085906,-0.485279670937836,0.7336799016587827,-0.300904796286634,BAD,1
0.6548887614505817,1.454693337788861,0.6031122742940086,-1.886661453621531,-0.409815281562888,-0.3803484414940458,0.11191670392040418,1.5612074092855568,-0.3201965454292495,-1.1335863701051396,BAD,0
0.02124537417824357,-0.2705635652217654,-0.08094992187731778,-0.20538956601586453,0.1921277803213809,0.7166456059804865,0.38869502326962047,1.2059137745180435,-0.6001744756326108,-0.5838923654378684,BAD,1
-1.7538165636860092,0.07541883362288072,0.6504990883283416,0.5071809609234726,-0.765086792368443,-0.44831988392339844,-0.4974177038291073,-1.0984088653216608,2.1454539888704267,-1.1234056636866514,BAD,0
-2.2404035898458416,-0.8293390200112664,-1.907474795396891,0.4985690704779558,-1.7655347090622178,0.005353144845016117,-1.4585933908452688,-1.2175226711403995,-0.0863027561715616,-2.568239468311038,GOOD,0
-0.7499779428568094,-0.579326101635938,0.25048753450971895,0.6632472750023062,-0.05283254800471779,-1.6410292701143692,-0.24331593285917297,-0.44856385560657824,-1.0885501608393247,-1.4239294064165902,GOOD,0
0.7782444455561603,-2.087660463907512,-2.304156805634436,-0.8860348898575957,0.0687894771940819,-1.273622897249477,1.235325888713837,0.03915989456148376,1.4211444711769001,-1.0090626456188796,GOOD,1
0.7043651692284566,-0.058853339992926273,0.09579833805213069,-0.5677421210089316,-0.6468864594518385,0.2520977416301703,0.283846128674988,-0.4786609215286006,-0.017785395682540128,0.06973049242040441,BAD,0
-0.3049925554012276,-1.8836481723445146,0.5628872532857199,-0.1733192884762274,1.2387410512010881,0.004220212395890525,0.7404458337359993,-0.8923429202803528,1.175079827015835,1.1555213107626927,BAD,1
-1.7846761592415685,-0.4684647844826647,-1.5011840286395204,0.6811976937538968,-0.2252658238565164,-0.03723861100523002,-2.0426419553795716,-0.24012917442531936,0.6866876266515295,0.1266603335184677,GOOD,0
-0.9858009659856789,0.7533491359605002,-0.4123985107497968,-0.6936311900714711,-1.13013952722125,-0.15905932738775935,-0.32794748252348666,1.3038651302700537,-1.417485912378879,-2.1989071902527164,BAD,0
0.9957206283789994,-1.3265333396290615,-1.159329088122968,1.2954167686969387,-1.2332221852682663,-0.5165042680560998,-1.8405150958745675,-0.6721732555517946,0.2214441932860136,0.6271414521125702,GOOD,1
0.9868585132538342,-0.07951636301631596,0.22383432848095877,1.0839521765696836,-1.8430152824724677,0.08650703798183358,-0.331122745880915,1.2130705645221616,1.7935710532655835,-0.35305649309530845,BAD,1
1.432403357692473,0.4496511732765026,-0.9729280989110791,-0.2793721009835839,1.412982177971427,0.6538550844654009,0.5929302656345712,0.692420988206204,0.5745453282288198,-1.1099659970754565,BAD,0
0.1535539166043509,1.7748353926582365,-1.5040594691133988,-0.12563638784541598,0.18168582438792086,-1.7572706079272553,-0.5981761711314144,-1.089816245637207,0.07506051080799346,-1.3487138973184138,BAD,0
0.8011118924272413,0.5320094799287438,-0.043651737932251855,-0.9303510626371773,-0.35698335734879527,-0.05013854793593518,-0.2012512842029189,-0.86935757703094,-1.3315481715488213,-0.21577014421181281,BAD,0
0.46910266950229773,-0.8905708727908899,-1.3527189985681645,-0.8191387018541086,0.542965068817596,-0.16088307458173692,1.0422978425410239,-1.3538895319228477,1.7374090146202237,0.08549051969117258,BAD,1
0.7020058644017919,-2.012717951372676,-1.8631775680885219,-0.9524714434175707,-0.30154514230217133,0.5459926243703602,-1.2771639887024995,0.4431081990506811,-2.004015221565649,0.2834658238617679,GOOD,0
0.3996611360429418,0.3291615549702048,-0.8186615279648242,-0.8312065894549231,-0.7400318024131749,1.0922830139977926,0.37013351434478037,-0.5123535241456582,0.8689209251473713,-1.533150853597755,BAD,0
1.8224442576589575,-1.6680322263368557,-0.37663882172041746,0.40064152568427264,-0.4260096455058187,1.698310696789217,0.08918596207647472,0.012778027419464984,0.408543135149228,0.2915935814667738,BAD,0
-0.7406287788486979,-1.4389689436999193,0.10654638955585499,-0.48494472231354574,-0.743626128674131,1.4056410520812204,-0.8521811430423856,-0.6510842884601168,-1.6763421179839326,0.42826352301042053,GOOD,0
0.28263248428650417,1.8481369738251054,2.2585304232940544,1.0338941262121846,-0.28551260610673507,-1.7983007278270011,1.625809293696411,-0.9408621156537277,-0.08563012375549499,-1.5337796209156789,BAD,0
0.018784886109058575,1.813028618618363,0.7757868410286853,0.6144026855128426,0.9311558797408335,0.2314468863210836,0.3972852182083278,0.17209494805890568,1.9274909536140148,0.6199970435550713,BAD,1
-1.530612576432738,1.4100656657138462,-0.2963231984318644,-0.5604048240316548,-0.956587290251024,0.6854250529269207,0.8712257303203392,-0.08843650360147587,-0.077957224852495,0.04547322805293543,BAD,1
-0.1678832767126817,1.36754977927859,-0.17411708839174414,0.2606156765079087,-0.03791214650397754,1.4321814930464116,3.520221880564697,0.48635117915243575,-0.3672597413549149,0.6005171415498081,BAD,1
-0.8013546528776463,0.4682981084145157,-1.6551147243363415,-0.18983565150738957,2.0420691682744865,-2.0677705987789596,0.7250397128500405,-1.1902577030891848,-0.6394448400854066,-0.6448241157248082,BAD,0
1.0260006503149603,-0.12881653839326326,0.6841585802254828,-0.4231819734532038,-0.09729534648759293,-0.1993672714065424,-0.20673512587207868,-0.6886145766649917,0.800686881428294,1.3070446042357744,BAD,0
-0.2720020889461716,1.1661051802645013,1.5275069646863775,0.9408081947877541,-0.9751969812945679,1.8308502772380175,0.10579092855329472,-0.31357436516074205,-0.5596646416722283,-0.2944679732546443,BAD,1
-1.1341096190844295,-0.3008080717314405,-0.2492380138955385,0.9509050481131872,-0.08176668158970694,0.4950979574143588,-0.7718804924949041,-0.07747126389475237,-1.4685242571142274,0.1347332353866861,GOOD,1
0.37671596980753724,0.4033488755868358,1.0137019458096705,0.4604399666370217,-1.592023099413326,0.28090384954586545,1.6306972289519512,-1.3093381600626888,-0.21452813975685361,-0.5381112495264033,BAD,1
0.6745313267038319,0.2856706766535245,-1.8357888486670975,1.1850661420408282,-0.600988995280985,0.030492971308059363,0.12998057047613562,0.3722084247223078,-0.24415497461388072,-0.3146452398481001,GOOD,1
-0.45376893975565047,1.3414037091220619,-1.1915046501200774,-2.2534175204385978,-0.5806750879810098,0.3719573186686421,1.4048172949657014,0.6181817867605931,0.5453979338254313,0.0630073998035212,BAD,0
-1.3396793062168841,0.04118814132375683,-0.10802906088541295,-0.4887280838417819,-1.4090618471619671,0.7594443368350342,-1.2262219612499605,-0.6368839233286494,-0.7080981455130679,1.1819484620166198,GOOD,1
-0.7795631847321394,-0.3464413429039557,0.6692883561441902,-0.8072986614173511,-0.7509647864284265,0.08104428156002315,-1.5068497781417474,-2.036181296203914,-1.095013578128305,0.6080548360997173,GOOD,1
-1.071244138224958,1.2908494376243915,1.181106477743295,-0.7085253660071622,0.3487667564567533,0.9947912361450384,-1.2103879991900584,1.747322692514638,-2.1072572120493978,-1.3844545235479393,BAD,1
-1.0144467583103343,-1.267850958986294,1.489209051615548,0.21234293863370607,-0.730593063558663,-2.1843996789581004,-0.208699456889431,-0.04592698411821425,0.262551770708521,0.5143121870417658,BAD,0
-1.3183923511735494,-1.2804963232674837,0.11111396611203601,0.53906141616138,0.10934002857317006,-1.6120166672180047,-1.1050679844957203,0.20379370980340109,0.06986106329579952,-0.6350628272615217,GOOD,0
0.027056721657029766,0.5476001808050267,0.4961780353283451,1.7715082844604881,0.5735714161047326,-1.1715949837276316,0.10863924147216723,2.046963879304766,0.09219021627040318,-0.9391272456131292,BAD,1
-1.1474458461995523,0.4105639150870809,0.015496226211966021,-0.3324306468703983,0.12038912183852052,-0.2682118192295391,-0.26652724581296905,-0.033589874779912085,0.30116710606068614,0.24888836123736957,BAD,1
-0.5892228623537178,-0.794578322317586,0.14244516965241205,-1.3700174174258763,-0.775952819925813,0.4808589103773839,1.3642837831266224,0.6715169878823425,0.24218082820707634,-0.2350006485043402,GOOD,1
1.3210154017664366,0.29283417194604444,0.8870718556191179,-0.37078981354473406,-1.0957039915008233,-0.9143125454692895,-1.8955967824851694,0.8360892674199493,-0.14855421394601537,1.2729838728046974,BAD,1
0.1981106901125955,0.37745699171921376,0.8982724469113157,0.2639579836784205,2.4443518318894184,0.17538145482389433,-0.48230810182283274,-0.5453569846016251,-0.3534096687681945,-0.35679304717694277,BAD,0
0.8640963652623515,0.3546227138121788,-1.1523871468893312,1.3189548618651044,0.24368508459878874,1.3292454443532165,0.4516214616830204,-0.9898719854606557,1.8647058824249658,-1.2594887152245782,GOOD,1
0.7049344358866146,-0.2190550740395973,0.7671672291327826,-1.3470667607591955,-0.2055320356671597,0.9862096936456731,-0.3476984223460002,-1.704302493550917,0.3541169356198628,-0.19525827304624105,BAD,0
-1.4239102788163955,1.6913500326118351,1.530958735176223,-0.504713685553904,-1.1704661556513243,0.39282627008316556,0.887559291763265,0.4956662074814775,-1.4333543533704103,0.1772458924986916,BAD,0
-0.9538533647113772,0.6754548040700091,0.39602636204064745,0.7266631712404726,-0.5392561142312288,-1.566928309892227,-0.7598119172682145,1.2944839489311266,0.3199931334821437,-1.470304536595947,BAD,1
1.0434876756859155,2.0545211365267955,-0.0060458272968669105,-0.569190746107484,1.0402317052982872,1.3842209787158533,0.7185113348488295,0.4185203323830539,0.6396617252905915,-1.0443272037972227,BAD,0
0.8209650241703086,0.40242781068327615,0.1765517705656143,-0.5629037340514368,-0.5465956601959732,0.042975376909807975,0.48192523987581976,-1.4092410337775167,0.37446456349738344,-0.7028521886698682,BAD,0
-1.0287395497249812,-1.0382264401250407,-0.5885590168025194,-1.1478061594036248,-0.2933608164309808,0.38440185154919976,0.043038027069260354,0.410428235561221,-1.0584666485283807,-0.034944335332354554,BAD,1
0.6991303293892054,-0.6333074249531636,0.23422622998592377,-1.5255811021659385,0.6188025702695394,1.7088413248437893,0.23111099646135863,-1.365108909754819,0.32732967898833554,1.444645598201014,BAD,0
-0.21263940287399774,-0.368464459368985,1.1218852886378325,0.10517480354938583,-0.5539747674577972,0.1398354754294538,-1.2327115241728352,0.5340829151067845,-0.9496459511389712,-0.7769803789799186,BAD,1
0.5666606245773121,1.484453413418248,-0.32085974774297044,0.03700736542299708,0.04099627339862907,-0.27329729434998595,-1.9170448129003996,0.520936869262952,-0.7853702258421414,-0.6187566559743737,BAD,1
-0.8345924473061058,-0.7407622700606605,0.10414836412318926,-0.5582580640549801,0.37375235875203305,2.528123665306124,-0.8541856015727268,1.2115631604225179,-1.256063625410352,1.0557915313206694,BAD,1
1.05220975128943,1.7444446033206786,0.1748281367525051,-1.0302223594110018,-0.3362283100646349,-1.661455687215076,-0.6640819208770594,0.3354000213538593,-1.3307668685768625,0.13850143695865375,BAD,1
-0.2295695123046889,-0.9109591801245451,0.9028451094889894,0.8774469586616425,0.4674892539789405,0.6193947836222381,-0.028305944964927443,-0.5427434097984103,-0.08527742771284005,0.10783460009906042,BAD,1
1.3100844824148548,-0.9162803776236654,1.2279585339272356,-0.23294526932227,0.5044824064961403,-0.4619766038568381,-0.6418111984915033,1.8973783740008907,-0.09180567265941564,-0.4968333166477721,BAD,1
1.8052886630342906,0.7944919947618309,0.16941344703125577,0.9210602561613578,1.5416817977932453,-0.5098753227700652,0.6155831872820691,-0.23642919470468007,-1.9111330692935569,-1.0127898562789914,BAD,0
0.0362374531450599,1.0797068686017057,0.35191658188662867,0.49963212519744415,-0.7860424636830384,0.019132983613553478,0.43906084115039157,-2.6658254368975363,-1.2923004029112297,0.9389857753851881,BAD,0
1.1970624844844462,-0.30140236178729995,-0.3231215398205758,2.1628764845440607,-0.8804145585938566,-1.1592935668067554,0.4257465919120961,-1.2079430168533278,-0.3424890804290961,0.8152976769409003,BAD,1
-0.18051463106804094,0.09843241470979651,-0.7194983531675656,-1.7160920253045482,0.6292801940940373,-0.16722743054430517,-1.1555650970708056,0.05385815659821118,1.4719276103914927,-0.014180600858019176,BAD,1
0.2932307161857186,-0.7557487538419213,-0.1398587956272677,0.17938607690766223,-0.8766406648260545,-0.06110633046750646,-0.038051079320308115,1.9002483246944897,0.3309646468751367,-0.7990908890529916,GOOD,1
-1.8279668242216613,-0.24530527744941902,0.19285343736343596,1.1898360231837126,0.2961627885862047,0.21544871207383628,0.3809684003931776,-1.0823591043066358,-1.3483966617684011,0.6440032730391617,BAD,0
-0.2148288505497966,-1.334746506454495,-0.2544473031826123,-0.21815842353756082,0.1466718427112405,-1.2093355148905218,0.5697865330383831,-1.7376305474057763,0.6359314859974547,0.4086616546791937,BAD,1
0.8635790794460555,1.9686808148743957,0.2892298008342699,-1.6316330024023713,-0.7594173773595243,-1.2817895864386515,1.0025654647889906,0.1862422639776243,-1.3158731765275493,0.824978255635469,BAD,1
-0.6027867357652376,-0.9529185861568157,-0.8763187506322972,-0.9817570819545358,0.5800268180604875,1.6754029755717998,0.1640215408060879,-1.6772573912921587,-0.026263372560618458,0.2165237323363744,BAD,1
-1.3328546809039068,1.1028537870712138,-1.5683538071416487,-0.34392229279474057,2.29190184060067,-0.030795102108459614,-0.45332009539228874,1.6014261276402473,0.6718828151016818,-0.2447131109421175,BAD,1
-1.6765964127233914,1.9190355926600553,1.3397277872309437,1.0071430993899453,1.1052518042864854,0.5913911802576031,-0.5972475986123146,-1.347055164285018,0.39672033870689855,0.48242632716182643,BAD,0
1.465087901331331,0.0008261424517349558,-0.4358262963369808,0.17304862343159524,0.5993455035517031,-0.24247666290717892,1.0714225773787927,1.101705885282594,0.10677464203320151,-0.05265326123739195,BAD,1
-0.133600965178445,0.20015664912900033,1.8209451579329727,0.8500103447778957,0.631385562332332,-0.28275524523764545,-0.9413100072491023,-0.3934105857830302,1.8626568003139923,0.16275933413137525,BAD,1
-0.9298119033883361,0.40472852319737657,-0.34633966324905946,0.4694371641149497,0.4949131707662972,-0.772080832686568,-1.3781683245116965,-1.9777088220226045,-1.0312005727785651,-0.3723003928299588,GOOD,0
-1.0924992303839516,0.3040511890280815,0.2901719662578607,-0.5538088787245163,1.5293839150310289,-1.1525898421495113,0.5355857872523497,1.9480002334353694,0.5398444358796737,0.5805935970116111,BAD,0
0.1874046525204568,0.9062026246214109,0.38711816443459274,-0.49700866851082987,-1.2391008377603097,-0.31442573604751,0.32136262600287385,0.5804367498049638,0.23029703230164067,-0.4423674507581526,BAD,1
1.4006214253796654,-0.25638363980296847,-0.02709495804478881,-2.1250450466850035,0.9761950922799894,1.7379932807022203,0.7314583082833536,1.408440907722264,0.42920533835704167,-2.7431246482805816,BAD,0
-1.2580141144474917,0.6776346273242139,-0.2483301384957661,0.9096472028191748,-0.19090396305542073,-2.856202627052231,0.2100260333934217,-0.42137721817069157,-0.12543408147157992,0.863436713152969,BAD,0
1.7623035053848026,-1.5475369162101,-1.3842415704180142,1.2101079715254983,1.680606573582227,0.857684405512937,-0.19509644641524088,-0.015663881181768452,-0.20869593217827304,-0.02874608358828882,GOOD,0
0.9407607760516854,-0.29893850292052887,1.9885006591592183,-1.6844461909400406,-1.5442820199139886,1.174420501680075,-0.33914050822785724,-0.8501381513218697,0.8815792174115273,1.8204504007859552,GOOD,1
1.4401374911398002,-0.41208995259617537,0.13365825564944506,-1.813412523642909,0.4626208101922876,-0.30744712334349783,-0.18673350615841308,0.6094498151092514,1.6208831558531496,-0.4000162421792558,BAD,1
-0.42587360958496595,-0.0704600533946385,0.4543111694011318,-0.27038244729792205,0.2833121921117418,0.22321427289335388,-1.9753432165272042,-1.0433334827579295,-0.3231072611732813,-0.15892705848330826,GOOD,0
-0.4229422696960966,-0.502144907442419,0.14863832484791423,-0.8844676541339743,-0.08225781641917981,-0.7096972982687495,0.5285744649976605,-0.19556907543939325,0.4228596844842781,-0.6594332663681151,GOOD,0
-2.0261846943149284,-1.9514226553757634,-0.6994792028568138,0.16739945030186648,-0.9137641970745146,-1.565637579796599,0.6041384723077714,-0.06215098376621879,0.371811630029347,0.311343622137966,BAD,0
0.8401122199754274,0.34517064293081884,-1.448413879083923,-0.3115294249314764,0.37564779998425046,0.036534916637271465,0.3256122223805806,-0.01277830203135457,-0.29426895191230956,1.2226115862272273,BAD,0
1.6738423986691033,-1.2839254270475777,-0.47458394245651897,-0.46203368076265144,0.4976924302384152,2.2505077032004386,0.5748219372145341,-0.3029578742198341,-1.2351425355187025,0.007449117542287827,GOOD,1
0.4328140244995515,-0.1249559983860975,-0.001622736316790761,1.5290138356043024,-1.8970398591781887,-1.10428948758653,0.7123003459001076,1.4368460156916352,0.429803397148422,0.7271803788449624,BAD,0
-1.332469231470687,0.4435964318339879,0.31061600865482325,1.130088473926976,-1.6504251190212575,-0.06604944289314425,0.9296303372551094,0.08262515108490837,-0.8317040718425497,-0.6142147301570885,BAD,1
1.332571003453719,-0.584996865777833,-0.3818268579161832,0.24846938150597325,-0.8861847032124001,-0.42051855379803216,-0.6759016368579707,1.6600579128699429,0.2297053208606445,-1.4560663339328332,GOOD,1
0.9126706086820349,0.5379944683196188,0.2725277586200913,-1.0020068425423188,0.3295856986093497,0.03927046221879917,-1.0614441269661168,0.2567036116108636,0.6498994322038361,-0.09674114929415376,BAD,0
-0.4009759962165589,0.07561067485897252,0.12197922194579025,-2.2640262348275573,-2.4857882595609015,0.9072375834469029,1.0205737935653352,1.9880230457606143,0.10140673476720868,1.6542218238227437,BAD,1
-1.5800939363096387,1.103492482474925,-1.0220905398283098,-0.949495946258558,-0.3679252670196672,0.17968709833580718,-0.3464833101904965,-0.16477606632365724,-0.16770414103356932,-1.1118587362755799,BAD,1
-1.6681517372061554,0.5130814590843844,-0.204729735297773,0.26048225975638345,-1.2030520308737,0.750569855533558,2.1706697040843395,0.654265903760129,1.9804447206330085,-0.35589244799190217,BAD,0
1.2159461297422296,-0.9393500904263216,1.3462817144297874,-0.705526209412123,0.025525562506882763,-0.7582383003912517,1.7255406199757701,-0.4299898643480748,1.8709442445783218,0.6140352502314044,BAD,0
-0.697024609307683,1.1503520865722248,1.0819580769216262,-0.19361449094909478,-0.3032232822605987,0.2958001854708616,-1.3238348121318195,-0.08668024378763445,1.208151545798558,-0.25084539383112453,BAD,1
1.4491153040339118,0.24966904026425904,-0.8863137158044689,-0.11051331326990074,-2.608414260527177,-1.3223041138349216,1.0862719604329338,-0.6518590456413076,0.16401518720910277,-0.5084020510799588,GOOD,1
-0.6431413481581222,-1.3120241773714203,-0.6020729830456445,-0.54007118056618,0.11633839282316076,0.679927972351009,0.07368435977465937,-0.2615763940268485,1.236306386080387,-1.5483464828609248,BAD,0
-0.004168758229203148,0.6888718685779713,-0.5140259233005176,0.2313463395408631,-0.07117043907049961,-2.5472932032548066,-0.6482799708568386,1.5293827083778913,1.1540983464053303,2.6743881254187594,BAD,0
-0.015678380974810686,-0.5685225684331053,-0.19163057589669502,0.250714980018994,-0.2448481341734572,0.7154829287132338,-2.0915177500266102,-0.7448095976748433,0.8420830366200006,0.19725135185741857,GOOD,0
1.0891664883540702,1.7796104530527301,1.7252853278638762,0.855145949765719,-0.6636586665769351,0.7073662580214587,-0.014080928463059082,-0.3395612727507272,-0.11559124057048605,1.7838831013471845,BAD,0
1.9476397565925603,1.2624162685501807,0.4702585729754581,-0.4036078510827754,0.06047905839078232,0.20643739423897692,-0.9902116055141579,-1.7738584459260975,-0.3356990312589233,0.23461923493619147,BAD,1
-1.6575195137278709,-0.9976687759080862,0.5233772176205772,1.590241456789451,-0.33932773493619844,-0.04172301966672597,-1.2623642726050521,0.5347681885417965,0.29284813945020927,0.28325443399100225,BAD,0
0.2864186848447648,1.301864484071077,-0.6203146094671798,-0.7087040478797003,-0.16834557660008823,-0.9371176178417097,1.4538254307126401,2.547053635418854,-0.6210042788066882,1.8427096008416268,BAD,0
-0.21389288044634644,-0.6596571312474473,-1.3830590233886673,-0.049969352142849165,-1.349113235532355,0.21784383347042036,0.6889301122105592,1.4514732064107039,-0.16427236073561122,-1.2510189653884598,GOOD,0
0.4631015827626243,0.9378273464710275,0.9524057314354069,-0.887100507385935,0.832584985240874,-0.02260829399969938,0.2165677107542377,0.021469613351758836,2.4686668555128577,0.901636309534101,BAD,1
0.577999101295743,0.14981676466569313,0.5497629951944164,-2.3059526725741,0.30171381611980586,0.2538153601181406,1.4033330706465426,0.9984270150520461,0.6955605676300547,-1.2084096783756226,BAD,1
0.4876791579467648,-0.7442781853043674,2.141652675924767,0.2952812461525383,0.38563895558827543,0.07375307337071808,-0.329705749700815,0.2163370363078685,-0.38871696204002865,1.2291565563984574,BAD,0
0.15993427019672332,-1.2553720283556795,-0.24495935818713443,-1.306050753704831,0.14621676510514578,0.8035997711679248,-0.20072323092840985,-0.7897467710391204,-1.7530698813057837,-0.3294157921723725,BAD,1
0.19810358945057038,-0.007979677730772766,0.3583610480626557,0.006459235093889529,-0.8335729394947193,0.8830272427659698,-0.6812580444093516,-1.1833224849622341,-1.6944707171111457,0.42431141185637483,BAD,0
0.35211672315433334,0.950279434962404,-0.1403829579732379,0.29272516103348245,0.11182919091749163,-0.7799430778677641,-0.0528357866220228,1.2613347618121842,-0.709062030329208,-0.6288924125164864,BAD,1
-1.4151944153276554,0.6772969463866688,1.0099947365380892,-0.1519766809478671,1.4228938080596372,0.4725887800503016,-1.309511556930849,0.9744408826720138,-0.8956022817115782,0.7178986652612857,BAD,1
-2.1268429284002437,-1.1103146422866461,-0.3762734914251652,-0.8661944141121172,-1.6800804264620561,-0.2793332813603998,0.23237685915024459,-0.6634429754471999,1.1726204909151692,1.8667844782139222,BAD,0
1.456754668832313,0.16332786125698848,-0.31008635775709686,-1.8239206480722625,0.784606240341696,-1.1837030328312834,1.0754666348497879,-0.06194013995087572,0.9783581060224366,-0.4705388137806799,BAD,0
-0.2102330108504309,-1.1037970316163312,-0.031950766495503026,0.649072606626434,0.6094218536985203,-0.6209520405539614,-0.3643755930656696,1.345883138515252,-0.5712041140174764,1.5414477301361553,BAD,0
-0.31514518203850506,-0.19378254754500912,0.3880085216807112,0.3480325552096991,0.13346619099809362,0.0296917677967197,-0.5736938992942122,0.1131068633487997,0.9134205545578414,-0.8152018376543917,BAD,0
-0.3815356493881765,-0.8227121849040706,1.7718313863315358,-0.5397000559726681,-0.3966472711087434,1.2904719140218401,0.007160829236952391,0.04337447249663656,0.20811542896308569,0.4271717451559309,BAD,1
0.23849062429584844,0.47242606002513093,-1.385320974120382,0.8324347212576104,-0.4048952690733091,-0.6835113114215626,0.8009298134072852,1.1267121504185984,0.675793099379147,-0.27701327775900486,BAD,0
1.2435929674980026,0.6890416764101959,-0.001195474650842381,1.5905030976539114,-0.8085503416795614,0.3896800696297862,-0.2902039829589029,-0.658539680754869,-1.2910892991137366,1.012591112879836,BAD,0
-2.1108595111703985,1.9686292016442453,-0.06765911730983501,-0.6534160832981323,1.1428576358377298,1.9706591896402148,1.170525635861289,-0.40488358568195726,1.5423775904800912,-0.16013959397412406,BAD,0
1.0143160702354088,-1.737913757006467,0.18377222487230535,-0.887322199503484,-0.6325906256473285,-1.0418370130668895,1.399788706554821,-0.36349167574308994,1.7893824263189864,-0.5973544036516043,BAD,1
-0.27035775226496234,-1.57303734420812,0.188152922632795,-0.39352926912685765,-0.5169755247780264,0.13581392983390128,-1.3346591806574686,-0.3325163455373062,0.9156364218742193,0.3775687865041936,GOOD,1
-0.5650250773020291,1.3779417965104743,0.7117444012344641,-1.23252582384391,-0.9622910033518343,-0.601961271637052,0.4969145212869794,-0.462094020436161,1.4962157897391695,1.3645709429331454,BAD,0
0.0837615282021205,-0.08462515177996902,2.3946844233775604,-0.14691673006492478,-0.5166273531465903,1.4892917910257006,-0.4141610924121291,0.00018228045784976127,1.2673341332799988,-1.536171563330578,BAD,0
0.0546393234153785,-0.5532549030618383,0.8278496422375475,1.528328375652876,0.44668202952879027,0.256936285123363,-0.2960602849629168,0.46901009951107675,-0.15632798800083778,-0.4768169024637024,BAD,0
-1.2373536681308435,1.8705972252460648,0.28281880257287173,1.3692451090692215,0.0022794562457817682,-0.1807605459516947,0.6377601989813334,1.2333073167410684,-0.38652987146769846,-0.16758727772932297,BAD,1
0.5397222819561385,-0.9516249953075566,0.2281957413954526,1.0753653616939103,-0.4688643576425946,0.30302050793866575,-1.4011516233052488,-0.8587303411892152,0.08546468063305282,-0.23226212843186117,GOOD,1
-1.136176142817796,0.7777611267960414,0.051985165490850395,0.43908978784345976,0.19429891422194911,1.223343531131329,0.5410520832025614,0.03683499650749125,-0.20802787466630263,0.4293064573605182,BAD,1
0.17325399648148151,-1.497610658344383,-0.46970208718380163,-0.6288674903367522,0.16328953263763507,-2.3740963341930597,-1.8072117161122756,-0.987148393121211,-0.11624194552538608,-0.5213583052344521,BAD,0
0.6801080362965364,0.024935644352919478,-0.8672525569521471,0.9924797786007099,-0.47079114596079596,-0.9168964669887574,0.20727413301034833,-1.0636350321691421,0.6046901642188532,-0.5637564046958726,GOOD,1
0.9383691142801495,0.6116338581503348,-2.4416810699702682,2.1392681745770026,0.839047035986155,2.0036806558167823,0.9144033188412658,-0.2747335658004918,-2.0434668492857013,0.03822222653437453,GOOD,1
1.0973186033649363,0.5980469650068122,0.4783225145960041,0.58436818462967,-0.6929634313912835,-0.48753560427169157,0.09529577751005827,-0.05100305972977288,1.5021266636792379,0.9622647193146919,BAD,1
1.7693235362873276,0.5805611149320292,-0.37347250317606434,0.20110806239522747,-0.969179636249339,0.563332378200263,-1.6430037364323928,-0.27438483639433453,1.0053486892233352,-0.10927194900368942,GOOD,1
0.20351530172131535,-0.7669507408042878,1.4991303476496047,0.4789861993508192,0.6122605515063217,-0.039900356729522954,0.5511812849339439,1.2788303723022072,0.7531297172942188,0.4232829058808476,BAD,1
0.22196092635827971,0.550054936764915,1.0728019679916987,-0.2703666718386002,0.27645856160718735,0.042047058657336926,0.8002726691746123,1.0581768058200456,-1.2799942795906722,-0.06514914301503376,BAD,0
0.2531251897044122,-1.1750282193770154,-0.03862379363750155,1.9349334081398621,-0.49617647427869166,-0.8989014883532714,-2.1993315273196767,-1.895286643177279,0.9962607429552622,0.23339536683805065,GOOD,0
-0.07165294253883181,-1.1933220668301736,-0.14650852304150683,-0.6431184171239215,0.12209600976938753,-0.28852794420189193,0.7930331396296617,-1.2910671434559737,-0.788337087681718,0.05059473951427879,BAD,0
-0.5668670668703312,1.816363626048169,-1.6137747879277435,1.162374622794763,-2.6126091405373355,0.45092176510758275,-0.9131732102227662,-0.6388286986381345,0.7698402286943127,-2.0980103191938118,GOOD,0
0.749964477765556,-1.058766909725966,-0.9862968044924697,-0.42319103063979874,0.519336068569337,0.8188239737909759,-0.9275471517895798,-1.6480170569222317,0.11967927705801248,-1.21501546309202,GOOD,1
0.48716499683317155,0.2854543285218913,0.6807668799346464,-0.6471540916669828,1.096262714367206,-0.13972990792829845,-0.22585925690988254,2.055408205922619,-0.42327202381605883,-0.44314550919691215,BAD,1
0.36527644204365356,1.1018492186518614,-0.6322890844998537,1.6160529616731196,0.5848167625657726,0.7588087135937501,-1.2739529610837212,-0.2899624500309925,0.12939198513025252,1.5478290239694539,BAD,1
0.7533565467498936,0.26106587583775054,2.3796534568918437,-0.5011732807535362,-0.7554717593680063,1.882158457577594,0.3579905355680419,0.29328336042022246,-0.36973601970774533,-0.823861211859264,BAD,0
-1.2696711487379477,0.09012907286522148,1.3589356678278277,-0.36972218448923233,1.31409648260354,0.6107605262356144,1.520554495132402,0.7605826180486679,0.608366633761049,-0.19221597009069183,BAD,0
-0.5979766524052155,0.12062765460029075,-2.386981492925433,0.13793718083389137,-0.5856491560005502,0.08185543686270975,1.5790468593392137,-0.16553896221294886,0.10093352560453606,0.4749174247822861,BAD,1
-0.032084622734942204,-0.49415186644119563,-0.16692077344662262,-0.3465027435527027,-2.17781359155056,-0.9658958355955711,-1.485667173955306,-0.2046645688597776,0.2516637030963044,0.37745605194472953,GOOD,0
0.9400332642297464,-0.40286432577635917,0.14134765390878593,1.0051448725668515,-0.0913633255431115,-1.0606155945079494,0.08417612566014743,0.9064561740674385,-1.3495424046078879,-1.0327386145673108,BAD,1
-0.3814666783075018,0.9004178881470809,0.9885231622863753,-1.4450399596593828,1.2395186340460753,-0.7057957724153356,0.7183193453964639,-0.6413030092853892,1.0083679363027054,0.16765259980215744,BAD,0
0.528549975317356,0.26620778784851323,0.17061493551377466,0.6907707504465208,0.6767663615785439,-1.5110199640286537,-0.7178244671345029,-0.0304117639938652,-0.4794528578590264,-1.129854963748153,BAD,1
-0.05892868164990544,0.3841307177245081,-0.6596094522484166,0.7018100384202876,-2.2234905671230005,-0.6877147930019389,1.4687078574398944,-0.8685298595325937,0.38379379689720716,1.062514028303786,BAD,1
1.4719288197712737,-0.20695535346285887,-0.7851843725403982,0.12156939142536603,0.8145915686122422,0.032214803931588355,0.7879420230056227,-0.5763707535179547,0.061299365296661384,1.2603574981563483,BAD,0
-0.48915628851332643,1.7008268411326406,-1.4044387147941357,-1.7479754572774402,-1.2499326526541996,0.19980997416466834,0.14359443443135592,-1.0461140966583058,1.6224121204409958,0.27118508787868983,BAD,0
0.02202415757423834,0.12299419951806691,1.1772609656888295,0.23142022573326845,-0.8844592568615366,3.0200721759885707,0.13180913344819237,0.739374436064885,-0.12219436004439897,0.05347233656904881,BAD,1
1.0437789125876527,-0.5179292895689446,0.5140226701929527,-1.873739605135149,0.30563958246098427,0.468088797822586,-0.5735487989753383,-0.5236911854281271,0.13704463208715972,0.1725189013033621,BAD,1
0.6373393779240533,-2.162860377590539,-0.035897396461162995,-1.036166447135576,0.9195519070138699,1.0592870646486254,-0.3788512783422963,-0.9547784582899721,-0.7809047846536572,0.05467439390778203,GOOD,0
0.1663340529372941,-0.04910250726292872,-0.39583547435588806,-0.25508429567161467,0.6016287270689153,-0.11490786019195905,0.028035370217175497,-2.0309720407913874,1.0769577925190355,-1.9539568264739242,BAD,0
-0.5619621174034265,2.2798307842896333,-0.3368675345758143,-0.6223606497892579,1.3906982712611171,-0.36187840806028526,0.06687754289938004,-0.6886735066376132,1.1909687614274083,0.4783170813923606,BAD,1
-1.0353166949367008,-0.13261647063482837,-0.21607703723424734,-1.103430122501785,0.9401121595860247,0.6349340428747828,0.819389948863384,1.461191458032744,-0.52598203641974,0.9826821884042706,BAD,0
1.4221516688472942,1.0406747103384002,0.34276595004608035,0.8165727899012564,0.6625975417233728,0.2737617152401037,0.18626687371719486,0.5513587244150904,-0.5526720331503797,0.0005082110383603436,BAD,0
0.6619311391780297,1.2546746314259916,-1.469313158578746,1.311493456595461,0.1364614118363937,-1.081638361440313,-0.9138367987849826,0.12476448820186618,-1.7225220264566443,-0.4094057313393583,GOOD,1
0.6768104075905346,-1.9206973446312892,-0.5755421208155085,-0.6444597210771966,-1.321766967703579,-0.47759098781316855,-2.0610853016290225,1.6370882333459207,0.26617074616368236,-1.134105432935844,GOOD,1
0.5245647118426939,-0.3113296547527549,-0.6151486885809664,0.3787650769942962,-0.39950119143134855,-0.3473427737418812,-0.23768061900019485,1.4698653045169106,1.2175732456434234,0.1008787482696311,BAD,1
-0.2747217071817667,-0.1141393250360479,1.2318110628617183,0.02390288198556583,0.8713769266847835,-1.7482901428002064,0.5593450104755843,1.8955160024071571,1.4355762926436317,-0.00018046788530962148,BAD,0
0.4095823527104551,0.636718411106882,-0.48007817941585845,-1.9898444508489161,-0.04246248246010229,-1.020067096622977,1.2686598487571668,0.1840509010603364,0.029881431401605298,-1.233602974234266,BAD,0
0.7638127947907464,-0.08066654230575712,-0.7819102426204606,0.17969823858269882,0.007972460996579344,-1.8839619261721618,-1.7314745703504377,0.09665787669772385,-0.3995132541672763,-1.3559173024099411,GOOD,1
0.40996449282775743,-0.7925683057883441,0.33857070588404126,0.39663350011123494,1.306606447022743,-1.3512822738089898,0.2271972781983834,-1.5831819814933685,1.7145931699149604,-0.4961649929937126,BAD,1
-0.7876616336337012,-0.49970315287810496,0.678335115179807,-0.8944408046849858,0.052806745836863386,1.9007644247828936,0.4919046497884531,-0.007111984386435884,-0.15206926651707545,0.5421644587378952,BAD,1
-0.04546690577019949,-0.030392334765738386,-0.9766672060647593,0.6614695488938697,-1.7274011498218047,-0.2345144626243164,-0.25750802110751353,-0.7942806991104164,0.47295370513661633,-1.0175100964511676,GOOD,1
-0.691512616496616,-0.14412037526742297,-0.7872717615268069,2.090118167686632,-1.3292286565622624,0.7112197757715697,-0.25813117791028445,-1.951549803329613,2.6520861969275042,-0.21547417744323283,GOOD,1
0.318459066032738,-0.5400609308803357,1.1964842209527813,-0.8353990254328675,-1.161088884237345,-0.2623105748094416,-0.4054436742450763,-0.7825094792053502,-0.8408020456398199,0.4650578825710915,BAD,0
-2.421625225927108,1.160579784071231,0.9492253951855952,-0.1876099996850234,-0.09203945332300853,0.5405424452053125,-0.5133336657633769,0.6879264440298215,0.8369516783091885,1.1843524336517717,BAD,1
-0.5011622098011207,-0.2526917442337204,0.6743655861457293,0.742456103037823,-0.213017953844508,-0.7278793093585524,0.29759492513921415,0.10847292607055278,-0.04277366086960087,0.038445794838442675,BAD,0
1.1650806674786642,0.020278099074631326,-0.5150874360587554,2.092575988116026,-1.3537144431977013,-1.3044233172580362,0.03467507131577785,-0.3025261907669427,-0.27783500809403266,0.38300623852794113,BAD,1
0.24062073749541524,-0.8507084027435502,0.832606417411776,1.9594890758077124,-0.3328411892092813,2.6685631218693002,-0.2009035028006794,1.5351751176251,0.8244942821652512,0.7782265034076498,BAD,1
-1.1443368663280769,-0.30612438381482954,-0.45189960589715233,-0.25078750413707757,-0.7456181607004478,-0.35619082523482953,-1.2475555453760374,0.4010797270193093,0.845011061464858,1.216876828690295,BAD,1
1.294617653310993,-0.10515443969574005,-0.3728790384366695,0.6431188063675056,-0.8713143107953132,-0.4331431641304717,-1.1946860867620406,1.0689282759596008,0.5743303738099731,-1.4976531338294048,BAD,0
0.5231111618141416,0.48735992561202796,0.3271807700586776,0.03508428481900428,-0.608967473863997,-0.833682470936046,-0.37264804258609574,0.9286935858060954,0.975145100313969,1.0242050443280857,BAD,0
-0.18337305697031278,-1.2743677319813858,0.6218908145883891,-0.9631219882865744,0.07827529462605111,-0.2363606123849534,-1.5991667426555478,-0.35080531896514955,0.6947688867216257,2.4075750056286958,BAD,1
-0.53655128002693,0.7653151669358002,-0.30923429542828323,-0.7056756978584412,0.03692068006370794,-0.4352315204050304,-0.7934610808046035,0.6528752055676587,-0.2544328099167348,0.6058385047162611,BAD,0
1.0808349883055866,-1.329785315536367,-0.880942287095719,-0.8177970572389217,-0.8516156134901552,1.8293204205988487,-0.6151329056971261,-0.5605364235855272,-0.19678890780914485,-0.4021138143405585,GOOD,1
-0.25391933153644,0.1693384224504499,-1.805869233232597,1.1635563662408683,0.43816319151057104,0.5766951326007139,0.6795006606336013,0.35246590770828023,-0.2074054552767051,-0.9702152800836611,GOOD,0
-0.8260829795355992,-0.8655028765248666,0.44895001270722606,0.8456064774572584,-0.39924519871259423,1.2748283487592216,0.5000940919960517,0.31019349957317593,0.24304407102884187,-1.2694385849155638,BAD,0
-1.6867691572624035,0.9322307158408325,-0.8395760343037215,0.8838782149098101,1.5664197579491719,0.16431161029765984,2.308332611531926,0.8232645962392866,0.01549765672280505,-0.21450679435110695,BAD,0
-1.1559927853957688,0.4796811475286613,1.5644689553024487,-0.24711390293844096,2.416118894189984,-0.28031223366883884,-0.8891755096155973,0.14086646266771372,1.5009648883694577,0.3761376053917086,BAD,0
-1.1478562384188626,0.7021603644992909,-0.6482560036348409,2.18324565973577,-0.40433607776330055,0.06597453480404876,1.103203549794723,-0.4650751790702306,0.6834654430744771,0.8516134008215265,BAD,1
1.0119023378847207,-0.771457147556149,0.5267005590910284,-1.166756032409461,-0.2535217090876689,0.2827088952764055,0.9124410621668151,0.4413165515355977,0.21819545431183104,0.681664159497332,BAD,1
-0.4770506480172107,0.5732997600313086,-1.2728854870981317,0.622014101086413,-1.5904052804415083,0.7238227853110508,-0.5266553431102098,-1.1894631011110097,-1.303850931554276,-0.9354126769103107,BAD,0
0.2376200489033117,0.06273573613822463,-1.4191144264241555,1.2929244883956512,-1.4825120840972252,-0.519855959333291,1.267044971113341,0.4781488193564487,-1.0135532429733056,-1.1189960839006792,BAD,0
0.7664099313575986,-0.5848218673228013,1.7274407302609052,-1.037868541489985,-1.1360602921944436,-0.3235121756307642,-0.23520529405637602,0.5395825921059274,0.7680281275076131,0.5340355463819471,BAD,0
0.6925462430456122,-0.4088382256033526,1.1051008039851389,0.1373158555722023,0.2689714895594719,-0.5251916818498868,-0.7656232821433855,-1.140896664929801,-0.3765899443371774,-0.4868478276047915,BAD,1
0.2820249487583961,0.3268645714293036,1.4054271164538137,-2.5477861763200806,0.19144411653902768,-0.3800459817193087,0.40572015319142907,-0.14021888601587243,0.15500642155355696,0.8134942575444335,BAD,1
0.7365938526447477,0.4713156063534781,1.110063506948434,0.9575238789182453,0.687189106217169,0.8953384668265699,0.2976780894366006,-0.3971818095059275,-0.6099414162776987,0.7704829220382842,BAD,1
-1.0357178242757534,0.4473961401574483,-0.4495896435311101,-2.820505739335971,-1.481897169796199,-0.24775601793034077,-0.9213365248615639,0.9934697520175445,-0.28447752792794895,1.431022872383558,BAD,0
0.6435113687097266,-0.6691532411273613,0.23904892807558795,0.8864915651057244,1.2505777436193253,1.1727575162842412,0.02098957519563578,0.7718704583225544,1.1920516544485598,1.1922202784079585,BAD,1
0.5045933585443823,-1.387644678608129,-1.0806607527890828,-0.9545605234725746,-1.881714369525772,0.11835355036380511,0.449963128343623,-0.6402683741704756,-1.5967938372351007,0.27487805435993884,GOOD,0
1.0469469747189013,-0.37479170766538517,-1.0728960281615372,-0.5175483244521651,-0.6343043617249823,1.2763808329644069,0.794123470757728,-0.7449540580069689,0.27743975940714927,0.6630445329547823,BAD,1
1.4019142617531213,0.5348789612803784,0.7328819825510533,-0.6796576766833627,-0.4401121451569851,-1.8291305661966684,-0.5827627482607893,-0.2824493817702759,1.3961238590129637,-0.23993226500996626,BAD,1
0.813981324977431,-0.7884945528498367,-0.5260728403803857,-1.0368431134567406,0.9629224054092786,0.918866807473906,0.30279364225538796,-0.389842703313677,0.2195971462568416,-0.6874865281651609,BAD,1
-0.6553437990185447,-1.0146725767357794,-0.18594571142589497,0.8550131558767802,-0.020703306610373066,0.9667495961650935,1.0345170924102278,2.310933697388392,0.3978994692771358,1.924425125325098,BAD,0
1.1094075684867781,-2.0443133220055567,1.9742033547013476,0.681573928967369,1.5337609250089215,1.0206454358520285,-0.3457757010420995,1.3074666147417768,-1.337211474955196,0.5544059564518223,BAD,0
0.05294084258917598,-0.260423556943104,0.2036002221488509,0.8307260404742086,-0.20210321352165783,-0.47595599546462264,0.02504840392882609,-0.3254583926700547,-1.816858421473942,0.6761704348659425,BAD,0
1.2668859055650485,-1.3753688681986809,1.121432704805939,-0.2649486057083288,-1.5498206378333885,-0.035083938949739844,-0.08840577258606482,0.24984051671352062,-0.5139719404128408,0.5700060767744034,BAD,0
-2.436325958001107,0.9528282949672979,-2.13024356615735,0.2632561903509677,1.2742482877062684,0.7100429592763441,-2.428412606108342,0.3101759065952225,-0.5545991935830318,0.997298237600131,GOOD,1
-0.12222897460593425,0.4967300444147713,-1.069095202345681,2.7367471060371806,0.060201473089246914,-0.48209696284810644,0.15578422823581758,0.6633889653824206,-0.10881670670685377,-0.4701108452865088,BAD,1
-1.080770410564399,0.9382448765442983,0.7725675786921327,0.5297239930994154,1.2270839050241602,-0.09989716341777456,1.626114825665201,-0.6641456921834109,-1.1416534705847248,-1.1848228823196763,BAD,1
0.07982447110797515,1.2346584268339007,-1.1671516834494764,-1.812503400768432,0.3020526333860681,-0.36366020796006343,1.1101031536520143,-0.03931758935604464,-1.1361155273640466,-0.46198331391294783,BAD,0
-0.5194591589360915,-0.2602983629402095,1.5909110820392123,-0.6034632722750346,-0.8581164338156527,-1.4026755258265464,-0.5020163658597656,-0.5314659889201754,0.8839357466012162,1.0535477024651088,BAD,1
1.313547354480457,-1.9043358654867881,-0.6957810551542493,0.8313740983167378,-0.7114998072563474,-0.4738977482415771,-1.4137419268432574,1.0672521995342288,0.41238968293018674,0.8793995124182742,GOOD,1
-0.5543583772343227,-0.40704595524166126,0.40152270053712036,0.05551300076553077,-0.9797516373382078,0.3671147878993782,-0.3216314216580513,0.3174900936380852,-1.5821280174621046,0.11021391202795167,BAD,1
-1.1586937596776907,-1.839513090129001,0.9901025516823543,-0.6505403266646871,0.7991778631740455,0.21533907583856654,-0.5482001331648075,0.016656972868304216,-0.8081153818167368,1.9715483156005293,BAD,1
-0.338496124135259,0.12314919529731494,1.562648790953835,0.6571314265273046,1.2424332773732127,1.7069925247644624,-0.1987422574544827,0.03134106399062677,0.3107945242325724,0.2806718616143018,BAD,1
-0.4116330579258883,-0.31882922330168756,-1.8652165080360843,0.45523680355404883,2.489306045684932,0.8323215252220953,-0.3979033654609689,1.5332206081143263,-0.12038460314185384,-0.08538648547310997,BAD,1
0.2004598987128518,-0.5109525026040496,2.3294865046761606,-0.13807114151331312,0.9279527962396331,0.6339055972404011,0.19370273625075138,0.4623865611864751,-0.05930562674079899,-1.9729186706735087,BAD,0
0.41252672225582615,-0.9374899157053754,-1.0278636484523433,1.2735668727147278,-0.951679514524284,0.39695365829891105,1.3713928967509008,-0.39798408731204604,-0.16838753862704267,1.3149679583220217,BAD,1
-0.8396283436987271,-1.9245492912556244,1.9415267608452036,-1.5365454404019212,-0.2688773134729853,0.7533028030128078,0.48808037252723185,1.0217093783056377,-0.5206122268366351,2.1636798371507613,BAD,1
-2.2003366105769913,1.0493839662877398,1.367806262083916,-0.8713130583207316,0.8285078873464493,-0.7455918641278091,0.5975161892468044,2.1712086529415706,1.7157946160423052,0.575229935077464,BAD,1
-1.5586051592400654,-1.4143004027766253,-0.6554581775502174,0.8472225996935226,0.4799479870297942,0.3854305570785832,1.0959434316477024,1.2585342688775079,0.6073202121204903,-0.7244722607092979,BAD,1
-1.1676894545011214,0.9170016503267758,-0.3929424358890067,-0.595622640058604,-0.5156573352698696,0.31879232187703505,-1.0609911273490673,-0.09845439980219582,-0.05169724312340529,1.564068929111826,BAD,0
-1.0291396391477277,0.17171560672793043,1.6907037521371535,1.7963256126298182,-0.4410969866586116,0.35017529067567105,1.3563914058904458,-0.2775029069005382,-0.8212935375053105,-2.2087764034848414,BAD,0
1.6201591313193773,0.8555710958648808,-0.09226242139091423,-1.8984083960328448,-0.07027949448517895,0.37850685624969116,1.0783483478081128,0.36639606270646385,0.052893953566426115,-1.2694360394567228,BAD,0
0.4271243665577733,0.46907800717779696,0.2977915165568935,-0.7715008564174837,0.04776100473313924,1.0755921763769791,1.1918368843941296,-1.513708571550046,-1.4267665928053999,1.0941718481184517,BAD,1
1.3166950047918606,-0.03325325682507385,1.7861619694111048,-0.9490803400842334,0.1723977645490954,-0.147284429800732,-1.7782630959096892,0.46971406315624453,0.9978264238399734,1.6021799948760398,BAD,1
-1.0717205485432995,-1.486752399667896,0.7035556302162157,-2.6157587599870125,-0.9734341126579743,-1.001002144919859,-0.8857036728195595,1.6413239125055872,1.2631240732744307,0.4126550536570141,BAD,1
-0.2534212072934758,1.620962224070887,-2.9199820549059488,0.597111514938419,-0.2554762608548307,0.2406299063517829,-2.049521162800098,-0.5742446935455269,-0.2813441711503196,0.13189916041944524,GOOD,1
-0.9700369546230275,-0.6797433471051134,0.3508428547944184,0.01931379554556193,-0.5729027607590479,1.3962524947195385,0.14359864277154927,0.025229420835688007,0.1412884057034769,0.5093919329474405,BAD,0
-1.088558806205941,-0.718694893356933,1.058947807040007,0.5458407971009437,0.36989780696468405,-1.269148373254619,0.09999911155828396,-0.3198080880121267,-2.135247365657098,-1.1031153230939064,BAD,1
-1.8770571341853466,0.15004847097047475,-0.6374883039530161,-0.2887482920380576,-0.5156924102389757,1.6042586317964027,1.245463470075957,-0.9309237372928708,-0.9118194874897819,0.8329663401877012,BAD,0
-1.5935405406477996,-0.5760454815783093,1.6093861799532911,-0.08416420173937277,1.6927611840516228,0.5668498910263006,1.5120012108587813,0.6188805737700642,-1.399516819896248,1.3370876840377124,BAD,1
0.9655265609557226,-0.07457108349141299,0.179577213871104,1.3305653432000049,-0.06840583780202632,-0.25290360975279264,-1.1761505676651052,0.07999193214518614,0.690264230720685,-1.5612768730212525,GOOD,0
1.899044474464376,0.5697006473677376,1.4793711425191494,-1.1784282096196472,1.3529349476534964,-0.08280153531427153,1.2990213188949853,-1.135783448438901,-0.205530557297688,-1.1279649718382385,BAD,0
-0.8158783744802373,1.4721724416529942,0.6251779344791778,-0.7429307897200548,0.4563616726041669,-0.7499123041106687,-0.3220852045765998,1.4464993025868036,0.5157052663793513,-0.2359964336244527,BAD,0
0.0409673002880099,0.4204461755996903,-0.008000166051747188,0.3434080961666984,-2.0415486692877005,-0.7357799680387704,-0.6170740919391139,0.46025194730055025,0.3503955259902799,-0.2760779413297404,BAD,1
-0.36399884994143156,-0.6566746775827083,0.8063855437906963,1.3895673352988458,0.49482339559535016,-0.28578108607008207,-0.5226561295726404,-0.32529955890318374,1.9283206232754633,0.857398098597336,BAD,1
-0.6619713169280007,1.2502616465216814,-0.18715427797486758,0.43015321341246704,0.8955207746565192,0.29704841009029437,-1.1761335961448212,-1.2934973552778084,1.7974046986787908,-0.9013267079678976,BAD,1
-1.3233799825361978,-1.2055281400663316,0.35207147717329973,0.12613135635831435,0.10473358003089786,0.5831225502129044,0.6023550922702109,-0.5208878671575095,-0.18866917081539877,-0.022197099042709986,BAD,0
0.5428066311300119,-1.4595907172665494,-0.9580182892070387,-0.8117131094528256,-1.0531865050155975,0.9325294352629541,-0.38694625954216666,0.4577384549343071,1.4675657837239093,-1.0369841424630877,GOOD,0
-0.8330526203930465,0.8945332433926234,0.9015116575965811,0.3832335382438233,-0.32942759681762496,0.7844129757198912,-0.5714126297793123,1.6729891304481361,0.43351145892251997,-1.2816181247558136,BAD,1
-0.47906308056659297,-0.4735434072005337,0.19196857734175637,-1.2321236075144204,-0.711853897707307,-1.4294625115949984,0.585653067304658,1.7627873212201985,0.18503631822319752,-0.36721036169201143,BAD,0
-0.550032048303837,-0.048189461429321574,0.6169053054965425,0.02542921632656185,-1.3194338483892463,0.1621749283171329,-0.44273569329433454,0.06348415789283492,1.0188828502369496,-0.2338057627610941,BAD,0
-0.6861061266410364,-1.7688693992985574,2.5830300990249864,0.6606523879385098,-1.2473105285125459,1.1010667573304256,-0.48498685090046173,0.15036737633740693,0.600423653573015,1.0440410736502925,BAD,0
0.094390058578071,-0.1370537714305612,-0.6063459811481562,0.7586223173356724,-0.7787609349306008,0.09289389877231533,-0.6470307605819127,-2.315356749552605,-0.12210417965739917,-1.071168263532755,GOOD,0
-1.6474043868652108,0.41475869401466664,-1.4697929241068852,-0.5491272517038581,-0.9829364681970547,-0.1717681425528741,0.6782716838121994,-0.3235839790803862,-1.3131756823311644,0.7527497584720825,BAD,1
-1.2033955170562465,-1.1273863143805425,-0.003636968423972576,0.16780928413105423,-1.2436294973086215,-0.18304771097764755,-0.0401938518357146,-1.7632715365027156,-0.5119524343484287,0.5231905311377144,BAD,1
-0.6840211251610179,-1.4704267487584117,1.209265424206618,2.1337628839471487,0.4194330191802389,-0.3326310694862188,0.610099787846563,-1.2365556982526622,-0.9096514178133732,1.031753257426576,BAD,0
-0.11681223949752323,3.7039555571081184,-0.8284315198394305,-1.0017400598951134,0.08599811261731721,1.3221529374207193,0.5218479552570948,-0.5186685884183259,0.8321183167241077,0.30978938584393406,BAD,0
0.4724787769943721,0.1587739230068229,0.37610200003212324,-0.6141203324803188,0.2885353295903541,-0.7672295440936862,1.432258548630246,-0.8758868440590213,-1.2584068528231431,-1.1172894085583338,BAD,1
-1.390941614312841,0.802505767222381,0.07645259814012577,-0.10984348955559749,0.11286979578414669,0.22860476336847643,-0.9008321992729272,2.143179477267447,0.19913532573993298,-0.38537386879287966,BAD,0
0.8802896643043508,0.9567218721146179,-0.07662346273179751,-0.8419173863426043,0.40400140413243485,-0.3332736572921616,1.3643431549397456,-1.27509184231979,-0.09425975962773105,-1.2053664967823396,BAD,0
0.17545102714743224,-0.7665293607842721,-0.3682263301685736,0.4827502597238286,-1.396860569267889,1.0023272092696576,0.2535818704183061,-0.4809787590940012,0.8318641831650859,-0.6146573995637383,BAD,0
-0.0850297989160524,0.7307202500439652,1.0482825716212683,1.2328944921675258,1.6518796609841464,-0.01261546236222649,-0.39599472506149364,-0.7179246067433785,0.6563106121778852,0.32332187826952735,BAD,1
-1.216142374940084,1.7841785085991912,0.6290332949205497,-0.2483793896432813,-0.4214017229523941,-0.0050225527740459285,-0.4542172694304876,-0.8877566883925271,-1.61203122803341,0.5084978891784144,BAD,1
0.49442464072799197,0.9284624320065049,0.41362776526030776,0.36311368074829614,-0.4141455379013153,-0.04219480109232639,-0.22944684994759734,-2.0680224919049257,-0.22687919008234173,-0.1727737422076823,GOOD,1
0.29577144741505645,-0.19582742747072723,-0.1508584070020393,-2.1508513130300693,0.21346099176097993,-0.8537929984353545,-0.5862933537944492,0.24199408566026018,-2.438126392226845,1.162455336638939,BAD,0
0.2396691100779608,-0.6457122091032121,1.4571082656404637,1.657238323712153,1.877826055959958,-0.1798532865901551,-1.4540594582962258,-0.3821482280994703,1.1924023950161007,0.1217901268861879,BAD,0
0.765221487636868,-1.0823431257586353,0.38400416247798863,-0.43277945242106197,-0.09206963300528796,-2.9287637706653378,0.04634286009557872,-0.49100129083710276,-0.4249731343966477,-0.5195069188186315,BAD,0
-1.0032120611389928,0.3180910402464172,0.7100271459010946,-0.7101858888222791,0.19278016167500975,-1.0025883415412586,1.670670671469016,0.6202947839876592,-0.7585268863817024,-0.4399616633572045,BAD,0
-0.6882078074321921,-0.880076085119125,-0.1453755757660897,0.62443073823617,-0.7244163054805857,-0.11075109742921864,0.31755448879758186,-0.728986504856259,-2.875414306370416,0.07840686397550652,BAD,0
-0.1531606590031818,0.049885996253852746,1.0015910825049035,1.6619628717739228,-0.4954789709405866,1.7191768822988773,1.0246203047031885,-0.1835523556583228,-0.2979263760850545,0.10231959335381978,BAD,1
-0.3241940749418831,0.14927737980126374,-1.1628048197372842,-0.6387584474792062,-0.8482073174365468,-0.501259047945067,0.49954933478090763,3.007880271181893,0.4258268478542622,0.36903128183511497,BAD,1
0.054170280829448254,-1.0821652355189724,-2.9594797819238514,-0.5856560527150972,-0.5245536283957819,-0.5067049654186507,0.4364567608715791,1.9140942195409245,0.754209443988599,1.3738825793780465,GOOD,0
-0.6377424436219259,1.2605466817291453,1.0382118286985549,0.7300579132595997,0.4747869573143571,0.4453527458924502,-0.601845380557876,0.9178635854046451,0.7352485055337132,0.8490008582473836,BAD,0
0.9400796263302127,-1.0796525027564998,-1.4324163736076794,-0.8865441331870713,-1.1821372113238011,0.9099704524756179,1.3725120697073252,-0.27527968661973784,-0.8415163213054806,-0.23482765074498438,BAD,1
-0.721211675659307,0.9879710205004297,-1.9160869540281489,-0.11872315789611373,-0.1987039874259966,-0.8304351834213193,0.5730277341211962,1.6441444855949157,-0.20206053594673806,-0.7870596344721695,BAD,1
-1.042178515323424,1.77432762998692,0.28552977668164853,-1.681212915051455,-0.9030773751754976,-0.3354061231426899,0.6221601745669488,0.5561063295547856,0.12013004918284807,-0.9808586228727811,BAD,1
-0.23079139154092115,0.06721240539589912,1.029154404505074,0.07429007359224808,-0.027468696322486684,-0.9891756856800691,-0.42040554254423446,1.8275817361162852,1.5321731551369837,0.15212353398854742,BAD,1
-0.33412638888256624,0.27142600758224056,1.3747315633113124,0.7298343897796682,0.2043463723117912,-0.6330336487051847,-0.3641073848821799,-0.8509640108550071,-0.4420702326380637,1.1884999469398025,BAD,0
-0.5121270735816253,-0.051328219832241735,0.7011540457647878,0.5855557708747585,0.49040837676279075,0.7906840054459836,-2.596425146528567,0.8590815438239267,-1.4785354665241983,1.012365491555086,GOOD,0
0.03998072267924597,0.7013367367009652,1.2332547334524897,0.05773765820598351,-1.0593608379406048,-0.508408725173389,0.49425625110500965,1.054529668773429,-2.778250628187472,0.7209624502288388,BAD,1
0.327123414115779,1.5316602334665892,-0.7193955463349699,-0.8582234679785863,-1.216752743386163,0.05527813002408497,-1.2690410315616742,-0.6375197211033636,0.6820926938361521,1.061853336649192,GOOD,0
-0.5595785032903384,0.6743995516990877,-1.1782534089816163,-0.21507770756199304,0.6217310287527357,-2.022492329646816,0.04147028013476286,-1.0533669842751183,-0.9550123907881813,-1.802681058035372,BAD,1
-0.16235892528403434,0.46485434523581454,2.356787515464954,-0.3663094629012775,1.7517281138782144,-0.39276643716670206,0.5891985766398198,-0.14382997176220416,0.5294108538137314,-0.08335352206694527,BAD,1
-0.19138033941616345,-0.9274968625381956,0.10659177824676663,-1.2589799687971026,1.299890224216898,-1.754512279248695,-1.0600617361386506,-2.189981779952916,0.9864144799826529,-1.1008913765534818,BAD,0
0.023806764111376964,1.2078565157922774,-0.819840191566404,0.27764021209499806,-0.8610935510039426,-0.5539481981764776,-0.2028605504426919,-0.12912601850837566,-0.3220758724519689,-2.9337085034110983,GOOD,1
0.2268456992528982,-1.6669319031227146,0.21583864024660507,1.1476715874534433,0.616745534030854,-1.426053132477848,-0.18987998826230315,0.9305630350425187,-0.7208295933547191,0.4883770563932804,BAD,1
-1.324630388689144,-0.48908312660825437,-0.2458975776655502,-0.8344226240021614,-0.44032556351056007,-1.0368008868517313,-2.8958561153298024,0.057123116214729264,1.0214012474717613,-0.06933265932340917,GOOD,0
1.5616424196526457,1.0062126378624368,-0.3564879913710921,-0.06716300003009995,-0.3338420863109867,-0.36615867186746553,-0.010614754288761769,-1.0253842947618168,0.32264289890387654,1.6473488334790223,BAD,1
-0.030517136932569744,-2.675218335679435,0.7068726416323263,-0.10577746724872271,-0.7431908419077834,0.03632560883621122,0.0468705092233956,-1.782726591458393,0.6430285068743139,-0.5931070693236913,GOOD,0
-0.17718037523074412,-1.2097008346396054,-0.07091690070569055,-0.15452919312351904,1.614088950520066,0.9928732364897771,-2.1566052710007066,0.6064184991296441,2.6398752347097503,1.040300839712825,BAD,1
0.5504211516224126,0.43030667245256654,-0.12342462723419029,1.66110863223133,-0.5477849112777267,-0.35289883575842707,1.1572860339703577,0.6374622155790605,-1.813138119611437,1.1695825020584976,BAD,0
0.2831231468931695,0.08570226638035341,0.15006407372855776,-2.5368707855202346,1.055813667053097,0.4956081795672261,-0.19636500961061723,0.77726847566478,-0.14658301338257262,0.07648196772529374,BAD,0
-0.08505609522325465,0.8348015261431253,-0.4654593472402385,-0.5659148171993084,0.4854316236333136,0.864380539313181,0.2249834089406206,-0.1539452416516583,-0.710155738113509,-0.1826526869079014,BAD,1
0.9030529588593323,0.9706297342984621,-1.0218044145927707,-0.9236269102113376,0.9903986208374276,0.6636707954551068,1.371682194418865,-1.4435073174292588,0.14869633089634735,-0.8290382727225815,BAD,0
0.13690680335780853,0.25529528064930357,-0.11899164046061085,0.15916384507457845,-0.09709901010954335,-2.2722586393160458,-0.5499736355672209,0.3295575829805022,0.7340144180056256,-1.8893309450335958,GOOD,0
-1.0648884307387692,-0.9941837276299883,-0.920160615531704,-0.4298263864198818,0.7004148684808843,1.455997114477536,0.3758079466816449,-2.169872951862327,-0.6091182575402344,1.289384238496096,BAD,1
2.248320519047589,-1.9015339763620007,1.1615900096526204,0.5740139357298507,0.5882323089442139,0.5478916562795506,0.37772052774455916,0.5728923190993706,-0.9180206524809809,1.1049271226851336,BAD,0
-1.3955534259051627,0.5792410537626388,0.7436651776588796,-0.08692464829707149,1.1209376181336606,-1.0976520277227906,-0.14108770737727266,1.0290690381558403,-0.4840998404953098,-1.147808514323076,BAD,0
-0.23034776421958011,0.5593334674616661,-0.4703985431249609,-0.20965503782257733,-0.17442144318682376,-0.10097190907641215,0.08196542071545589,1.3365099142492922,0.14774757964845112,-0.5535446357297157,BAD,0
0.7607003912853413,-1.6611003059810592,1.0131961000714909,1.0025257446431113,0.017399750946728725,-2.0052353241436687,-1.2392847475044424,0.6561642790012369,-0.7178363849291813,-1.764907786605514,GOOD,0
-0.37175534082723855,-1.313297665424788,-1.0755352997902012,0.11926095404117164,0.0522568655801511,1.2105433094921838,-1.3228390100392184,-0.7389122961717428,0.8602543784029254,0.2514917291057231,GOOD,1
-0.8397088421454482,-1.0973081903712323,0.24959246742441485,0.36358067775115577,1.3306237272130916,1.0999897201107864,-1.0113451014492525,-1.3558316406337407,-0.8904090065326898,0.8615856580064725,BAD,0
0.35468536801437034,0.28450948687836813,-0.620311681843705,-0.2911668662946165,0.5269522055237441,-1.0089728963132403,-0.616822929533431,0.6354426476626513,1.9621654960034665,-1.263419689287301,BAD,0
-0.4726339018656477,-1.1377195275412555,0.48514014891349333,-1.0338613404946733,0.8620744639500838,0.6259204508384404,-0.23510772381571787,0.6432612561135707,-0.5743715228057787,-1.7458476998972479,GOOD,0
0.4136221850438805,-1.1968404951182046,1.8599442063459342,-0.5160632643408006,0.21470746585993172,-0.3640194094165283,0.7556319898260071,-2.2575498782268206,-0.6441112081394079,0.6363907108034338,BAD,1
-0.8631866822376614,-0.4006671820050377,1.2186646929758498,0.07019824463525025,0.26056435352508067,0.42114417563618084,-0.8006176562133323,0.26095301259791004,0.6415408355685724,1.9915896965129376,BAD,0
-0.33345584763784886,-1.7415967943320012,1.3649146486604233,1.0271584476262883,0.6359684238872824,0.6334672615469064,0.6300398521804325,1.0811854345610545,0.7662597619016492,1.8568920487735083,BAD,0
1.4914882109503926,0.6833375486903436,-0.44508354995740357,0.793840079176624,1.0143800014054238,0.4263343878798426,0.07751194813925283,-0.43891967465577053,0.7513954940433255,-2.2936862042277126,BAD,1
-1.3644385788284275,0.40392137882677237,0.6418571668139441,-2.243252524237105,-0.4822909653876975,-1.103854883476482,0.11326059120409632,0.38782644107293934,-0.1437375282071145,0.2033529960491163,BAD,0
0.4065491318770599,0.5195842113391177,-0.4080927322831118,0.7398949121510939,-1.078433513661876,0.6276452250997591,0.8882611531250868,1.1616003786632465,-1.786491027517099,-0.8476790730270601,BAD,0
0.808793756772703,0.2812391801931221,0.40067465063714497,0.4213029187301718,0.9921006706752585,0.0598960494004778,-0.18016427584183153,0.8562585526849887,1.4098125726828998,0.2658124395821112,BAD,1
0.13081820551890552,-0.8301176216009223,0.40353682977901967,-2.2436558367259614,2.0964791039501764,0.07197612774861031,0.8589184610089919,-0.2443521788887392,0.04916698400191426,-0.6109585281101039,GOOD,1
-0.7996875507927886,1.1755761264888098,-0.891409172733021,1.0113170670696834,0.3099674310566518,0.7035625018565796,0.5217311655420358,1.1484011481415184,0.003020248270813979,-0.9535930262404878,BAD,0
0.45468746925348896,-0.04767352422349759,-2.165407620317891,0.1052183423032088,-0.9943135836548691,-1.2825732563094068,-1.9404388275899014,0.12670869615354355,-1.1620783214688968,-0.2721285775136614,GOOD,1
-1.2768178944251878,-0.5402550805557379,-0.6589386152137455,-0.7787353194027452,-0.20955425894535945,0.4579956608395924,-0.7569530299887088,0.46612173710152,-0.029778804407162657,0.07249748836791443,GOOD,1
-0.13481981661980239,-0.3170702365969591,-0.5453138853080951,-1.496541082974171,1.310084909266082,1.4703972259175901,2.812898650484372,-0.6731659006949774,0.43903747231781143,-0.20305847877331293,BAD,1
0.8345668815684429,-1.9209969108176361,-0.855306911759299,1.5232836493138013,1.2161029815604416,-2.0337759536676434,0.7782602500763074,-2.3335100974473493,1.0462285829245361,0.5673936779641118,BAD,0
-0.42130806212151295,-1.1955205292475648,0.6406294798383249,1.0817333292370632,0.6118539422062309,0.7411161776246955,-0.6384158622019638,-1.6309418604057357,0.2208946139591195,0.4053386881471262,BAD,1
0.40362875838963513,0.1070523097830361,-0.8920379552276384,0.11839162567610143,0.645737485635651,-0.9793727062984006,0.44186025606275803,0.6445265896022114,-0.31240953689189493,2.9125897371710594,BAD,1
0.47751040038487935,1.3430849202425381,-0.29692288770944464,-0.3880001387621902,0.983887127450089,-0.39471350903306707,0.6542510104386475,-1.8566543488044978,1.0924078349061686,0.6945103566859469,BAD,1
-0.124718405383291,0.36894208226511793,-0.795957490351639,0.41914245145979556,-0.13672984478291603,0.7488699871158432,-1.5870910531521492,-0.13637904789296917,1.2231806879573972,-1.3417671950739047,GOOD,0
1.8661365047864213,-1.1495837577486254,0.6378264240439238,0.40983419554591566,-0.08171591324234423,1.665190661564822,0.7946435961887609,-1.4809872292458102,-0.09896137591907123,0.06380084249242991,BAD,0
0.2077971284331852,1.4217092114118537,0.5664347389450803,-0.8647009253606645,1.948849675267737,0.9311789918077953,0.18387415649180153,-0.303000053947538,1.4473582708156205,1.4465043630619594,BAD,0
0.592677346774715,-0.9467467859376447,-0.5972527377165219,0.7557516173919889,0.6777071333862856,1.2085270096716116,0.6242148892178118,-0.2474418120774276,-0.26462907445880907,0.48224678050595754,BAD,1
0.39373903058579623,-0.4959339271569606,0.5058756976930343,0.8000597543897431,-0.5914964125010604,0.2416160582203493,-0.4090491438193523,-0.3945696107592829,-0.7683245316251776,-1.1681155674430983,GOOD,1
-0.5984703586836487,-0.41274413177554603,-0.6796002730277472,0.7995429072024881,1.0916959092828877,-1.12695048205877,0.03962778430404702,0.43594742056593244,1.0182873425092627,-0.7191819468223711,BAD,0
1.0335472621955286,0.48814698998050043,1.7061500291251965,-0.3191850946247547,-0.5571309454108061,-0.45252941248001977,0.1966500036015374,-0.5197365408827713,-1.722183003166094,-1.1705152912355399,BAD,1
-0.7053086547402303,-0.14377260340110992,0.4131362663864417,0.35444289983502525,-0.07793181379158366,-0.0811539638336571,0.723553718068778,-1.8615299038088884,-0.8637540906864773,-0.07968255879995757,BAD,1
-0.42425935946582766,0.06524504524426515,0.5693341668733539,-0.7287778249656661,-0.8398890287716699,1.2067107283714935,0.35316050576637453,1.3475663515421228,-0.022793829668219325,0.8932692415395714,BAD,1
-1.5094308258952966,0.9839803607932436,0.28230395933286323,0.18691804687363608,-0.27851066519985707,0.23553856418680616,-0.07917610584836711,-1.5252008731436366,0.6624676483937575,1.831555871423582,BAD,1
-0.15522653438364759,1.0080927372654933,-0.5217400810562197,-0.1543864401495132,0.238666052541563,-0.12814720686693895,-0.3173632981096888,-0.4664218084719611,0.7550938048643786,0.004533338271277527,BAD,0
0.5474201951540975,0.6106655630097421,0.5278912469319825,-0.43564129161739407,-0.26029178984516216,-2.211057198643749,0.3041191277276293,-1.692276539605384,-0.7166515670422451,0.6156292669373613,BAD,1
1.1141536874045856,0.5505028386092405,-1.2797378107531707,-0.33535867545372866,1.9858595883674672,0.5265094232135269,-0.7521374755556804,0.859813153013652,-0.7075114357665652,-2.4889236565106208,BAD,0
-1.147789270149547,-0.8499511272355846,1.762066260657368,0.3086130030394659,-0.550426966190313,2.0611890482141515,0.15693531173294945,-0.31720559791130926,0.17718104278717098,-1.8960227015175801,BAD,1
0.07610480123756176,-0.3498972199770325,-0.2242592471847467,-1.8721537467417975,0.04817400566731824,-0.17361625082372414,0.55656202650929,-1.7169564677868348,-1.3380485730027183,-0.6695000732781958,BAD,1
1.0065722419500347,-1.4819865097705927,-0.8732913778850564,-2.170482284481644,-2.383926059296268,-1.8395272186654181,0.4018471726182444,0.7569881678592494,-0.20537175056767099,0.2275259671596686,BAD,0
0.08435780843725714,0.28627381331274143,0.16112557503127764,0.37434365575870016,-2.0913096044415687,0.007318196274510958,1.2922862018251873,-0.6779594577612938,0.47329536647333736,0.7027336249515138,BAD,1
0.449270688167611,-0.1948793209166203,-0.540619069509948,0.4252800980499448,-0.551354237282493,0.8552693622570174,0.38677271334174823,-2.49970547578388,-0.6851220347552289,-0.33849965172763496,BAD,1
0.5507478641847171,-0.8116804619236371,0.8538430312343205,0.3489582428560951,0.36633322289060516,0.21713646885482493,0.2313366438900339,0.01925374501745358,0.09195866571553477,0.05687193988538269,BAD,1
-0.42592926230000727,-0.021973012504329675,-1.2723031215817298,0.1974719267482334,-0.31056538025123054,0.0924059587086859,1.4174907189596266,1.1743180371480164,0.20833487670415937,-1.4980106031379223,BAD,0
-0.7578928532940225,-0.7705479634937082,-1.778783980281373,0.2885485442190157,-0.2635988165138783,1.7105250545786876,-0.5753917984738811,2.770365350965492,0.8388428867353525,0.1406034618347266,GOOD,1
-0.16675036048932912,0.6452742774921278,0.28460668823037905,0.8619184423200072,-0.02869803145644196,0.6302304191398982,0.6160991858715479,-1.005671920694048,-2.2962218415756293,-0.7137441129197897,BAD,1
1.4264264511744822,-0.14812381653693008,0.9742443048483643,-0.5416472557555906,0.3938436030226408,-1.0056336695748793,-1.5612246557980867,0.9373683219232637,0.9843356529560631,0.3468243238830668,BAD,0
-1.1670978609815388,0.23574110365587653,-0.650359064914609,-1.2175320310599258,-1.1221866732510222,-0.19907355740701047,-0.04394052878455746,-2.1118330173988955,0.4705182945085109,-0.2290695093167416,GOOD,1
0.05230096162905096,0.6338954857000706,-0.6227332210384255,0.4626057235493458,0.02434394894139235,0.728624976381401,1.3969031940696888,0.03593901762364946,0.157459928082684,-0.7245079417421104,BAD,1
-0.7454174090208988,-1.4015394943330979,0.6964598364024073,-1.2039909534611748,-0.0901548042747872,-0.4520649673668927,-0.009603767429357998,-1.3139214424953944,-1.0657506573425561,0.25125862743961214,BAD,0
0.44472519311447695,0.6564209611774192,-0.5727312603453608,-1.1958181747487606,1.300020777172613,-0.008155607605775692,0.43883450286901526,-1.3630851719697843,-0.48131070634779616,0.3144429606330856,BAD,1
-0.4431192331993264,-0.3562243570273579,2.9988203665267945,-0.8269102355690402,-0.04581691807585744,0.6827361854392922,0.669713132735641,0.22919131506171825,0.24109874151070332,-0.1140650594671551,BAD,1
-2.1679851291703653,-0.9022537239650126,0.8241487750462889,-0.046531927627468564,0.42097620840974465,1.2643509704872296,-1.3005669986346255,0.3353836109725429,-1.2149592521255999,-0.09025110956588143,GOOD,0
0.03108708764095961,-1.6872662831440626,1.2159489758485065,-0.026299101989551155,-1.5402485855402117,0.8198233483662438,0.6929032750685564,-0.742640435492651,0.3417446901409191,0.19500882279953974,BAD,0
-0.5833629920665299,-0.5274108063272286,1.6292928018217379,-0.3488029725152539,0.9417924181954181,-0.48172287958648463,0.7814881036079452,1.0144419285626551,0.14900176382850136,-0.4360907531734234,BAD,0
-0.8703298533759495,0.4577190389403596,-2.437216468029784,0.9875420861931972,0.1847593115419043,0.9057067885017674,0.15797048799419855,0.8239496199777755,-0.2838086205099664,-0.0351820378141231,BAD,0
1.4131468161922989,-0.4434902136635158,-1.1080578958876768,-0.5668493630426674,-0.189020657792176,0.0523100641028946,0.258394675977999,1.3866440106673483,0.1619043560560161,-0.010749709434769928,GOOD,1
0.6565156225400769,0.7303509994705761,-0.034077233765991734,1.1822983913158294,0.8494749468709173,1.0381356193951699,-0.42802506267554974,0.5701033180225664,-0.718835936849657,-0.17792418700697152,BAD,0
-1.5883255419110243,-1.6674434416062922,-1.603909693553342,1.1307289285093962,-0.8380429653537899,-0.40211120694692726,-1.8850070166341852,1.0487208559374253,-0.6359740130325736,0.8690973856313035,GOOD,1
-0.06613457029417796,1.552958534444211,0.5759132410502789,0.13860174148365,-0.8740897193712353,0.1706689130451262,0.8337216888408749,-1.4898673648527971,1.8387925634987567,-2.5811741297087103,BAD,1
-2.6377182570095234,-1.3278972086919336,0.29735861982181494,-0.1113041599040089,-0.11376923215623254,0.38124896606560993,-1.0253346951890479,-1.0849177003526929,-0.13662049547197389,1.0393563099422716,GOOD,0
1.0929263681356336,0.8579343287441077,0.5724562344572396,1.061118334184002,-1.3206124027276391,-0.2187307637070546,1.6070583108403051,-1.296574735152432,0.49833032347186557,0.9555852698907243,BAD,1
0.0869296467085649,1.5975699064743616,1.2270187812886686,-1.5312037453082004,0.5181982189524986,-0.19084757050491422,-1.025038986593315,0.2120893600799873,1.6642444356063624,0.5259944935461297,BAD,0
0.5100556667703041,1.3307965664698531,-0.34294727642292716,-0.013858513958007171,1.0004656523411612,-0.14725148322430795,1.2515974437156236,-0.12150830051043687,1.32742180286855,1.5638347382674553,BAD,1
0.012548848132771469,1.5673682256386248,-0.34365366323516255,-0.7851891765982948,1.2957013172856426,0.3027701255079892,-0.18293914031793346,-0.7303687328276062,0.17955420590112356,-0.29462092031428894,BAD,1
-0.1436568798890159,-0.31886589298232926,0.761409448933094,2.916898477755623,-0.7210587249803606,1.6090280381417563,-0.16381179688696695,-0.48154758222904404,-0.8091084786799515,-1.5956826285613603,BAD,1
1.0642881025063855,-0.3213983019078,-1.5893189846343834,0.5979300243507288,-0.5694736235270347,-0.5560642498959446,1.4836822894940438,-1.707704822480626,-1.0353874170079094,-1.295529569024305,BAD,1
-2.479314219897957,-0.10876546082879501,-0.07209287814074532,-1.1541127516234728,-0.44874396469348693,0.3661546693125819,0.8557127794191409,0.8687744365083803,1.1927463599553627,0.39039443457732015,BAD,1
0.09487807215028993,0.2758150864289398,0.14075820812423995,0.9458045210037576,-0.3701496425281738,0.9741331454379294,0.32843215295784806,1.2944549893811328,0.5166678695240731,-1.189336892958053,BAD,1
0.9148555362571438,0.7002066642585608,0.19104370677410384,0.5889371074684204,-0.5805883950871379,-0.38074264779375244,-0.947174262396116,-2.2895216027551664,-1.3283950810564091,-0.6447879254561151,GOOD,1
-0.8139423396649614,0.07203497131120305,0.6879211680163752,-1.320290961182948,-1.093913009799306,-0.6483600522934957,-0.9796561172426621,-2.00438821394236,0.35152421085959334,-0.15068301655667357,BAD,0
0.31307893795706054,0.6600613699970568,-0.47754580891642845,-0.42101369552155066,-0.6676052065402918,-0.18904618422826738,0.41668277825802913,-1.1594498036804248,-0.021432772341954388,1.0227548835673725,BAD,0
0.3617519064155688,-1.7532541622696831,1.4970262349167418,1.2456727547243323,-0.5270656823195952,-0.4240580439744081,1.1038366756948008,0.06098104105670693,0.6408688447134052,0.4594649636976642,BAD,1
0.3778303370779956,1.0345656105161536,-0.2591495885664514,-1.1667440122143518,-0.5063753479501683,0.8413487607736352,0.23466302737779235,-0.6622280462767114,-0.30448466663485857,0.7483330209178564,BAD,1
0.8793378799876622,0.44925005795739564,0.9479307692707966,-0.5925716485514033,-0.4028600756525295,0.7972412286072383,1.6186055472567575,-0.1679707130499085,2.0433229885772666,-0.04555718656567389,BAD,1
-0.753194774667326,-0.2735113282138909,-0.4892688084485272,1.4725436741326712,1.1248126731984271,-0.8953235651086472,-0.14646287419720094,1.7442807689703972,0.3822580170655362,-1.4930186858417869,BAD,1
-0.3732992481918542,1.2430141262903232,1.0221477740510465,0.18754928788635303,0.8098189039317646,-0.22358942638872767,0.6716001760198058,0.35545296745178323,-0.6879387410026301,-0.9988787629398352,BAD,1
-2.70697166576974,1.245234757125158,-0.447642505527753,0.9439324526613074,1.287594926242747,-0.4042086908206176,0.4441441476910277,1.7316963626834931,-0.21525485843282527,1.2665166215362589,BAD,1
0.06862621327211656,-1.1814261530353753,1.4365340127983677,0.7427497764068856,0.8344152048267152,-1.1647023084446448,-0.9686777711750443,0.2878875917701252,0.7516960489305707,-0.7998158455323581,BAD,1
-0.47007294159322227,-0.07202069128414601,-0.006706142537577536,0.5224083749290901,2.6502758106184365,-0.3082962504811488,-0.33103210099402886,0.9604496278193435,0.16849154199773556,0.49069997727241277,BAD,1
-1.3988753860143057,-0.8970538594584855,0.8573682287531983,0.36976978053934384,-0.45497122702258946,-1.6159488853461232,0.3834730027820838,1.5361701256631668,0.1513239507295099,-0.7496848011336016,BAD,0
0.4252327260875373,0.8022901674564173,-0.24126311977657736,-2.431246741516719,0.5471383100976946,0.6969990946031194,1.084633131947231,0.3150399398771091,-0.6581389320016829,-1.258961098088635,BAD,1
-0.18368546534582383,-0.9748240390392692,-0.34944294787956887,-0.3309623020482369,-0.04585570982150826,-0.41360742870528516,0.15284033824845247,-1.8850646263938629,-0.9851087508105202,-0.36831880370821635,GOOD,1
-0.829646603992089,-1.3642993057924033,0.23775908762408224,0.3622086911870347,-0.7508300661541738,-1.5252436574171468,-1.119953622441308,1.2405061936790125,-0.8644998576837106,0.5635288332182774,BAD,0
2.0351830923747105,0.06518810085462909,0.40816443693206494,0.015544558556244977,-0.316550213124822,-1.2161866477228955,-0.8874884485738392,0.32486545414469786,-0.08986037353232205,-0.4242100064468315,BAD,1
0.47740660786705286,2.9514482079355195,0.08267549342428444,-0.9506922366806145,0.6585784452848821,-0.3684433155909903,1.0586420393783404,0.15951854009051378,1.2606119726449996,-0.8157392794529874,BAD,1
-0.03182291357705933,-2.5374001500055785,-1.5008134673845643,-0.21586382822484076,-0.3478371317533936,-0.11451821503469288,0.8863369319245552,1.4585192615111766,0.26959068262123953,0.3282978271448461,GOOD,0
-0.0670926461868379,2.1978779753577427,0.2618906308470387,-1.1084939992908978,0.35395076131106495,1.0102003466679956,-1.0948291128575967,0.042899392309135954,-1.4482475479165995,1.1902281691839176,BAD,0
0.6572452397094688,-1.925909759479593,-0.035158765551468636,0.07193689932967505,-0.13402359835692731,0.09673385771327643,-2.4270870620560867,0.03919157284660679,-1.127050138477352,0.02370086967092516,GOOD,1
0.6496772716667644,0.17316816698368287,-0.10098757781728829,0.45007190812525666,-2.280767055580524,-2.2473738480216228,-0.7402139753846109,2.058588018833399,-0.22436259623516447,-0.03849648649430182,GOOD,1
-1.765748604888983,1.4745931652476758,0.40563530389301294,-0.39852001298642004,-0.5716061295985263,-0.1663981232984694,1.4067461074558159,0.9623987277716236,0.35393650699970575,3.0181459768466357,BAD,0
0.054114251157971034,0.6614279149940563,-0.3644138460485327,1.4473078772827113,-2.229542899632889,0.025050496255206917,-0.2437423903837389,-0.49933475816005574,0.6247165481631117,0.4611309930434946,GOOD,1
-0.15357252597075402,0.5243046885020672,0.8668458735605097,-1.4408884069609713,-2.0357373467816324,1.8478853645361846,0.5105053822368658,-0.9267581061723109,-1.5604363858669874,1.0072233097895789,BAD,1
-1.2852275630968508,1.8514795556329509,0.03427747924315551,-0.28657720382746504,-1.600972187048302,-0.5757115720956683,-0.137836181224367,0.8541341903681713,-0.5824061269221233,1.4485874299541273,BAD,0
-1.1597283326972194,0.5374987465940265,0.008499707841734557,-0.8059088587068837,0.5353528594009325,-0.48655557640385133,1.3642532952305981,1.226792166742867,-1.202051234778707,-1.9301426775111772,BAD,1
0.109577215811899,-0.4516789555615402,-0.9803546293329284,-0.5951008938358411,0.44915220331724165,0.5706666400975138,-1.276370463575234,0.7795892820848964,-0.08093779055619123,1.7762135213267087,BAD,0
-1.673380656555316,-0.8005261930317191,1.7566935238551222,0.07234316701694773,0.3156033124288776,1.4751414212980671,0.460211149095887,1.232441372853634,1.0772111503432786,-0.49961652156490965,BAD,0
-0.8091362528903929,-0.5919754873334323,0.1649827134299207,-0.17338889966819804,1.2248534614513864,-1.3419864221203286,-0.8677961643378246,0.035471824507230985,0.9598468822078531,-2.866911174026649,BAD,1
0.43639703536146607,0.10388714621741911,-1.2686965159971093,-1.3251934788701172,1.3850262195503802,-1.2249085224769003,-0.36023051749803103,0.035094628836704216,-0.7689472555597892,-0.4914014514591343,GOOD,1
-1.673151728591247,1.8751616592925406,0.1709732178763691,0.7714500678626351,-1.7558928719895526,-1.528550038170641,-0.15393713900934217,-1.2995768776744858,0.38040271249805085,0.4834469381147195,BAD,1
2.4285353607030817,-1.0552310484033145,-1.0235632579965848,2.5220705358120292,-0.1533272712980832,-1.868458891077377,-1.1670488001413462,-0.27022325672285247,1.3059619700582388,0.5812291788076271,GOOD,1
0.290643706195527,-0.30257643378099036,0.6089327510300975,-0.38181773619044673,-1.7752224507254661,0.7508465503527739,-0.7823187369669773,-0.8727389060124037,-0.09679072494137478,-0.538424018285278,GOOD,0
0.1888957520952339,0.7205861606418863,-1.5467665287723462,0.04009026979346804,0.6959031163653495,1.0372063535403824,-0.1463393159375872,-1.3548514808342391,-2.0877402122422786,-1.3833799711937542,BAD,1
-1.0000615298526698,0.9920025801192836,1.6883424564909537,0.22506769678418537,-0.17119275280360777,-0.3438282783466361,-1.0272490046295797,-1.1513383315931913,0.40360206740747684,-2.0853863331531306,BAD,0
0.9069633674756876,0.07209158784605786,0.9041722484680974,0.8355872233768001,-1.4548386656882963,-0.2603393359418211,-0.27201250344914973,0.5435719236304487,-0.01656863965805592,1.6171302824873413,BAD,0
0.19454993250756428,-0.8524474588547097,-0.06154849769481584,0.5496213154659757,-1.8142494208812405,-1.805202767168414,-0.7634284997095624,0.09840026131467103,1.090254782481365,-2.32363055426473,GOOD,0
0.2998169151544951,-1.5722721999949714,-1.604356206219199,-0.8330924257926535,0.7194317515170342,-0.6128415451209297,0.1375574127268705,-0.3791441624259858,1.3009433411329119,-1.4908726993113866,BAD,0
0.04124670770912961,0.46152791478080357,0.7799616650320412,-0.32491487742522596,0.18348122791276686,-1.9817174930428596,-0.9053352615864333,-1.4863726838768803,-0.10009725534757773,1.200863293219315,BAD,0
-0.4263488381402217,-0.8116947810993135,-0.7830506411919549,-1.020471018041787,1.0570533422382535,-0.24339466612280597,-0.5572861136506185,1.2114233680666444,0.10413081004257249,-0.007231093802621055,BAD,0
-1.3743645044641393,1.7072228545780126,-0.0006321279311228283,-0.7565023289131845,0.6965496718419159,0.467103744776816,0.02882359436634312,0.4734252213819978,0.6712227589826515,0.5170136187811124,BAD,1
2.468087410598806,0.13220190412860974,-0.5006237886611136,1.6540998816451937,0.6741341551260407,0.22983961765991395,0.3378394699748354,0.6337332553349864,1.6271521064216448,1.0566099472191408,BAD,1
1.0598336838971312,0.8320214691525541,-0.19907637876393325,0.5103246842942453,0.4550983906209985,0.1401030967596858,-0.2775946719326601,0.46841067245452345,0.6489119193478913,-2.0968176414949284,BAD,1
1.4109992718593514,1.0333142476691197,-0.17285915142324565,-2.307132213380328,-0.8416026075404297,0.06897210454219499,0.8239581169090695,1.7795095438691122,0.4500449246884047,-0.4506298550664313,BAD,1
-0.6075964330188726,-0.9670447669224361,0.3625025757825778,0.32000291207622444,-0.23241680424735797,-0.41170302288554045,1.2671685513127002,-0.7832005653598156,0.9183321848516793,-0.5811632358877261,BAD,1
0.2276098954236421,1.160668902825128,2.035170031079882,-0.6338261161032613,-1.4602263441996524,-1.3151165263421343,0.16792406822029438,1.2765664232833083,-2.38966405726644,-0.647560012226198,BAD,1
0.5831530978417147,0.8514028558564511,-0.227593394186094,-0.29190131554117815,0.9745975059475028,-1.2942157403569,0.7364801986910615,-0.6715179427038499,-0.40324894419655183,-0.5958757586641111,BAD,0
0.9201546118150824,-2.3357459379447847,0.17908446325004623,0.6535240436539435,0.37724031411952036,1.1211620975654215,0.20892138584612918,-1.1644926421310025,-1.0321158357244427,-0.5590027433853595,GOOD,0
2.4185285918321533,-2.0645474028071504,-1.2503241725947731,-1.992753401383511,-0.6254624647558524,-0.439951288353197,-0.2838420251182429,-1.1487325536214976,-0.8802257211262077,0.17273180442981245,GOOD,1
0.6714894946492305,-0.61433398978921,0.3099400482397993,-1.2506581137942159,1.3220002773385695,0.1337318059732999,2.4185688592194357,-0.35250993434604416,-0.44363730824657244,-0.45967618992983944,BAD,1
-0.7791406407272679,0.5020040028539033,-0.963510992569064,-0.4328617728630459,-1.5337038244075374,-0.3365443893237982,0.14069345077210318,-0.1284602540355866,0.2070256478786964,0.21048793239461983,BAD,0
1.453632903125918,-1.607536262325997,-0.9862650067550899,-0.932994953057366,0.7936518040843367,0.02839466508758002,-0.39390934048175374,0.6894604119765986,-0.43581496709825823,-0.9337735557944636,GOOD,1
1.3792163911318718,1.4559035892009986,-0.6215995069635427,0.10332768127511405,-1.7224598504691264,1.1089042013798562,-1.1860174365980243,-0.2678352414674484,0.8192420088863559,-0.3252650347779729,GOOD,1
1.1641149871784158,0.27793185695022055,0.4491190840394069,0.09259491235151385,2.304194351752357,0.01390438595114074,-1.0547510713930048,-1.478967977300986,0.05519973020852438,-0.49989044789193227,BAD,1
1.4874780583464031,0.04041875657734894,-0.4168228735653868,0.8037645144061534,0.08541933236238741,0.8235456703141087,-0.08757302206651843,-0.6350260588761935,-0.8255640304383167,-0.012289517231080913,GOOD,1
0.56282841101829,1.317484005289459,-1.1826610083771243,-1.003385531695305,-1.813988330414316,0.5797370920648195,-0.8596998445310022,-1.548272382073171,-0.6275666436327895,-0.4922519291428303,GOOD,0
0.008349372589525516,-0.7042037016924337,-0.15967825687457515,-0.795876535447869,0.3267803959533293,-0.06661684564082464,-1.754240656390251,0.39949495756697867,0.9740457929056222,0.5029760309818507,BAD,1
-0.10378776757140808,0.3376622051726026,-1.1350393497473341,0.3165834118595433,0.8280915231204025,1.6989705459244124,-0.5866269694653252,-0.024698136155456775,-0.9775016359571587,-0.8811956737656251,BAD,1
0.7906146752686107,0.21250758915156448,-0.026073734429107414,-0.6819633921468331,-0.23489667540005113,-0.35698847156678254,1.804966854355893,-0.9698902661225433,0.5564177837670464,-1.015397825053093,BAD,1
0.8489492151050455,1.0482131439576237,-0.6074718591139548,-2.1203612698971863,0.1667881260206108,-1.5971376089929201,0.62845830405262,0.057355597774539566,-0.30817377408140567,-0.3815024985279759,BAD,1
0.6991713933943347,-1.1884938385391592,-0.48814136634689737,1.9412567183489864,0.060861433472968504,-0.7262084510099105,-0.763475672389491,0.4792404851472346,0.7233340594955708,0.5590930902521705,BAD,1
0.7680893269143916,0.916577722667141,-0.7625580755420102,-0.2733440585509472,0.2185683827144347,0.4809558626665565,1.638623563154877,0.13105835487078446,0.1881741609231116,-1.854617520762631,BAD,1
0.2620424844420941,-0.10118039177422987,1.6298654927760046,-1.5427425480579833,-0.9086928757812728,-0.5617588832633771,0.7134847224535182,0.056042947845002515,-0.44144941642334573,-1.1856897334173981,BAD,1
0.7256615134472313,-0.7038597505873191,-0.4974260375919196,-0.31714178845815033,0.8255116738319817,-1.4083663710238619,0.47611817573735493,2.0478627540019727,-2.4576676116964573,0.4696437430504749,BAD,1
-1.1232670757041703,-0.8743888426182095,-1.377710058774577,-2.4116125979085123,-2.7202499627521886,-0.009872263209807887,-0.45011156136275493,0.45802926667345367,1.3886049760315817,0.46406505522807184,GOOD,0
0.6660314099448884,-0.7733882066515373,-0.21616786876256563,-1.1005404973971273,-0.12794464528522578,0.7297311814308198,0.5283187362138594,0.4164254017994705,-2.7353703481643152,0.9198048258335425,BAD,1
-2.800805800002819,-0.8776812262101993,-0.6743988611091478,0.43400889069554455,1.070812196900946,0.11208775834954182,-1.1036539949115243,-0.7695346226802311,-1.0283957637294856,0.043314449201625915,BAD,1
0.7874728199293501,-0.3665666906193633,0.5921611736033646,0.6786950428312112,-1.2021681643092184,0.7201610139445889,-0.7862604387774025,0.08872590466729444,-0.3223259024572385,1.2342819708399335,BAD,1
-1.8001239978501158,0.7609038333523028,0.15655886959006698,-0.5922347290676617,0.44507818497279117,-0.4870455146504871,-0.705732308343215,-0.6017946654718513,-0.46854337558270953,0.8556945494799293,BAD,1
-0.4990302471294987,2.0632477945288263,-0.03642535496566769,-0.4341862497628529,-0.28914866537961165,-1.2728175820210545,0.48036048812569376,-1.5441105652153009,0.15261397723325046,-0.11975415015390597,BAD,0
0.9200410623531252,-0.7988554722641366,-1.6057448249309916,1.1022351294332569,1.1408919773668393,0.45345417819697353,-1.342522806773026,-0.33023040548652505,-0.3751530429538624,0.7494550128335201,BAD,0
0.21735682345527668,2.6640121709277516,0.638484187840834,0.2141843710445101,0.050058065206967435,0.3616088913016778,-1.2189061148412461,0.6873695528026607,-0.9139304857518773,0.2985176966685088,BAD,1
-0.6063463781308097,0.11904171053488945,0.8721900556801948,0.5708718310324986,-0.24338827530188822,0.8120683609588778,1.1737553512267187,-0.32602030852375063,0.23510699218051148,1.1064904176348132,BAD,1
-0.1386481361009336,0.10625070320965481,1.9020692119423561,-0.30060448779715604,-0.22930005244554222,-1.21074732652385,-0.8110081883946486,-0.3416514295554561,-0.5571278740211012,-0.6437160429689333,BAD,1
-0.2913105668457781,1.2278934356769189,-0.007184441401947451,0.9669430341893037,0.6614930730273879,-0.33213245550266257,-0.9074898896567655,-0.08584038421123667,-0.9146288058769215,-0.27321844836815445,BAD,1
0.008165979519007553,0.009851491756638155,-1.097597003173973,-1.7232683415889438,1.371378459591707,0.19801984727696925,0.9848286130707223,-1.0133804094401035,1.2957223072518598,-2.1708876766515717,BAD,1
0.4295234298819591,-1.0248558691783762,-0.4399993154621405,0.8326342747037755,0.14655148113242686,1.4227359484074744,0.6441641703748155,-0.5785469214716796,-0.6726423696908407,-0.3522100637887581,GOOD,0
-0.8069081970580755,-0.5260865187651417,-0.46955312254676146,-0.49076942788510874,-0.6784452576295199,-0.41516662059523496,1.3387251225390238,-0.05153671790905389,-1.2727003392567717,0.17457006953563445,BAD,1
-0.37964529247398543,-0.9265387861224088,-0.040649505423506996,0.9233149734422468,-0.7654366888678223,-0.9341793259563649,-0.4094659706143429,-1.6404239737083766,-1.2015777106525902,-1.907268747582181,GOOD,1
1.6418301278906064,0.17519380751504615,-0.36043429561514145,0.44395253956749897,-0.157808534322194,2.481622094898668,-0.41396869669178893,-0.8352757360898615,1.4434481422270764,-0.3147882551751103,GOOD,0
0.515923377687618,-0.09642246078353502,1.5457401930969563,1.3945244303952231,0.1898887411739471,-0.019248239919920914,0.008049119188391962,-1.5750670342995998,-0.45898587625120946,0.4869881844445092,BAD,0
0.6973890340793796,-0.4156642153189684,-1.6891177119236993,-0.5889906746925849,-0.573881130653166,0.42531687778011584,-0.04399064001358934,-0.36397670532915427,-0.5181744582760934,-1.1658749322198894,GOOD,1
0.9815978350697533,-0.11182632443920888,-0.8657488728527059,1.6152179711453007,-0.9800074644551997,1.1661103430963762,-0.6740601745618963,0.3689675839942458,0.5068398871357768,-0.34302244145232413,GOOD,1
0.02081735238432206,0.20951064799832364,0.785915671495782,0.4233984211194389,0.3853693781928856,1.124508370076449,-1.8218317277207832,0.07909055849994419,2.5173911876606674,-0.32931824677209776,BAD,0
0.8092873540123793,0.5565331618300378,-1.4389910801480101,0.878416514081447,0.09046125281652324,2.4889683725381873,0.39335600572108287,-0.2233724550214768,0.3325013838490886,-1.7232112999459754,GOOD,0
1.342838439378033,0.6897345129417427,1.4112945707847835,-0.4031098843432427,-0.4029357325963284,-0.24336717591112011,0.23425854341122662,0.06624633813192927,-0.25131666681043463,-1.2213251045304998,BAD,1
0.4006215870975176,1.1873672427778938,0.9213889608274642,-0.012964605082325805,-0.42065436004500556,-0.5512821875548336,1.5600586147592381,-0.38198752286483906,1.0896463103088785,0.5989345295113923,BAD,0
-0.193392327399312,-0.3208763393722052,-0.9653477506129644,1.7810866451472973,-0.7069960099057051,1.5111571071632999,-0.2543272981836358,0.7953893949708715,0.33987873887597253,-2.234249499183373,GOOD,0
1.6273945362023063,-0.2884932236629059,0.838540131633209,-1.6018339448221706,-0.13633995539667196,0.18657746586759658,-0.3112584449512343,0.8085242589377827,-1.156534595977418,0.12621672406844642,BAD,1
1.3630595151390226,0.30945284697658815,-0.42196253469530287,0.6135147553676682,0.7549132355211174,1.7242996098143901,1.5640916024493363,-0.9305793089148086,-0.29367438338719665,0.8432194664353917,GOOD,1
-0.13255012490739376,-0.47185397440321086,1.1478838283956132,-0.05431742712876036,0.42687144600234816,0.7766909489750875,0.7052380052665415,2.179486995314571,-0.23383395339910598,0.8608067253675996,BAD,1
-1.3181112022195434,0.5964716667368067,0.6924318727351638,0.08269569129495645,0.9404437282371225,0.50773390608198,2.6130661589512294,1.0654128527039362,-0.16840260694318407,-0.8531526241763305,BAD,0
0.576530984293778,-1.503592452386025,-1.7844320111367007,-0.5685252252834061,1.3658747858171016,1.5670176478054327,-0.4621853607155664,-0.01849685961443035,3.0921034834243346,-1.3352333638766833,GOOD,0
1.078029405302924,-0.1354529162590973,0.9676510675001263,-1.2488029661928182,1.0482995531824115,1.9636244197460813,-0.43013677515096554,0.2349193710858543,-0.5987843689798663,-1.6311039219155405,GOOD,0
-0.056511584022406545,-0.8407723384040381,-1.098324988600531,1.4217318953677245,1.1275388674054132,-0.7121928458244369,1.5640423831260664,0.04876863773993184,-0.8794892921424841,-0.0990140539286722,BAD,1
2.5957496117974297,0.4380027272566306,-1.1471123859227925,0.11319981641146583,-0.9446796694709387,-0.12000070038491151,0.14814738823773746,-0.4381250462731884,-0.2537707919430492,0.20068418442242436,GOOD,0
-0.3189785318964986,0.17962818746576945,0.25156549886508145,0.5847073329970018,0.0598261199638921,-0.4495241012288298,-1.0017133674031087,-0.7805700408151142,-1.4531984824598474,0.02901924065811978,BAD,0
0.3063175383910327,0.9328361763848022,-0.14430106888902175,0.31115952704024663,0.7629771824362909,0.2369580981936973,1.5870936141498564,0.041066365065295575,0.3822790823302852,0.27674912754031994,BAD,0
0.6104949015998806,0.17121320869466658,0.17843692937631517,0.3705183063848261,-1.7954247769574518,1.7468652744081599,-1.4134666911045186,-1.4439676705203501,0.34625774135387655,0.5172820793204321,GOOD,0
-0.6219186053306484,-0.48646608512002076,0.5291003312414421,-1.0896186110481159,0.21572378019122856,-1.4095173016656128,-1.7607295799298863,-0.9431350813020887,-1.1300907162190565,0.45965412120607685,BAD,0
0.6398031742696424,-0.6482211790263623,1.3795356885285706,1.2345373089470342,0.07184086327739307,0.35880574635984525,-0.10225744544128569,-0.7735118947606355,-0.21844049720362502,-0.7612112823207708,GOOD,1
0.7493916045212988,-1.016141774288894,1.6792677243523426,0.012257264740466123,-0.7234892540176361,-2.3169578060403837,0.9145197944169648,-0.7278288476757423,-1.170545737313869,-0.5667723495734056,BAD,0
1.2621739735458657,-1.3008529832212778,1.6768117234872524,0.7104352944809782,-1.6083772834552275,1.0072738794652607,-0.7424569280687001,-1.2585240610314965,0.9597868309227278,-1.2708229601924517,GOOD,1
0.1644818611499518,0.5208990446976834,-0.4409726831659703,-0.02158056750028363,-0.6179614591761883,1.1922247765405878,-0.8959598372235548,2.0519037500446684,0.7071059024306887,-2.744741396003087,GOOD,0
0.9557550052941747,-1.166452792335136,0.7432067293097149,0.42765902869425065,-0.27576015750604477,1.5227034764539868,-0.7446781788565042,-1.7426885366110472,-0.7118141084118198,-0.2426770864345778,GOOD,0
-0.6239395078652474,0.6062592779219373,0.1450337688436688,-2.3134304203565024,-1.0196591383226838,0.3983983433083414,0.12824240524038727,-0.20751238416371798,-0.03902295538074724,0.821793334152475,GOOD,0
0.09364088424192142,-1.0655598803115074,0.48021315927271785,0.4743158427871833,-1.0850337065591678,0.4804996901841333,0.34065659528764136,1.8171257035779451,-0.8602702363767798,1.5798507157564994,BAD,1
0.3392836760702451,0.834088544226309,-0.5016816757064148,-0.8544772099956655,-0.19515321435856164,-1.4646555360214715,-0.29555016655581867,-1.5800194554224867,0.3880371504932812,0.047245852750386765,GOOD,1
0.6969604277749984,3.0242154819085547,-0.5825428508358758,1.2146613724579327,-0.9206566154062792,-0.8558130091922955,0.993282322138175,-0.7458202357436171,-0.26602562570358684,-0.05511233045482242,BAD,1
0.20413423840620912,0.5302890641645386,-0.1418294256726686,0.45207734829689644,-0.10314983401129535,-0.9501682614111866,-0.402988156347681,-1.8326613222524073,-0.8206467796181302,-0.720339534333587,BAD,0
0.6352901339619574,1.552034244905636,0.7556420300696981,-1.5141527616450328,-0.047254219718467515,-1.0835591891549794,0.032227235686881794,-0.626600779115974,0.915350078404835,1.6769691628455994,BAD,1
0.0002970876559339064,-0.2554007462847391,-0.23635574446280896,-0.47006667365388755,-0.5787262181829563,-0.08816014049174625,-1.8363882008393284,-0.1877027991166571,-0.20657112005369382,1.8908397276688733,BAD,1
-0.13631062141735872,-2.9455924379692027,1.2222039748286269,0.24526786664892777,0.6444717277782028,-0.6082720970654281,0.5091042056418312,-0.7215945131384046,0.7894361974019756,-1.1062212838055407,BAD,0
-0.4114462822786807,0.5898818025401243,-1.7962115941594021,-0.4045143436505916,-0.12457885288962335,0.8999864325888096,-1.2782959434139947,0.413607000845152,1.3441592359690833,-0.039397534210341305,GOOD,0
-0.7106041751530345,0.28567442699449186,0.6295140076397774,1.8466329420487648,-0.013851048069468215,0.06606507571628768,-1.7813388333710811,-0.9614559370513525,0.6379930208391501,0.2627345784836511,BAD,0
-1.3448634425944288,0.6024187674544267,-1.146539209312213,0.15381809309021144,1.2977414155921025,-0.373584909916469,-2.2730032077594875,-0.6320968280409235,-0.15018212784573073,-0.7804321711172184,BAD,1
0.9294522845313542,1.1591565226917586,-0.7295268172446917,-0.4844818194403837,1.3771942825404435,-0.7059292068044896,-0.5056725826039832,0.7543308946118851,0.49215204329075896,0.05866884019082062,BAD,0
-2.6544087948081656,0.9567713245294768,-1.1432957903972998,1.3582307707711623,1.0231435612452224,-0.13159826045085643,-1.6649220658485628,1.026848218518165,0.5044445447489098,0.4523287612609096,BAD,0
-0.2609458578181452,-0.9183925500944798,0.24630280775701002,0.25478897551166985,0.649194302277368,0.565604480846415,2.989461907130483,-0.7342362399595962,-0.7068234055230472,-0.40657786744346003,BAD,1
0.8578518450958459,0.48962781567970115,-1.2248150918249117,-0.13426124655697588,-0.09949916706274665,1.771229721848273,-0.40634687103447603,-0.2600900307779719,0.9750649172684273,-1.597406272128522,GOOD,1
1.2658938885577093,-1.4410304879563833,-1.3552626405116075,-0.6584454300624343,-0.3491383021709873,-0.20823536413564087,0.9140958632114713,-1.7154668782115279,-0.47071140832378067,0.7259448197639357,GOOD,1
1.2119656246518231,-0.6934606068730395,0.3532887901873686,-0.3531961585205286,-1.0598953240892965,0.05856786199573369,-0.4636940633718546,-1.3002270911451215,0.9737862536318124,0.7491013566150929,GOOD,1
0.9595361775629185,1.510341011541014,-0.14386343785354144,1.661325571029969,-0.23829562134498178,1.356717506972689,0.8526804901356072,-0.798762281875938,0.7515570892641561,0.07490637878238507,BAD,1
0.9267308134274167,-0.45061908792345895,-1.5213398964693048,-0.9689392509652132,1.2333547763053956,1.455274186645053,0.39539277380438914,1.0080147574004628,0.19197413514664768,-0.614790840281453,GOOD,0
0.7004562390154805,-0.032505399676665735,0.8560534330273591,-0.022126838478312965,0.3020683868315157,-2.0315368926073067,-0.5825594348899213,-0.01007370204248044,2.8609602984186258,-0.3847057295218324,BAD,1
-1.9686470926844155,-1.3783658036736361,-2.0254316545237003,-1.071965596325784,2.7860454586908383,0.6759000655409666,-0.2899035195327973,-0.14316178116784445,0.5485004616155476,-0.29847325551633586,BAD,1
-0.3930831610263268,1.4779359354916335,0.19341904737125518,1.1372155648032425,0.05911584787616866,-1.6100016414835556,0.5420199000535864,0.8772897025907684,0.9122594415131938,-1.7099651548624377,BAD,1
2.1288336312127463,-0.8716153153277943,-1.149013970196982,-1.1389886576210293,-0.5584918049270032,1.4270570251111125,0.21272370117086278,0.8113024377004843,0.14171033390125914,-1.3128611342579852,GOOD,1
1.5254154849325472,-0.8643745507593493,-0.1141625348269789,-1.1103029687445933,-0.6141442968628968,-1.5656819420986008,-1.8089837852847814,0.08343755116802103,0.3195155445377481,-0.2374233636213545,GOOD,1
0.485562409046391,-1.272700637751482,1.083385918833499,1.0503602033110895,-0.9763655834296192,1.0729674418354647,-0.25525424006835346,0.7549511437052462,0.2730135839932854,-0.01932136987926294,BAD,0
-1.163000886389667,-0.07263362356464155,0.05897038287631001,0.7047138225745305,-0.5628154045125582,-0.08929677905877084,0.7066600894906225,-1.1743252843156615,0.26775538322809705,-1.0914082633812054,BAD,1
-0.6110062814948838,-2.434363867179836,-0.9115584329290032,-0.5939042804154097,0.7801035988803691,-0.1995613541042593,0.41362199494424695,0.3384282614343703,0.6616227833156361,0.5586383380012797,BAD,0
-0.17960193369700733,0.9649775844976302,-0.08362543622262611,0.33960304223655713,-1.0281394171153129,1.2781861805590669,0.5670408530111188,0.03686206996725695,-0.7637475055314129,1.7093756241757843,BAD,0
-0.37042552725416084,-0.23484134526811024,-3.229803348756435,-0.15174630549662102,-1.0031616619814323,0.4696576979943299,1.1282588907676445,0.6555003196586044,-1.6649112000231971,0.45341148628806116,BAD,0
0.08146170758753199,0.8196919317670999,1.0094646079385847,0.6373876749831165,0.9114764183874158,1.30576638858263,-0.7782462872883213,-1.7950783809211657,0.52744412992143,0.061712389936511916,BAD,0
0.2899590105534759,0.30015291134285893,0.9546184986112805,-1.9783288481625094,0.0023706626412626484,0.9080913246369986,-0.5282672888556543,-0.8435080272476563,0.04269122678395455,-0.0360604056845861,BAD,0
2.1250432035614115,-0.36364759212654557,-0.2651181210319478,-0.32834905986376517,0.6619362472575907,1.3869086467505412,-0.4094443361066612,-0.8037697469841562,0.6805158788227204,0.8001977804227833,BAD,1
-0.10356417328678341,0.03491284727765389,-2.132244539306648,0.6156285219075763,0.3729452694121366,-0.05582929802465385,-1.8771954216360942,1.51948694402136,1.9027527254650172,-2.8650946528949577,GOOD,1
-0.7742331474122752,1.5796760973932424,1.0743317676795334,-0.6385311551296449,0.3932414050543088,-0.6191284942218247,2.737664586757951,0.8643553188757788,0.26727925258109947,-0.8392487968761789,BAD,1
-0.7755756573862757,1.8401966722773369,-1.9791616609960656,1.7420292754185678,-0.7782715297237525,0.11665084248392209,-1.3782180613778323,-0.9413865982452209,0.6347269206893882,1.2365956967670713,BAD,1
1.0738995843429378,-0.7229261617208881,0.18552268321727602,0.938296842723289,-0.3892113327117425,1.3176587681298555,-1.1591996243110214,0.26013003787910766,0.9727301111538259,1.4930426277829718,BAD,0
0.4282646369199353,-0.35472212379793855,-0.775688304281698,-1.6383700041373168,-0.46114544215662046,-1.386468738629439,-0.11249272118299947,1.0940651656586506,0.9861919419810101,-1.4637963051782072,BAD,0
0.18099062990659193,-0.5142700620493726,1.1002514685406348,-1.6804938010589237,-1.281426419501974,1.4437946407468203,0.08360816708191933,-0.6508100328291385,0.3879933347885656,1.1756543700904267,GOOD,0
-0.024179667765086985,0.8362865090295647,-0.25053292458724424,-0.23847101937223805,0.000602431060487448,-0.4568586286286263,0.6784778576722174,0.5781683379151568,-0.8487307282388251,-0.9010627178235978,BAD,0
-1.0372537805217368,-1.4344673179824434,1.5028954634476082,-0.636900559447919,0.13457972875929378,0.7199554267391022,-1.5703324255166857,0.15448847518322129,-1.824814821700069,-0.4596383848669627,BAD,1
-0.6699985958671482,1.335699186838528,-0.09116241951897411,0.1854671658837414,0.2650937224351611,0.09505656447285991,-0.807906361628627,-0.9113515065466521,0.21314171197480133,-0.956287992236147,BAD,1
0.21257891388445183,1.2176495340727849,0.4497904124034905,-1.4654560534210814,0.08608714712910684,-0.513559351919191,0.029397066542138438,1.7261855361671485,-0.3195614993211705,0.17023802793656984,BAD,1
0.8434336927635736,0.46882126327648566,-0.9226103190139338,-1.387203382706923,1.286096820017738,0.5966420494072365,1.8335367210476503,0.46187526058946443,0.1705525627902773,0.9631512868397643,BAD,0
-0.17829331706687798,0.3418081166273114,-0.596953765543051,2.4403001639435034,-0.16397576073669926,-0.6159002703568769,0.5704807870285858,-2.3872098952194,-1.1692767672443776,0.758757500637049,BAD,1
0.1692351921166366,-1.3202048203903773,-1.6559250165532782,-1.1207290642098793,0.629553546158396,0.6191342804324161,-0.15996261661817468,2.0809726630230134,-0.683404680869634,0.02099684923011867,GOOD,0
-0.4381134148158195,-1.0156046458730958,0.9591890762134693,-0.41129410018503526,0.30069242397477064,-0.6178564087468295,-1.1312645120061817,-0.1294783128786823,-0.4344414897107082,-1.09301254060777,GOOD,1
0.6361908082555481,0.027219278042779134,0.04890008683105212,-0.586500757006697,0.27907559704244733,0.7656018953755742,1.8529388469551435,0.10077439695896359,0.5451793987314728,-0.11294227843581396,BAD,1
0.29739343345189667,-0.6698379482836067,-1.041131096778092,-0.16822209315880804,-0.6270111197973656,1.3930744282640029,-1.0620077141427557,0.20770963494738126,1.3693897631582443,-0.6348159290851866,GOOD,1
0.5037599972573018,-0.8823337296907957,0.006137560600025129,-1.1503050512443516,1.7061551010491456,0.3537560741756282,0.8705122736448456,2.405136338589405,-0.3926326472508595,-1.9838365260107957,BAD,1
-0.015230750166689608,-1.281136187653038,-0.18734968619478448,-0.21296783760563653,1.1392621005032357,-0.004152366289283691,-0.46681562489098133,-1.0067124413637814,2.2522689014432964,0.33432873952896797,GOOD,0
-0.4833944583708099,-0.023948422261623675,0.308081592941126,0.7597398128490387,1.5057350256513562,0.32338660410254727,0.4915625039276404,0.2176712647201147,-0.15030084321006895,0.865098887082913,BAD,0
-0.39946024580056544,1.2071974322718593,-0.4274157828611216,-1.7068759461672067,-0.22781061555639123,-2.8880400841662297,1.459634212534172,0.39441584153906256,0.32834846308564153,-1.1207375377907518,BAD,0
-1.4883649735680358,-0.014729296055439912,1.1693535082487603,-0.3734740554500372,-1.1923784910301174,0.4278755168884731,0.5665247839277937,0.14129480011685253,1.018874880528096,-2.651742568306246,BAD,1
0.7753308545980915,-0.1282074552166184,-0.6794239837552274,0.3993914376437088,2.380482076678295,0.6283328281674995,0.03929986421481806,0.9641871490640024,-1.1100728391222554,1.4332789610813192,BAD,1
-0.624517180684142,-0.5201472002341249,0.2802472268379476,-0.4595908657725108,-1.154004360282657,-0.15836828398290817,0.4995375129744294,1.8571859728242044,1.0003539090467712,0.04774878604079111,BAD,1
1.1921372580608283,-1.1360479575809856,-0.9804140684926318,-2.5552088375958855,1.042228441699713,0.9025412269588816,-0.5029945462735894,-0.22855270396746022,1.5250684565334258,-0.8630899276012532,GOOD,1
0.8942279886887033,-1.0232192811619394,-0.6720271701583386,0.7386374864763474,0.4991577948338343,0.07731237439754395,-1.1868907140547633,0.24035693062171085,0.08762635577516274,0.8734978600938205,BAD,1
-0.970595063354338,0.9314076546088678,-0.519470852863523,-0.002229617935805845,-1.5869295108124613,2.4615965183764263,0.550658448002406,1.4740823194489039,0.7247464761732406,-1.86979750088104,BAD,1
0.7251039231889965,0.419622297004712,-0.30816507663017717,-0.9131605461397678,0.6796996565833179,1.8754696226061451,1.2380124042419474,-0.04351819882541249,-0.8818644775645693,0.07630526339572159,BAD,0
0.31974095478204895,1.4068648224280909,-1.2589844872494842,1.8524032121468974,1.9038859449229113,-2.2509977075758263,-0.4891133340594817,-0.6504673083196001,-1.8295381380079339,1.7357566255261565,BAD,1
-1.8740678550246348,-0.18891743688623766,0.48645489355571564,1.2074550926408303,0.9430294819040556,-2.4179113567653734,1.3399752630269877,0.3505428943926232,0.5193382650069693,0.8127478882460866,BAD,0
0.7889212593633028,-1.8276601038240297,-0.7161860847379513,0.6499891578540069,-1.4888127034494607,0.8528936273045837,0.15091586448854646,0.549813008626723,-1.1386374440142069,1.3727295665026626,GOOD,1
-0.3954459343557202,-1.3705592788605512,1.5714680114848274,0.4052156751202879,0.49670616944779455,0.2966484460333916,-0.37492434341876213,-1.2771849953023433,0.4216672611226296,1.1243746686203473,BAD,0
-0.8034547372651945,0.6148107762953036,-0.5474292718888392,-0.23826452394180128,1.104320726578888,1.4671700713734592,1.2633752304982973,-0.5031411300775812,-0.6168481336930938,0.7367011575578905,BAD,1
0.8564678939436888,0.5024076022432125,0.7236112695656038,1.155991888551696,-1.4580052241161263,-0.7503073782443175,-0.0012158535349886864,0.38437472084950475,-1.4930204173608024,-1.8299642419912716,BAD,1
-1.658298042338164,-0.15342531989017025,-0.4166889522950992,-0.31472485134760975,-0.07594244285070295,-1.7480252750782148,1.4501470451671317,2.382880390403875,-1.2156648260625085,0.6635599244516853,BAD,0
0.37309313118867776,0.5261510836453439,-0.6006508153827851,-0.25516153446248674,0.48178393158979355,-1.200675196888029,1.070757983426513,-1.1116478886377366,0.5259262098150083,-1.2795946218914813,BAD,1
-0.33210136793455436,-2.9590073795316973,-0.1373613286616236,-0.2008870058250525,-0.7117927030079562,0.338975797546646,0.8487884426805203,0.06302063657318575,-0.10447015347613235,0.13421882361250514,BAD,1
-0.6446976963450999,1.6741681262763068,-1.0061806681937702,1.4703190886173343,-0.36924066664404614,0.10995060576705448,-0.07470448828744887,-0.4405278957311505,-0.8502068039709123,2.170560491806876,BAD,0
-0.38388267371925344,0.39947898581609986,-0.07742354333860858,-1.2311690056090587,0.4825130668500789,0.7513886329485532,-0.036352023283609855,1.342792044146491,0.4263579214888689,1.4999544085146261,BAD,1
-0.042811684645975644,0.4546706576229768,0.12024563321111802,0.13613663375920512,0.7688049340332515,0.3236830294804506,-0.8776521332863847,0.3399937911275833,0.18766984473063633,1.3606321279406173,BAD,0
0.7080755802296682,0.6423445071335034,-0.6905540250732047,1.4472756734098522,-1.5693982249224165,1.7920613776467824,0.6786491358143777,-0.8784040637984927,-0.6363035431572602,1.2348650345087018,BAD,1
-1.1157762905800999,-0.45774711359701253,-0.2699880894120539,0.30399172137804803,1.7733549947117737,0.44054602082747896,-1.187294250146697,0.6472525070704375,-1.8289596992670885,-2.4460570274484796,BAD,1
-0.7002684738029323,0.7509461777074337,0.46637058981399854,0.11530997904725335,-0.1816738826950875,0.23435317208016895,0.18445658819393743,-0.4523784711766244,0.23046932572974746,-0.8345835938839494,BAD,1
0.3112613331273397,-1.096243960089481,-2.069614743149772,0.007403668803981235,-0.36599327236756746,1.522677436686712,-0.4372999534501836,0.42021774408486084,0.37973996901791807,0.42917631987267024,GOOD,0
-0.9630951124768029,0.7306530394732,0.35223275376491797,2.1069567614286204,-0.1579600233975991,-0.08287917711052084,1.2527177510297414,-0.18871945690116712,0.5750331850466278,0.9371059842843185,BAD,0
-0.6195061306179334,0.8400808226443787,-0.9723082689396793,-1.0949076282800552,-1.9893479289639862,0.13978974232371572,0.2584445893572828,-0.45936543138256936,1.8719055228431667,-0.5758446382057067,GOOD,1
0.1858850430460714,-1.1496990737678128,0.20899962327702046,-0.5303108697625485,-0.5030545173600712,-1.2401893915155229,0.22416823252537582,-0.19406569754477923,-0.30935734884056726,-1.3950157019858498,GOOD,1
-1.2685397759411825,0.40570958175059807,-0.6286199888947727,-0.4701936615370878,-0.18623413850551426,-1.9892143541965084,0.9185677667465336,-0.34067653322732167,-0.33081575261247415,-0.352926237776251,GOOD,1
0.7833761293389809,0.8570587261577458,-1.468296573673754,0.7748595462737717,2.400272643121611,1.7354607208885606,-0.9056613025223694,0.5773637036531896,-1.7628767130641823,-0.10496581373326391,GOOD,0
0.0700240924320767,0.19019456518407044,-1.6495157910574247,-0.8529711637672819,0.3654498751326445,0.2506042097685347,1.3726509361811163,0.9287609761081985,-0.8741485445180585,-0.7978225613885683,GOOD,0
0.006136384371311473,1.9007709649931142,0.7279187217056025,-1.0911654031021782,-2.0715297899602407,2.27276734133873,-0.1473691192638569,-1.64310393255992,1.4056675929337916,0.03465253819346595,BAD,0
-2.1873385933845286,-0.8593423680418343,1.0449773141605303,0.3395824225553062,-0.9155707605786287,-0.9122674129896978,-0.5242392835847797,0.7012818875282022,-0.06826599115630522,0.22776376975711013,BAD,1
0.6129302371575305,-0.7647174469275714,-1.2341577734703963,-0.07640829817660082,-0.4229857225521192,-0.03279279844175297,0.41373876105987856,1.394267028441188,0.670605998307555,0.44780814729428314,GOOD,1
-0.7823777848246225,-0.4152869738779801,0.8987541830033392,0.5351748757328567,-0.437353501371075,2.1059626060822683,-0.28786112364707966,-0.9074506845011338,-1.2078453101099154,2.0741553147141034,BAD,0
-0.09140167453693736,1.101595531285203,-1.0937039993102247,1.9962150118867923,1.5865744605033372,-0.06517809385769247,-1.0099884526543046,0.7927896901990323,-1.066461407405873,1.2466116115450938,BAD,1
-0.5974796387895553,0.7129607823042432,-0.4226167454235465,-0.8189395427906249,0.9043450495726041,-1.8119375810536515,-0.5206679706691397,-0.798430459628255,-0.1668679471906263,1.3294324047269044,BAD,1
-1.8232397832256357,0.08807576152798945,-0.713898816003729,-1.1269055817924065,-1.3250151413831286,1.7714930364509005,0.4521637265302403,0.49353854812901243,-0.5152121275698178,-1.5780128404467029,BAD,1
-1.052980031523495,-1.7745819609424103,1.7236986667099443,-0.2571957347358068,0.7875580305161204,0.3746956115700217,-0.16725520413764985,-0.07383955065127824,-0.6444794712232403,0.7305233943350884,BAD,0
0.6637767524189498,-2.8433461409539014,-1.7707948658095671,1.1296227146995468,-1.5735192440258383,-0.4697112310983605,-0.48763723967441336,1.1273659429241125,-0.5529916618593603,-0.7676460861146397,GOOD,1
1.65341527067109,-0.11651286149998157,-1.4387330061856236,0.2857775914907065,-1.7775024123521075,0.2979237017116598,0.9413774805730231,0.07032081205561355,1.6912395255829211,0.14830562027752336,BAD,1
-0.1832130297316722,-1.7104842363154018,-1.2286069965960258,0.17497814029161052,-0.15279987417906388,-0.019853062705437175,1.4683676521581295,-1.1358744413202186,0.1012363084607889,1.6160456954746643,BAD,1
0.33388709269906475,0.36089150659250047,0.4010313248814653,1.6875155263836235,1.060062230912836,1.127963302067788,0.1766176535856671,0.2772468210246358,1.7349898345655121,1.6477735113160386,BAD,1
1.8467601005502112,-1.8986463162767546,-0.5615515728688077,-1.2206880399229556,0.8989982649251094,-1.9561390671126577,0.13878814927337899,1.4179213592782112,0.37551484089252446,0.663273450797867,BAD,1
-0.3342004139798291,-0.409005404483466,0.5982577200576202,-1.7164324393264805,1.4017089406803218,0.5293702548285554,-0.03447929949983746,1.0774040221129444,0.6283556432049515,-1.5270558262335692,BAD,1
0.7276454235903611,-1.0061860033771104,-0.8880737843151488,-0.1347501088692593,-0.6568693208434592,-0.9594454841270011,1.0259325966914892,0.8942376225158506,-1.306150461768261,0.7592526221608885,GOOD,1
0.14502967187526522,1.3120419005022423,0.09246759071133062,-0.5715325345401919,0.5832433217972869,1.0546703565474045,1.2634270720757608,-0.5920057143796327,-0.7826813666331901,-0.9074345327661991,BAD,0
-1.174755177539903,0.2711988419995294,0.5244947507057427,-0.29053180241834115,0.23156739135070098,0.286319692446308,-0.798615333697187,1.0871413252528421,1.5350648515588283,0.6571327453531912,BAD,0
-0.296761945997233,0.7161350030881144,-0.031165814122325025,-1.347887060676518,-0.3373147876800844,0.608198095612427,-1.1257677387681533,1.0163680686547418,0.1119567891743543,-0.8154116999416237,GOOD,1
0.17726883240614574,0.9673094746493469,-1.364124447624649,0.06597133399487266,0.2661252018292766,0.5147119398848378,0.5164601777634708,0.1691368141741912,-0.6312431369006106,2.0270949621540546,BAD,0
0.14385294370202983,0.2676798102549615,-1.5903854464781857,-2.593706081790923,1.5343260197300608,-0.8115451122612619,-0.6356816545396538,-0.6996518853935638,1.3121832110932063,1.4757923493303047,BAD,0
-0.09435420562260652,-0.051297969489193365,-0.390015744644887,0.7661495572050071,-0.21975671678851055,-0.5158404899998258,0.14840973480795056,1.3756998684072128,-0.6595110116456804,-0.9398152012784782,BAD,0
0.3534032522280969,-0.7376652786744706,-0.94281695410822,0.3694173628041514,-0.7752596587043171,-1.3255585005964325,1.0398202292287109,-1.072360377057583,0.39049558722298805,2.640268122927207,BAD,1
1.2604043980026078,-0.3429251289593775,-0.26797561264677416,-1.536068076188634,0.8333294329224602,-0.3382208268067342,0.24182694890333695,1.5839796952322283,0.6076836579822726,-1.118428592292689,BAD,0
1.268176842260271,0.5938087544932082,0.26557945425608853,-1.1332954446357144,0.03467843209485385,0.8241324545828328,-0.8425010330552332,1.9340512328453938,-1.7956747719130806,0.9392747784564561,BAD,1
-1.612271636548101,0.5115525138865781,1.1936593377804419,0.17487153096983588,1.185620193846108,-0.28994489024055187,1.0748634979074159,0.39449769874489876,-0.6091944939752015,-1.7812827803672686,BAD,1
-0.058659461381340226,-0.5688893270675617,-0.7049319226193456,-0.5902715847539951,1.4202678174242527,-2.254734889925951,0.2827706185526174,-1.4082773593580646,1.0924765409882804,-0.4068390984097961,BAD,1
-0.5853530734199581,-0.9663095706965878,-0.06802943478537891,0.6490896915624869,2.169434872766529,-0.8240657167516273,1.0470777998602674,-0.44332603523558733,-1.0124620313304245,0.3857140027734999,BAD,0
-0.22179506524168757,1.2121559561089306,0.9275127011928782,-0.25968217975297636,0.07306484217145919,-0.1185135897488914,-0.17979887565037012,0.009254602874938664,-0.3071213803205462,-1.1735631670968738,BAD,1
-0.33374370484946475,-0.048013696049060306,-0.45574272148461187,-1.2921838076333014,1.1136897982024916,-2.1077075449391187,-1.7531788058497577,1.2734122820336538,0.7851687346543387,0.15837096292125594,BAD,0
1.63113498548938,0.9822871867834004,-0.8270679281605263,-0.00046525988476735,1.1435965634932521,-0.4218048142336253,1.792901324908013,1.6169854106659196,0.49358518653840316,0.41092091501052547,BAD,0
-0.3015692133943758,0.32931410222542684,0.24184568513243793,-1.2137560183756793,1.3998826907703275,-0.18765888774570938,-0.9833606643599301,-1.6476782440437288,0.06802958137116835,-1.0987423635062963,BAD,1
-0.13745416791303067,1.4030228046849833,-1.6288172088084099,-0.7196707118917236,-0.33669190789978487,-0.3441492736965077,0.10395213383415924,0.2938191888678234,-2.1940660167332777,1.3101548919378185,BAD,1
-0.1424750371698115,0.44085622181412326,-1.0575236957061158,-0.28015281913336176,0.7744226749746935,0.09273706629382558,0.7754468870797627,-0.7774689545441829,0.09537192167024694,1.5884085714231135,BAD,1
0.2130393160717172,1.616590369840016,0.9678510316371421,-1.1732964408914996,-3.370050312882879,0.10466049783564756,-0.6985896590809456,1.202213376519287,0.775095164103719,0.4326783559824489,BAD,1
-0.2451107351953824,0.3420543988873509,-1.194581988723373,-1.456362006353967,0.4127875790806636,1.7009269974938186,0.4997709602725577,-0.9313590266517489,-0.135435323406273,0.8802554730299915,BAD,1
-1.219863440300006,-0.2989862781916147,0.2621726385113464,1.2095156727409782,1.5981277175681583,0.5621685126119264,-1.129979506407908,0.09277664859032811,0.3000661089017862,-0.6958274394026699,BAD,0
-1.1163038048182379,-2.3547448175176138,-0.26577505174099036,-0.2526321712685799,0.5188268715671646,-1.0920589486835042,0.7690782395093898,1.909485607771403,2.3444864091925206,-0.60317668157914,BAD,1
-0.5688924555297433,-0.4554339925592846,0.5158812030378048,-0.8817061281160288,2.53724616875988,1.674232853968295,-0.28001958700861057,-1.05916020292369,0.3241555879178696,0.8014518603455355,BAD,1
-2.4116855059323266,0.2651381719058836,0.08379572122711491,1.0372638177210791,-1.2739029482355482,-0.9078017063624262,0.0886073969429649,-0.5714123886695466,-0.12385438966190708,-0.5724010431520385,BAD,0
-1.1715385418095752,-0.31852507724263457,1.0421181602566585,0.6330527891202978,0.018603782843568464,1.4876230941959057,0.4410596592528237,0.8102454509484815,-1.2275977951872454,1.0712995293631644,BAD,1
0.5794163584882542,0.47265268580437125,0.6386836476882068,-0.9059536450890268,0.8162644874693888,-0.04996185571470585,-0.22317613066429584,0.8759862588613311,-0.14668809426572985,-0.45027436669625986,BAD,1
1.991042197054359,0.24591044724718442,1.0403125119591599,-1.282738939757265,1.4014659625045107,-0.25587046933326657,1.235747812431639,-0.8323008446120976,-1.2063230360015116,-1.2347976256529176,BAD,0
0.6301474574497281,0.04467236322217746,-1.0713142477704538,1.692541178673886,0.5114383485894175,0.8914233267850877,-1.268844147494389,0.8460178114175139,-0.0604419064314368,1.2197118087219805,BAD,0
-1.4406570295373804,0.3947221595787667,1.1513127182391256,-1.2658938562595576,-1.774485009742048,-0.22848904020340777,1.9880017732333686,0.5020964804580809,-0.9530099091000137,2.417039861098403,BAD,1
1.4712607809763771,0.2120842873374316,1.521415900116422,0.9165419769841449,0.24671298964858143,0.10018263457074593,1.2826166732329425,-0.10959124766119617,-0.34919470897746846,-0.6832447978628771,BAD,1
-0.9030694684756507,-0.42784484847429977,1.036561342771135,-0.03931142097575501,-1.0847740026097672,-0.10431322141495453,1.5112814041613036,-2.4054316071846142,0.4687397243130105,-1.2446851085764705,BAD,0
0.3364957553468536,1.3669671800764676,0.13936125081898004,0.0719614790663019,-1.8802206185982069,-1.0461106287688897,-0.27839147911245415,-0.8248421185968019,-1.8099306002141051,0.2285046158062245,BAD,1
-0.1356291143898199,0.7296356833692258,-1.0621565376717577,1.1273439722797978,1.2492881948792098,-1.0779149315988625,1.9193477497544678,-0.2425631486768171,-0.8681216457400811,-1.5101145705923442,BAD,0
-0.44809540365853007,1.0347238359966493,-0.909128941401231,-0.19349222606956074,-1.3179711148485573,-0.0732784554705759,-0.2128574068490909,-0.34965341649691967,1.14136600098591,-1.7503518616645752,GOOD,0
-0.2958942513109888,1.4327991613484943,0.18076297693769416,-1.77972264058907,-0.15240829653547824,-1.069474822934938,0.7051704693656069,-0.63847042242779,-1.1497014050174519,-1.4567957394728062,BAD,0
-0.824610353475741,-0.061679545776191204,1.3774761126187236,0.6890315685278386,-0.2177935560450215,0.6361966191042001,0.11977867089568905,0.7378340215268959,0.4942082236607953,0.6378912190874289,BAD,0
-1.0981578169434778,-0.09765644503398238,-0.6856124395853869,-0.015342252435749073,-0.9384898049916897,1.4070319283700323,0.8339422601224731,-0.4638918921629904,-0.9928686181316069,-0.37614099805125045,BAD,0
-0.3314430033989856,1.07656079959915,-1.298578964537848,-0.45118663563804573,0.40571364547544064,0.7658338420385133,-1.6013263923386585,-0.24721542043284087,-0.6900566486510308,0.6319555840917611,BAD,0
0.517341528369025,0.21349734871849188,0.6202947362489136,1.2917975578743024,0.9202487139198698,0.4182587767944444,0.7602473521901271,0.5102350376415921,-0.7532199814578553,0.016098730535811352,BAD,0
-0.3201713834036629,-0.37264306829092236,-0.18489152675908466,-1.219762450285362,0.15137069747505788,-1.0302276934168126,0.8932784042724519,2.2659533670656544,0.5467957692007699,1.6130140660043721,BAD,1
0.37985715450422064,0.27326100736763165,-2.299846406889717,0.7109602689428807,-0.719500061782732,1.3761783654184443,-1.3462604795808129,-1.3233764643125405,1.4279265769615637,-0.7679901631029082,GOOD,0
0.8593548867460513,2.089580578939372,0.22753952493388735,0.21674905057396335,-1.2626991899351723,-1.206335013102052,1.2771617192102531,-0.05499051597472226,-1.595122210078623,0.914123979897694,BAD,0
0.03185441976400852,1.4208364203431068,-1.4235452187706559,0.9110887780430935,-0.9892388414962316,-0.001527526494719814,-1.7686509666948917,-1.1385167233658031,0.39819515619794743,1.9061357194841637,BAD,0
-0.6840774915456899,0.11376507948694328,0.23752929297688924,1.319481049655723,-0.45010687832277485,0.3054443635937788,-1.4181954940617667,-0.25043127515773417,0.5120834860403427,0.13848024333638148,GOOD,0
0.6794699122503336,0.09698867843920779,0.29739972595208364,0.2052047195773584,-1.1396515311403366,-0.11048854714827837,-0.3324290015932464,-0.03863784487753808,0.3462811724540418,-0.3416210961861626,BAD,1
2.0383427743600353,0.9776379106486639,1.3017564004406994,-1.5629076430354698,-0.20375248976651847,-0.4065364370312766,-3.4737202123041193,0.2975139160021588,0.9760872612069502,-0.02942174289837292,GOOD,1
0.7044300009704293,0.2954906196774877,-0.4595934684117887,-1.6016017237272913,-1.1457148069142185,-0.013348947874390704,1.125236719233741,-0.2661259296542142,-0.16180706086324714,-1.4489733223315102,GOOD,0
-0.8832906665993047,-0.7664544714679855,0.5782440571126237,0.25356909200901667,1.3207759682765914,-0.22530813194344923,-2.424075579731983,-1.0695936128255221,-0.538324406639356,-0.08370647516941392,BAD,1
0.054491629033618455,-0.27383768536779296,0.6109293776045327,-0.5034985513240336,-1.8514938902174862,0.1890601163830199,-0.7224233379307717,-0.23563441676967087,0.7348234999649221,0.5665743697959248,GOOD,0
1.5702274825202673,1.8557373005788758,-0.928381109445499,1.3060837764618571,-0.2970583766005772,-0.1166725841829046,-0.35578973717239365,-0.7619240544343171,-1.8480493168319294,-0.42594689550137,GOOD,1
-0.3500792303016612,-0.4317428386035467,-0.26517278515397597,-0.034472529183895755,-0.1924672617246428,-0.42370778870796444,1.1504795960667569,1.2832387262122262,-0.9579364610552067,0.7059248196144768,BAD,1
0.9840122374992432,1.3762389435183617,0.4732408678230094,0.6448529335629734,1.4636914042297953,0.8938625776701696,-0.36243246465407397,0.5734787377951419,-0.8621387597309748,0.37254396048753513,BAD,0
0.7465223182482282,-0.013414795032485941,0.4006468635720889,1.2488019133195145,-1.7422687283539244,-0.48781369825876536,-0.04002005044402922,0.1921728274521444,-1.9950524817546913,0.00044672981619164035,GOOD,0
-0.6349948400897485,0.6092745438576187,0.1418870626595957,0.5360394929636115,-1.1003921153658045,1.6601203338915604,0.00634334197272756,-0.4202668153175479,-1.3024455949082077,-0.810002948566683,GOOD,0
0.5116977501690552,0.30334710876277005,-0.22698415449841058,-1.0934695846239282,-0.3600221656406467,2.1429601029355125,0.5966616551169709,0.6124869637544562,0.5912584377642992,0.9600287044426713,BAD,1
-0.09538208760768882,0.17346379942030513,0.7374581388267605,0.5338457359114444,0.717262751328855,-1.4042983055751725,0.8640414317478059,-1.3083517865548207,1.0789675378728436,0.521196560330925,BAD,0
1.1490862582036467,1.5025011502471828,1.0201292695816653,-0.7784112094665752,-0.5718951163609315,-1.4088029281641985,1.472270431205011,-0.4453352701245345,-0.996632225155441,0.522881911666338,BAD,1
-0.4557964008607269,-0.6708065658192865,-0.571970610473586,0.2832745446798556,-0.6876510333367996,-0.26001091043113017,0.794600835429051,-2.1508614869685188,-0.30325522044633035,-0.49946903646338264,GOOD,1
0.8929201829746586,0.7330678174589803,0.8644238977594344,-1.210519145227945,-0.8585714687444755,-1.8638421806269228,0.3487460119444945,-0.4188090942821597,-1.039952026213323,0.6433442606093079,BAD,1
-1.699346804479466,-1.8675847265355074,-0.20992602858700285,-0.7332188071692133,-1.2292734124688731,-1.878826162517159,0.6927934854952887,1.032975265887807,0.19379824062125936,0.24789632289318556,BAD,1
-0.03814599451089261,0.529373268116417,0.3814676668715692,1.4734156337355664,0.8908080143274628,-0.5234377010753437,-1.1276893737528118,0.5743750722585664,-0.7606517222940044,-0.512437794056004,BAD,1
-1.5806265496826712,-0.47343623279263214,1.3354455239203327,1.0994965980767666,-0.056057922757471526,0.03354545981493271,0.030601576499739234,0.006339257576963633,-1.1007739757875243,-0.8594572693041503,BAD,1
-0.641706869237489,1.433126312837423,-0.9651778497598978,1.5514810392164544,-1.0101684718966621,0.2959789318016036,0.3710076146177425,1.1173680428142105,0.06155439554405796,-0.3508168516964391,BAD,0
-1.08352610204771,0.3650268391861355,-1.1417458202213913,-1.3946898511753592,0.6419901518306507,1.049823406263448,1.2586922643730567,-2.2047788805557444,-0.4710288127142818,1.188059173312039,BAD,1
-0.5171337866589811,-1.4979225756790218,-0.3601910887292744,0.8144396384150145,1.0813944527480979,0.1364647610773761,-0.05945519698775019,0.6265607240223287,0.7358388517384585,-0.3232665893742948,BAD,1
-0.3852601080508238,0.21203170518244152,0.540870583704816,-1.9234153022187905,-0.14851092107017788,0.6439205307063621,-1.0677048590571458,0.6740325404734431,0.8416947199913967,-0.42916806949871683,BAD,0
1.4087159583639366,-1.1220063722308506,1.2896112874545782,1.7403609030412608,1.4868586414863476,1.472506831693192,0.9154146844499972,-0.42966415863299934,-1.2241782632248632,-0.5451922676649518,BAD,0
-1.379722840279092,-1.2502937481264784,-0.6026449693763107,-2.1217081603736374,-0.48870570418904574,-0.1604421114046128,-0.6654010982256079,-1.274925737470044,-0.20734428884357137,-0.7138935364661441,GOOD,1
-1.1776047165801886,-1.409949008875773,0.07652833058409748,1.6653504957471637,-0.8220036286895029,0.0840534737858147,-1.566404254925004,0.6900963535656391,-0.2732284048059031,-0.23521901315748706,BAD,1
1.7872287174273387,0.44071073552630485,0.5374347854084212,-1.2407217344035284,-1.709025958962208,-1.9681477729571302,1.3339543630231585,0.6048643697365272,0.859006837591853,0.388885710719666,BAD,1
0.10353871782776185,-0.00035198021221909516,-0.945538718538461,0.0024234442510204153,-0.2251614303360114,0.10769413383099569,0.41146667857283464,0.7027046608510465,1.3089755751392889,0.7215359950379763,BAD,0
0.6122845515662114,-0.20042795002440644,-0.9059376699459455,0.17448537978122158,0.44032066476317233,0.6453145410785196,0.39790201360832794,-0.07022271748340254,-0.005313903204816089,0.3605441502387721,BAD,0
-0.7434313727481391,-0.1531402104022031,0.5964888412147356,0.5414934537711232,-0.484961115465237,-0.3213544163892774,-0.29584986664049673,-1.296289077721969,0.6330379142187751,0.3754457181049549,BAD,0
1.6428895133043144,0.34050022338497704,0.2894349591126791,-0.6632852868738531,0.7465209818973559,0.7891385807113965,-0.7365221988531401,0.43600773413404825,-1.087981278212917,-0.18608990151944188,BAD,0
-0.31002124086682015,-0.22464337600081863,-1.5624357645931368,0.7076835682065044,-0.22053257290183859,0.11251985412365866,1.1282902546717506,2.0054123020017802,1.0622852571811539,0.5095437556687461,BAD,0
-0.8376329775794478,1.008514971075173,-1.1293338874229222,0.07642666515776371,-0.45407909744013925,0.23065785388940727,-1.6587170295031177,-0.6099908929186129,-0.8085102794212586,-0.5463482473390365,GOOD,0
1.0863242309073922,1.4362819584092021,0.5486829682588217,2.1185457708206084,-1.1321895216983489,-0.018559320163341747,-0.5291307110860993,-0.35408517754441193,1.554309232406528,0.5492624783195895,BAD,0
0.2898932489834057,-0.6657449496418784,2.3494861973086305,-0.5159081908581349,0.4706220492649848,1.3170320626429055,1.6279999995462902,0.2691483318937533,-0.7055503201594691,1.3879855853494227,BAD,1
-0.6027599687457668,2.1485865834510096,-0.12801972613321025,-0.42573720412803695,0.5629279110430553,1.482013142306687,0.3536827667434363,-1.1750748056336318,-1.7935635789072264,-2.9041903476726807,BAD,0
0.6309217601959553,-1.0179580998657,-0.0779624771824152,-0.6434759704506282,-0.7226074853531975,-2.0391513644292782,0.46795090616845036,0.21005183181368037,0.2951770190957766,-0.22061990822438474,BAD,1
-0.39203128814643845,-0.5569535316597032,0.35665149803282836,-3.409664423734315,-0.39219779922621173,-0.3939833137882091,-0.5823106737783627,-0.5602122464533874,0.8155650957014868,-0.9894234127889008,BAD,0
-2.2097470312931424,0.39621220270313146,1.5988537697036698,-1.2023268735298969,0.40167719866977775,-0.8191577101758891,-1.0941320917118604,0.6771759943312893,0.04783290207920916,-0.46263521572465854,BAD,0
-0.24389296381734946,0.7006419574732501,-0.4213947072536303,0.6323360792157852,-1.1230012531277078,-0.9278186543176355,-0.08116046410860357,1.0184558855987755,2.109647550053488,1.9890111008457838,BAD,1
-1.7781340901924156,-0.5274655323585735,-0.09465953035555962,1.024688506480649,-0.1013810027891565,0.39227237609536353,1.6405098729901684,-1.6855321475640086,0.7307468032552205,-0.6457050477712467,BAD,0
1.4937450533882444,-0.3825231165751676,0.1802877104617035,0.9374398573112245,-0.844263817747885,0.03183553939069038,0.31302493139348625,-0.3967953843528348,0.20675346490334975,1.3675902469121142,BAD,1
0.11118772271897312,-0.5160810081629114,-0.31318658193015536,1.1692558335649306,0.4259923849184825,-1.583422581824267,1.221672206346645,-0.1056344524748106,-0.1343808542711914,-0.2025655936374444,BAD,1
-0.951375927906654,-1.744582520630703,-1.0775972523575585,-0.5072902083726268,1.3679069549357,-1.226461073654646,1.291723543220356,2.369145241623976,-0.07053048962203882,0.14930588314235,BAD,0
1.0701405725382984,-0.3628701569280309,2.0349189801832464,-0.5891307280289371,-0.22064895863805803,2.069907671516584,-0.059435367768232036,-1.073420926690298,-1.153519196276144,0.0017803637357389846,BAD,0
-0.1648422053913859,-0.4907072967947156,-0.00616303823826872,-1.6306931183766193,1.8800199957179005,-0.49591857822723784,-0.776156257322098,1.0948204617501922,1.4516024056907861,-0.6691948832220348,BAD,1
1.119896728820958,2.1441846084441623,0.14798014978932827,-0.8875833829270897,0.2625336178862143,0.21510654619002353,0.7165835451070361,-0.5100139967552162,-0.037684126826628875,0.7372631022485359,BAD,0
-0.8085219848683906,-0.13136642126599685,0.625007823861251,-0.6804752622496912,-0.06879764638516746,1.4034768807272928,-0.7380783602612007,-0.8178088923551419,-0.6389656784967315,0.5937921708794843,BAD,1
-0.366678218200662,0.06844002337064035,-1.2305243928976288,-1.192156862826114,-1.4013156982695296,0.7311735180815855,-1.2556589300245187,-0.28927534877794586,0.5120790466162429,-0.537920121907737,GOOD,1
-0.0197348323654856,1.1404651604156157,1.0697282876891365,0.47343326287402554,1.4880420539266053,0.729334199793259,-0.5069042702377734,0.6043263890726364,0.05410361023286881,0.8305769760411986,BAD,1
-0.24630066748070586,0.17757954304313153,2.7757168121792466,-1.2417576156431995,-2.3071482325044594,0.13301124857943059,0.12296925142118438,-0.4439979635402613,-0.022956771953102965,-0.9719198300526128,BAD,1
-0.7713906645890375,0.9206440886347668,0.8635610154821473,-0.3787370264244163,-0.4027204149451935,0.0839626286468365,-0.16890148902389227,-2.093773893313498,1.0995971298837077,-0.20193703925249812,BAD,1
-0.8473656934359397,-1.1923983300366015,1.1100477004505156,0.7220347756057718,-0.12181535521447263,-1.772533785514984,0.44140308810394113,1.340839839687975,-0.6569636063770296,-0.6143536314916322,BAD,0
1.197766989789909,-0.29948041674661036,-0.4926373544147971,-1.3821441623651711,1.1497837041391668,2.050649297041758,0.4798481209517681,0.19984971578104319,-0.3061408219503623,0.06873266131767036,GOOD,0
0.2837467050859763,0.6951357999643075,-0.8492655500977289,-0.23643331445144805,-0.08220001722912279,0.9025697114500788,-0.921141561917095,0.26070642513712206,0.9651709151859659,0.7014743887727396,BAD,0
-0.6884314587560035,1.3334630032099444,-1.2646652647235144,0.9325963554118184,-0.05199842043188869,-0.8614604207636358,0.09185053531403256,0.29790410323982686,0.3486754634999842,1.140362216386428,BAD,1
0.9513046206035217,0.283070359987529,-0.7643765992531394,0.24445650851419942,-0.4510082661623839,1.1269643600856472,1.0664239369740491,0.15108439732066015,0.8187611476387344,-0.768638641334961,GOOD,0
-1.3305926677915518,-0.9457014620879225,0.9098672805453988,0.7968842295918526,1.1177866797062206,-1.2316194207405247,0.9535317131020715,0.8137798577174149,1.6477564467190158,-0.6396966596624155,BAD,1
-0.3782145439843964,1.0646497358031815,0.6186083115838332,1.462256577817705,0.548633007422365,-1.4897323143886332,1.4631194973147281,-1.1947408689479342,-1.8628430434487744,-1.599253148417109,BAD,1
-0.4571595781565932,-0.5374186926132689,1.4670106662140074,0.1629702568204391,0.29315856126685463,0.5914253316170146,0.49480673952517934,1.3048601481208768,-0.7611024250509253,1.05948193402065,BAD,1
-1.286128524534605,-0.6719078163385495,1.7251900876044928,0.30739748821305446,-2.129405862541525,-0.587563634357253,0.22383196601347233,-0.16845913655346434,-0.30906082982956123,1.2100365280518353,BAD,0
0.6917336799153903,0.6808569988549378,0.9795215967672541,-0.16546716534493894,-0.11249810180698377,-0.524637788729135,0.08399861241436053,-0.30231199329068864,1.1206424316760584,0.8852086752579784,BAD,1
-0.6477474959641317,0.4773456895970604,1.0421963965036005,0.9141755581166833,-0.5001725675281627,0.6588047425356461,-0.5634678708505155,-0.17204041390714642,0.058117662202872976,0.29958503723344043,BAD,0
0.15450926811368282,0.28895021089445333,-0.31964264770053064,-0.014480286260391934,-1.3107197072611656,0.6286489393929683,0.2990144771849325,-0.5625277683193666,-0.7185432084617773,-0.10873249060919746,BAD,1
0.20366824012146317,-0.6675451377275307,0.08123795663494729,1.0794192041858208,-2.3522691614650806,-0.6230584941577456,0.977684494604163,-1.433834399844568,0.24991307411827224,-0.9787448266517772,BAD,0
-0.4479247869313338,-1.1884211508321305,-0.0024008183970636358,-1.1612003150324155,-0.6952968314067615,0.9059202831017567,0.9822101156803686,1.3632806221985911,-3.1855056781610713,1.027630674850388,GOOD,0
1.2104629316556328,-0.03697041342487921,-0.8714627279280768,0.00013891782710949625,-3.1639082835456196,-0.7647086620579551,0.33396919874475084,0.10573738526405507,-1.4696076245516123,0.1901493604922212,GOOD,0
0.8239043401239953,-0.8216641299743651,0.06114274129360009,0.46322836158598074,-2.351966112822318,-0.1758213272145644,0.1861409476362471,0.40687225148336187,-2.016185479298138,0.3339278601710502,GOOD,1
-0.5289465932859522,-0.7373340944058355,-0.4162652285986642,0.14780480938082416,-1.2645126628854166,0.11187419105480452,-0.6478456406576564,0.14906468857795296,-0.21819871165268595,-0.045495304254374806,GOOD,0
-1.730583585385922,-0.657624760032616,2.07870435959047,-0.4622640181421128,-0.8748948260859228,0.6132325432076716,-0.6735730930858289,1.8705842608869094,-1.3049593258240688,0.5024104558154535,BAD,0
0.5024935595954854,-0.36664019092033934,-0.6191660045476614,-0.6405697583240662,0.23627612772049475,-0.48832498594004525,-0.8781284366889553,1.422676287705686,-0.13534845026511166,1.59477410187019,BAD,0
-1.4647402473355138,-0.3908846564230665,-0.3575624463512417,-0.9298031695382396,0.543417971561609,-0.3033521887241597,-0.052621484206969577,0.08675435197718345,-0.8215761099323996,-1.5899621774405257,BAD,1
0.32701595015409957,-0.4596462310949138,-1.103321054091289,-0.6176249102350079,1.067306889347174,-0.7734660264620727,0.29816027512682014,-0.5595962541805525,-0.38396638834053703,-0.24246142210517113,BAD,1
-0.9520691517614571,0.5698323093865859,-0.2860184768245797,0.9605325342524758,-0.258385736705154,-0.08930552725219547,1.1996620556684434,1.8722994899341403,-0.19519137998254524,-1.861154202089376,BAD,1
-0.5934581680185179,1.5253492543783318,0.5725192222215315,1.198116676955926,1.8896821980947869,0.5700743393307816,1.2628818277406024,0.3695524898828449,-2.098115214481496,1.47565145729832,BAD,0
0.43100122795175033,0.7275226582703209,-0.05919777463937374,1.8460526041656984,-0.46369641627072083,0.7363489379163353,0.4903362489532824,-1.2674448819680828,-0.05346591671042537,-0.06960745437108519,BAD,1
0.041823472130046974,-0.6819172583552978,-1.0085778753964731,1.1233747589488499,-0.6279900061241439,-1.0623964760679805,1.2138263300412229,1.8761291118089278,-0.055816923498460555,0.010366779975631884,BAD,1
-1.0174167882074794,0.5561657779626237,-0.8864006310718959,-0.7027768422312279,0.21173971865169094,-1.7857535840483487,-0.5640652590601268,0.590353711964985,-1.2262023845924235,2.8029819362783446,BAD,1
-0.7545769027235658,1.0476350592427062,1.4103461966707855,-2.792346802985723,0.052038547692388866,-1.2585588778931764,0.3522678774416479,-0.2867698300571162,0.5073832243002104,-0.4754360575023644,BAD,1
0.16856255113676252,-1.031979766042032,-0.18739286315139264,-2.462882255309152,0.2987187752865142,-0.28036134309737337,-1.7953599084494882,-0.49307785839912055,-0.07218948926599482,0.4369237376375025,GOOD,0
-0.10621928948577927,-1.7952839080960203,0.43057453259291345,-0.4102504179444438,1.3332948224998367,0.2858336059973737,0.383363604963447,0.6825073592177202,1.4394884032768647,1.8621495188263122,BAD,1
1.6588488418449532,-0.5833801185066301,1.2005499638605925,0.5656698722639791,1.300139377415655,-0.7602611571111906,1.1092564520676982,-0.6156106807250881,1.092270755499387,-1.8070392337781171,BAD,0
-0.1459039554446443,-0.28716278931469685,1.2277758821401028,-1.6803053937824626,0.15804369598265255,1.0604678932233353,-1.3003852201520154,-1.1235424270986,2.734822707503363,-0.4393022488047778,BAD,0
-0.4312571689861561,-0.06473468018252419,-0.12926297500648087,-1.321043826141623,0.3688645727490938,-1.4753287796052734,0.08611655221904725,-0.6703698448574711,-2.4240409120289654,-0.5849909899744195,GOOD,1
-1.6260794528510452,1.1818434119895147,0.2670822189009144,-1.6343175747074643,-0.12219721410077136,-1.3405227651295033,-0.0440221702949629,-0.6590563998013492,-0.329193773433077,0.08052586016886365,BAD,0
0.074828402091303,-0.09059654913698582,-1.3086357165225941,-0.1182816968942768,1.0795161845085066,-1.2316666965893055,0.459790209632605,0.340070557860682,-0.7942140512374928,1.873765378770716,BAD,0
0.7872654188597444,1.0415006378678058,0.19231447674544278,1.3964884059290747,-0.6594799364474957,-0.7362791939701507,0.646609375803113,0.6112930274708814,-0.2520700617166026,-0.44023876065439216,BAD,0
0.14792589453625785,-0.16657619759624512,-0.49561961949105765,0.4448880490564839,-0.02023124349334994,-0.35669350192032523,-1.1075440668349272,0.06969555580341122,1.2895199983604952,-0.2974751773561766,BAD,1
-0.5330307657842874,1.1800342170204354,0.44444463086234237,0.7257903091471442,0.4754002652579947,-0.3963704102344639,-0.29880562688227497,2.9378205100428296,0.3402912170897933,-1.3080787531404856,BAD,1
-1.936792912541991,-0.12962266747153772,1.1967421487482486,0.26129959562274135,-0.9757657643957605,-0.5069471138082645,-0.35037365838914675,-0.4727934985004337,-0.6793662712420602,-1.845926288478313,BAD,1
0.11886809745042999,-0.340661334368746,-1.0080120752458501,0.30157796435907347,-0.7712860554955318,-1.0733836563321777,0.035635547911053896,0.12532088006982647,1.5957540105755066,1.2020643455039894,BAD,0
-0.5387306424254247,0.2966335788447499,1.3432151200842866,-0.625867504787296,1.0784501235624955,0.9725275767947461,-0.07060997362277517,-1.818076342866559,1.6825515841957341,-0.1465850218138291,BAD,0
1.0665055713798048,0.02005665567764682,0.5561212973993062,-0.7986943021164041,0.4678127366752563,-0.23824626770486002,-0.38963507345171894,-0.32295007860221914,1.1989515877919603,-0.5168449366587549,BAD,1
1.534556397357841,0.3217103288558916,0.19464710234080204,-0.3384183035163597,0.4567960833096897,-0.6382224649888738,0.6184305186749491,0.16670754868154816,-0.2117959379810221,0.02135834886992699,BAD,0
0.5006615902936253,0.6456667326591644,1.5326110137552849,-0.30974482936788306,0.4621285996932087,1.535771885953909,-0.4175835336165923,-0.11314541180520524,0.5428663607291078,-2.1471064783702998,BAD,0
2.1193577354557767,-0.5280056970838835,-0.15042890653587507,-0.037572513736320715,2.0246051885817375,0.0417073306321376,1.0206654353243245,-1.6076264625863952,-0.24746589170156202,-0.5653440750528987,BAD,0
0.34356218557606444,-2.211915537292456,-0.3644619746067741,-1.7184301490871243,0.07494950826716103,-0.28286962418522404,0.34459809606736397,0.6862961592054286,-0.2727024099698096,-0.5696000818795377,GOOD,0
0.007578234913374914,-1.3764463132416898,2.257396223420853,-0.09131294471619847,-1.0934171070159715,1.122439866865942,0.04384784152404281,3.02442461478369,1.6216166261395226,0.37154782839760336,BAD,0
-0.9719619902967367,0.5446549937402074,1.1285967349890365,-0.32148711927099666,0.7643653911009687,-0.9498113000411461,-1.688854501786503,-0.2511909329692536,1.0235142038480616,-0.5067274500543256,BAD,1
0.2109804300677566,0.5668897593370207,0.8924745258429444,-1.0246971672705902,-0.5075600562954141,-0.19463717776264008,0.537972512274917,-1.532637602461294,0.2706165361710055,1.5790733925869538,BAD,0
-1.3407473330324173,0.5252838634327478,-2.208169709134974,0.9668885559791625,-1.8283959612494782,-0.2653851192061624,-0.5927597033591695,-0.04380000288378399,2.4349734774613365,-1.0279775532821214,GOOD,1
2.29772940248281,1.2257545592064572,0.5022803692632395,-2.324921851588582,2.290216453487403,-1.6913681150625983,1.599065226359187,2.1755499394540707,-0.4683680131830803,-0.9091134819090553,BAD,1
0.11011484255358733,0.9519533989631621,0.11833928573739164,1.9499995780770218,-2.0045451433351196,2.2785534890156782,0.9860635602731455,0.1142865437286554,-0.130255931599422,-1.4454504904457655,BAD,0
0.11845287267152332,0.2543829833045101,-0.3017896494569288,-0.8633463364991298,-0.4497399088713023,-1.900535956517862,-0.5676255376143513,1.5080246473731063,0.4616604830353194,1.7235007834250584,BAD,0
-1.3093252495684102,0.1303017395420339,0.12600382952850292,-1.2548115539014104,-1.4145553775282242,0.759895695682894,-1.6999993668563163,1.3201282096885918,0.7203346931886259,0.28225195958333665,BAD,1
-0.32205882259698915,-1.3317895567994635,1.50487700363021,-1.7142408415449022,0.27442123319473877,0.34923712817107727,-0.23897357700815053,0.16476219042669554,1.1865468088209328,0.3748205891774258,BAD,1
1.055228772150626,-1.0297842918506999,0.876866590294087,-0.026688718151974652,-1.3274313679286454,0.807851853934885,1.2727298462424257,0.36128736037748677,-0.5900090308885325,0.22613957483844976,BAD,1
-0.4008592242168704,-0.17145765898039725,0.4183906341310565,-1.242419363125569,-0.9103603877458469,-0.2537141898945525,0.3811803075101406,-0.7297753886681455,-1.068591130354361,-0.03837484033685802,BAD,1
-0.7134988805707067,-0.7755322338021574,2.4430670500788163,-7.83008373026149e-05,2.072946210500774,0.03773292282781362,1.4165022295203076,0.20793745599233573,-0.13054154158923553,0.34692975052009856,BAD,1
-0.6036883101912434,-1.6322554723161546,-1.800637986553737,-1.1356118171918625,-1.6557304735578815,-0.18600251765864834,-0.008434082148900434,0.26597584736773,0.2576316712395107,0.22817106899064188,GOOD,0
-0.5594442257628024,0.14658560013148542,1.1132391930333432,-0.8983362512490437,-0.047377995790909684,0.5763882452656648,-0.6084243141800909,-0.806439201289909,-0.3321027883676112,1.9902170698332176,BAD,0
-0.45404392474792116,0.9109070195119411,-1.0780200716003197,-0.36418449106732714,-2.9552497844541508,-1.3097913739423348,0.9329126486765539,2.2421617004248406,1.4321879619749527,-2.0025545128323192,BAD,1
0.27205806012561967,-0.6697153204708731,-0.5264991266799184,0.48827829192178585,1.3312398895558053,-1.3108889556019105,1.016963821936734,-0.5285093650065082,-1.1358265834504808,1.2656642662250355,BAD,1
0.3003443079376999,-1.4322420038516674,-0.9661402291164803,-2.0619277900591295,0.8013002656892427,-1.6082138617482469,0.0807114428624882,0.36430657322006027,0.34531828951922755,1.456617439082637,BAD,0
-0.5286173034533315,-0.6137703438099607,-0.5373049413530397,-0.555330211878411,1.3281982236416925,0.8112567747833763,2.078205874406819,-0.2982776552080094,0.8258200289222676,0.35890468152313487,GOOD,0
0.028729027025661602,1.16638269635647,0.32678360049495225,-0.09183053701369444,0.8737968348996729,0.330424749807656,-0.14152782663193053,-1.9039429185717511,0.4153512763316831,0.7057375659633881,BAD,1
-0.7682012587864038,-0.7076843338407944,-1.2437202709591086,1.3943123361808165,0.30661994198908643,1.882595968982782,0.11304447565976407,1.9862420104428118,1.7922535002854598,-0.08649697060938284,BAD,1
0.11259669909458986,-0.06304153755716241,-0.20321425308968738,-1.26128482086006,1.6308338399728826,-0.1607943786601203,-0.5724158493048558,-0.6609309135656488,1.0897996650260289,0.3545718646186844,BAD,0
-0.5570100775875505,0.1779650251147257,0.4487933876411741,-1.2940606741114096,0.3272986890994025,1.499740775626608,0.9429229904224159,0.573014630194039,0.7939785383048499,1.4522079489913584,BAD,0
1.6078928362168912,-1.7349843272143548,1.9939690424913787,0.9839240182452733,-0.3794071592677431,1.929338034239029,-1.0801429755095744,-1.046797526308887,-0.26418983826557496,-2.605957592601277,GOOD,0
-0.7140633664227969,-0.1624583343027165,-0.7051731771418397,-1.2771274363149678,0.35650068950533503,-1.1685404690606707,0.7210264248296309,1.3507441029865257,0.8538246174117589,0.5390798409281852,BAD,1
-0.2307955087822104,-0.3089508536310459,0.9310967926989353,-0.9528614463853178,-0.8328772612833237,1.3765518545495259,0.2765501188368948,0.23565438266202057,1.1514555269692404,-2.2564077303187706,BAD,1
-0.4247830923132658,1.3518983339818922,-0.5402887836329019,-0.05805525297809131,-1.2794985895836521,1.3117031246666409,1.7973343502710586,1.3333619493814886,0.6112853003904771,0.04750940986213666,BAD,1
-1.224019176203585,-0.39394480601091414,-0.17197026865746667,-1.3034944165046898,1.1719792116426813,-0.9907290926191615,-0.35541682350492665,1.4165191770901004,-0.7922975862944333,0.03810445094914701,BAD,0
-0.591927973064895,-1.7321988376589215,1.9431477602837715,-0.19801440060065675,0.16916869210152338,0.671688063598639,-0.5243358278433334,0.01318621929547135,0.1409568089468052,-0.29623394073888043,BAD,0
1.4117504657720432,1.351707758908937,-2.3689292671207074,0.31208489978440157,-1.9029732761236544,-1.3718874290196117,-0.9143609268604856,0.37701343628817124,0.10342315898409928,3.0330906047281685,BAD,1
0.04460285546658424,0.6495023123063909,-1.5304530505665397,0.3694634101727149,-0.5869385818963887,-2.7516834603540286,-2.241821117979714,-0.6911625162382324,-0.3450125039898237,0.3970188965902405,BAD,1
0.3617424913254507,0.6732301757385165,0.07272831117483072,0.9154567970266235,1.6981734756793596,0.3461033961521951,-0.37696504989463325,-1.1512174633633059,-0.32657395109769893,3.220327835962281,BAD,0
2.320488442659345,-1.2609086354110077,1.9909621455034416,-0.6331212224939767,2.7174823399006107,-1.3342436181564632,0.9532019529932808,0.5413915238148929,-0.0859606224892367,-0.6380341072032875,BAD,0
0.6453508583049643,-0.9644229182421528,0.6245565078906505,0.7228142650706973,0.9695883267302315,0.17817003354139047,0.35022657281323094,0.7787356046385285,-1.4600088077851054,-3.846384825373333,GOOD,1
0.08156183915591084,-0.20703765287061723,0.4228384920798183,-1.1422638340004325,-1.3773012177307353,-0.6815333572717408,-0.6015462909029952,0.8901018071337675,-2.089223947931654,-0.7887917363535163,GOOD,1
-0.9440436698899644,-1.0216291646703004,1.3286408654119384,1.7290034061292927,0.1692919989233421,0.4419310709728875,0.14222581479562407,-0.651886754407444,0.8161016164749664,0.15916575981957987,BAD,0
-0.920880429978188,0.6479405098201895,-1.2349877760267094,-0.41741002805519173,-1.5632932355087894,0.13042496657623517,-2.1095521467390284,0.4505293083185217,-0.7421945837542546,-0.22203121968467435,GOOD,0
0.21206141393062175,0.09224951577585916,1.6161879305206803,0.31324045792709937,1.5863783611504285,0.3172935478292254,-0.5338220965192728,-0.762258782975247,-2.152470320667788,0.19632477701339326,BAD,1
-0.0782547121919508,-0.8839341708442328,0.3321989339606558,-0.1703209668187416,0.6348423578431972,-0.4618449493978864,0.3087017765325545,0.06427014708066268,-0.9111083522486081,-0.10420260611038426,BAD,0
1.0539744770070982,-0.6861038554094374,-0.7148743704262208,0.008587135218589777,0.5307707650227341,-1.5183163929075498,-1.5734366823581214,-0.5002727644585003,0.7375688986462091,-1.1216255135274906,BAD,0
-1.1552773940321466,0.569940321876079,1.113395145724363,1.0661504680623286,-0.9778237874715087,-1.1538675516150598,-0.8790351915041446,1.0621787366279984,0.5314600461415198,0.76412387652493,BAD,0
-1.343359709807488,-0.7604828993786203,0.5385449149304471,-0.4542726206326439,-0.542188910259381,-1.4102643137533108,0.38230462936735365,-1.2768025152622726,1.06152804062631,-0.8151491871195649,GOOD,0
-0.9910162966786654,1.134741857111636,0.037180412984705424,0.7798685059958144,-1.3389576632015165,0.009398544574297799,-0.2399051078949066,-0.8833792153793448,2.6780739153901614,0.38447489904757665,BAD,0
0.6270196172946751,-0.060003955164119445,-0.08102119297220475,0.7590987876266642,-0.45145390416407966,0.876603037097337,0.9054579088567578,-1.7606932645524553,0.3742180093219857,0.10126492249568325,BAD,0
1.2738293855775829,-1.9122025793343804,-0.38071131694368504,-0.540989099797788,-0.7587749824266612,-0.485026511404609,-1.006079717884751,-1.4849937422724309,-0.8723956375322872,0.12606174419999394,GOOD,1
0.5913085987017513,-0.5691202975839317,0.05337409208499954,1.295036774583207,-0.9182602942074903,-1.1425996467575075,0.5933760011994775,1.0941663154408467,0.9930914594412878,0.27643575021019123,BAD,0
1.4947782190197418,0.7581357864229539,0.18012575386307322,-0.6112691708598208,-0.24811975950556103,-2.3939252178350094,0.6848873398865508,1.2169970938518835,0.08084351558570393,-0.7597357449863584,BAD,0
2.3061245928853538,-0.36123294743333506,1.6068738336826693,-0.3328936293506334,-0.07514490527622159,-0.9800649960070088,0.6102871341790806,-0.5642277763605035,0.8026563253367881,-1.2481935032164166,BAD,0
0.24519243892117104,-0.042830361895856386,-0.26293193103213225,1.6177627768959066,0.7936533774337707,-0.08262713233850857,-1.8641963011783644,0.16896296913157305,-0.8490783944527198,-1.4301488063204553,GOOD,1
-0.7826425151127899,-0.4019088173756243,-0.18032911693522435,0.09926528168569661,-1.5667009132015266,-0.22237683658674837,-0.46522407438278696,-0.1487374131271875,0.595700831883035,-0.2438981251699497,BAD,1
1.0659593241535237,-2.3720489892974386,1.4353012865246784,-0.30553306076496956,-0.7975954972945803,-0.8908153078354236,1.8130270926646281,1.1328458358886426,-0.39889952209111595,-1.5553576678130558,BAD,1
0.21268375892021385,0.5121541813945883,0.4218421224672094,-0.659277409854806,-1.0103546066382092,0.6815605001076439,-0.7369475656068089,1.1904220850927112,0.015808483095529503,0.3761970411607751,BAD,1
-0.35217244289416405,-2.148238608649886,-1.045253877768466,-0.4720406588944489,0.7661972281866846,-0.9000169044776087,0.2148816314005944,-1.657523538564569,1.9958699690976809,-1.704212678045967,GOOD,1
-0.7467305097480574,-0.02378724244605087,1.3753132741493128,1.7873815492296565,1.4850040687081558,-1.2243542220679562,0.6875143750244451,-2.043784643399255,0.2317608012009481,-0.45257403089076975,BAD,0
-0.44189926382419253,0.03585702727522815,-0.0412824628786941,0.7673987679333322,-0.19815718041253025,-0.7513264838812453,0.9295494964196392,-0.6470018446477882,1.1694310919694142,0.11254241966229868,BAD,1
-1.0568721589167258,0.5236412201174128,-0.31754008755450386,-0.123975555642204,-1.2898025719350878,0.6236162593178992,0.14150390311887676,1.1434388540912996,0.7056467823192382,-1.4638926589627381,BAD,0
-1.0898925170048823,0.5161449884774217,0.7588746649051339,1.1018253792126877,0.0778849898924035,1.4679429957415424,0.12958965304426207,0.28001739497225536,1.0042285323665947,1.1680224896993947,BAD,1
1.230812438656411,1.1177469793107768,-1.0986407684711117,1.0580815234879188,1.948636389957698,-1.3203875058249317,-1.8840722377984331,0.1374179222102085,1.0098162325155733,-0.8350718039687892,BAD,0
-1.1788874854414382,0.2897230708059687,0.6897550613574025,-0.3881870549392231,0.9451167968966374,0.8425241759139904,-1.0800163888625176,-0.23799936409645048,-0.11387846461130223,0.051745756120367324,BAD,0
0.976742278564447,-0.847601195128006,0.6627947599277193,0.857730153683083,-1.5698760855521314,0.8623650031387432,-0.19122427071255022,0.7159852597094372,-0.008554311785762598,-0.528763100701361,GOOD,1
1.7111315616641651,-1.0359669289636644,-0.9005934510092919,0.029010144997784114,1.1170755059309234,-0.4086231888016913,1.576855263690172,0.9394088684856284,0.5650332348040097,2.5013104610091657,BAD,1
0.7768341144826395,-0.34377002587021166,0.22056559423531535,1.2646894142759602,1.642587351745202,0.10234684750965094,-2.4384274685007448,1.2186248286776558,0.21016137272869548,-0.6153372335413879,BAD,0
-2.071603130644479,0.14214206189181292,-1.6873775881650313,-0.10086689421759194,0.7671026582045563,-0.4290980743913382,0.534782685063852,-0.3799424378696894,-0.9506050900288213,0.3721531051065771,BAD,0
-2.6168075085181903,0.4766863245014522,0.2073557964282098,0.2416418734010269,-0.6820766346807614,0.18044914361178074,0.4450571193515755,-0.08249656154284117,1.386180789381229,-0.39291658170772353,BAD,0
-0.22339718561611666,0.8820232669871915,-0.03913102462060617,1.8126000047892938,-1.542994007082941,1.4321756365649931,0.319416431535211,0.19847252157373269,0.4339060258120463,0.8599341757990546,GOOD,0
0.363080332946219,-0.9364953008664605,-1.435341111000473,-2.147338847273313,-0.7848431504408004,0.5827944234663447,2.2849209474363494,-1.2967263532858515,-0.5495472801368798,1.093104656541674,BAD,1
1.6204327678602057,0.8596587910097881,0.6716906847803844,-1.201372131738478,-1.9148950191413927,0.07968855372631192,1.4940978748589615,-1.489049930374828,1.0570667426205862,0.35615463395956015,BAD,1
1.1622304024158545,-0.7653408330792911,-1.1525343261020249,0.013028343590169569,0.807705855737303,1.427332743991725,0.0035795288646186256,-1.707818010009915,0.17295937609534703,-0.7376046272817289,GOOD,0
0.8525300638716301,-0.8674678198546663,0.7313454089593088,-0.6338211733434952,1.216942595558907,-0.6166371100015294,1.0291235230383686,1.6449856233823088,0.9257962951740971,0.6650108325695508,BAD,0
1.120134272298006,0.19275773156522105,-1.7219266478895472,-1.2148196728136955,-0.427554631245299,-0.5765743507288646,-0.2681616097063395,0.6718326963267729,-0.6758418567349213,1.1230376386962857,BAD,1
-1.1975850857991406,2.1227838498980245,-0.32478655011807567,1.213554362164506,-1.5173815730228206,1.3386295891311966,2.490824308875885,1.4708904167110126,1.6986059886406386,-0.16505062949188526,BAD,0
-0.04770762540534369,-0.20169920141835623,1.769276665280509,-1.4649183788683444,1.2557680174311883,-0.02060249048572971,-0.054960432366193517,1.9935813944804903,-0.42856057486024396,0.9043071531132232,BAD,0
-2.1324364304123806,-0.9687925765771362,0.5449186961307684,-1.687621861399154,-0.777869166697259,1.602373676806731,-0.5992465552202256,-0.9544937019087331,1.4222177551741755,1.2151758683345513,BAD,1
-1.377007243952118,0.9306166095845326,0.8824997611231036,0.38231352888255654,0.3917701777383473,0.7763607432471487,0.7105485480247355,-1.027107279817504,-1.1812534006828928,-1.9683089661525113,BAD,0
0.3646338990062865,-0.09860774639178294,0.9654348457912008,2.0165918471288578,-0.4194403010530844,0.43678627581058016,0.36723172353737477,-0.09354083210179538,0.06571381242218258,-0.1784625080108686,BAD,0
-0.6363391304778169,1.441629329076493,0.14601666193065363,-1.869614834345427,0.6538129769732569,1.1885241617516875,-1.525260738707965,-0.7402940541809168,-0.8375211104780672,0.3763448854628844,GOOD,1
0.32542356331698913,-0.010829559879649354,-0.06916062679915361,-1.2605693924961132,0.6990072835290463,-0.29436332326819253,-0.6662641317286592,0.6339200031807467,0.9775463088834383,-0.4734658722320367,GOOD,1
-0.8276865455717186,2.836908779744983,0.3165808062344531,-1.566741900384625,-0.06931177758277608,0.5141602030280285,-2.059513719017728,0.39697235707633066,0.3842279617728265,1.7508971809832354,BAD,0
0.15477981286727327,0.10653886494643838,-0.9393052701881146,-0.04883120670728521,-0.1806466378389372,-0.11806166002230524,0.541848859745205,0.9621830410278832,1.07206586479025,1.0206905534452957,BAD,1
